region_index,label,corner_label,condition,local_stack_token,stack_token,f_bottom_left,f_top,f_bottom_right,f_k,f_c,f_m,site_x,site_y,expected_hex,expected_R,expected_G,expected_B,expected_L,expected_a,expected_b,polygon_xy,max_height,max_run,distinct_lte,preset,sample_pixels,raw_region_pixels,core_region_pixels,candidate_mask_pixels,sample_mask_pixels,old_color_mask_pixels,old_color_mask_fraction,sample_core_fraction_requested,sample_core_fraction_used,erosion_px_used,lab_trim_percentile,lab_trim_cutoff_deltaE00,lab_trimmed_pixels,lab_trimmed_fraction,measured_hex,measured_R,measured_G,measured_B,measured_L,measured_a,measured_b,measured_L_mean,measured_a_mean,measured_b_mean,deltaE00_to_expected,deltaE76_to_expected,within_region_deltaE00_median,within_region_deltaE00_p90,within_region_deltaE00_sd,hue_angle_degrees,measured_chroma,source_path,filename,photo_id,filename_label,condition_source,capture_number,bottom_left_anchor,top_anchor,bottom_right_anchor,palette_family,analysis_id,analysis_scale
1,kcm_full_001_mc,kcm,full,my,mc,0.0,0.5,0.5,0.0,0.5,0.5,0.75,0.4330127018922193,#7e71b9,0.496078431372549,0.4411764705882353,0.7254901960784315,51.467797581737514,22.037982855022285,-36.3763344153146,"[[0.6666666666666666, 0.44263520637871306], [0.6666666666666666, 0.4041451884327384], [0.6833333333333337, 0.3752776749732563], [0.7166666666666667, 0.356032666000269], [0.7750000000000001, 0.38971143170299727], [0.7250000000000001, 0.47631397208144116]]",6,5,5,full,1800,9420,4020,1836,1800,1836,1.0,0.65,0.65,8,98.0,2.3300994873234973,36,0.0196078431372549,#8f92d1,0.56078434,0.57254905,0.81960785,62.47756154681856,13.110022921055398,-32.59284218834034,62.49627119294929,13.274891350302378,-32.5546567575158,11.097194638541234,14.670998077189223,0.6657185593889977,1.582927916214024,0.5258207515465827,291.91177960146365,35.1306997212503,LayerLoomPhotos100NCZ_5/centered_4x3_tif/DSC_4544kcm.tif,DSC_4544kcm.tif,DSC_4544,kcm,capture_number,4544,k,c,m,CMY+neutral,full__kcm__DSC_4544kcm,0.5469462169553327
2,kcm_full_002_kmc,kcm,full,cmy,kmc,0.3333333333333333,0.3333333333333333,0.3333333333333333,0.3333333333333333,0.3333333333333333,0.3333333333333333,0.5,0.28867513459481287,#5b5282,0.3568627450980392,0.3202614379084967,0.5098039215686275,37.51758243383293,15.430762230651512,-25.817531311003282,"[[0.55, 0.23094010767585016], [0.5750000000000001, 0.2742413778650722], [0.525, 0.3608439182435162], [0.475, 0.3608439182435162], [0.42499999999999993, 0.27424137786507224], [0.45, 0.23094010767585016]]",6,5,5,full,4095,16552,6996,4174,4095,4174,1.0,0.65,0.65,8,98.0,5.463204738697838,79,0.01892668902731193,#484758,0.28235295,0.2784314,0.34509805,30.982676866252035,4.33550571050037,-10.039585171619414,31.167903844291846,4.338232498392629,-10.05351711845681,11.74100104254574,20.36549268744693,2.0925567696910514,4.172337721174514,1.2420658657490593,293.3566725869852,10.935715805743204,LayerLoomPhotos100NCZ_5/centered_4x3_tif/DSC_4544kcm.tif,DSC_4544kcm.tif,DSC_4544,kcm,capture_number,4544,k,c,m,CMY+neutral,full__kcm__DSC_4544kcm,0.5469462169553327
3,kcm_full_003_kmcmc,kcm,full,cmymy,kmcmc,0.2,0.4,0.4,0.2,0.4,0.4,0.6000000000000001,0.34641016151377546,#695e98,0.41254901960784307,0.3686274509803922,0.596078431372549,43.1932856851595,18.13306665693476,-30.143886015990496,"[[0.6000000000000006, 0.27905263010831916], [0.6833333333333337, 0.3752776749732563], [0.6666666666666666, 0.40414518843273833], [0.5416666666666666, 0.3800889272165036], [0.5249999999999999, 0.36084391824351614], [0.575, 0.2742413778650722]]",6,5,5,full,2849,13648,5757,2908,2849,2908,1.0,0.65,0.65,8,98.0,13.246603962913461,59,0.0202888583218707,#5c5e81,0.36078432,0.36862746,0.5058824,41.04268892112204,7.073993337264605,-19.709972313501968,41.405809969907935,7.048211101369674,-18.993038510178035,6.707058083921987,15.355608886732773,6.8436516109045415,10.694221583137596,3.1904806647086246,289.7432794273448,20.940973958597965,LayerLoomPhotos100NCZ_5/centered_4x3_tif/DSC_4544kcm.tif,DSC_4544kcm.tif,DSC_4544,kcm,capture_number,4544,k,c,m,CMY+neutral,full__kcm__DSC_4544kcm,0.5469462169553327
4,kcm_full_004_mcmcc,kcm,full,mymyy,mcmcc,0.0,0.6,0.4,0.0,0.6,0.4,0.7,0.5196152422706631,#7182c0,0.4423529411764706,0.5098039215686274,0.7529411764705883,55.34661432853207,9.718729906051603,-34.38506179838541,"[[0.6166666666666667, 0.5099927377841692], [0.6666666666666667, 0.442635206378713], [0.7250000000000001, 0.47631397208144116], [0.6833333333333335, 0.5484827557301443]]",6,5,5,full,1071,7056,3038,1092,1071,1092,1.0,0.65,0.65,8,98.0,3.1371262267550226,21,0.019230769230769232,#8a96d5,0.5411765,0.5882353,0.8352941,63.41458848939426,10.20852239981651,-33.21303398833364,63.717743390127154,9.943225369018867,-33.12074154090179,7.226533186870757,8.167358993874531,1.0556064680818678,2.351661384777466,0.7236732466525402,287.08559313070435,34.746504231328956,LayerLoomPhotos100NCZ_5/centered_4x3_tif/DSC_4544kcm.tif,DSC_4544kcm.tif,DSC_4544,kcm,capture_number,4544,k,c,m,CMY+neutral,full__kcm__DSC_4544kcm,0.5469462169553327
5,kcm_full_005_mcc,kcm,full,myy,mcc,0.0,0.6666666666666666,0.3333333333333333,0.0,0.6666666666666666,0.3333333333333333,0.6666666666666666,0.5773502691896257,#688ec5,0.40653594771241824,0.5555555555555555,0.7712418300653595,58.21165026866812,1.88615167582179,-32.60539208245304,"[[0.5833333333333334, 0.5773502691896258], [0.5833333333333334, 0.5484827557301436], [0.5916666666666665, 0.52442649451391], [0.6166666666666667, 0.5099927377841692], [0.6833333333333335, 0.5484827557301444], [0.6458333333333334, 0.6134346610139774]]",6,5,5,full,1248,7455,3181,1273,1248,1273,1.0,0.65,0.65,8,98.0,2.332863780863517,25,0.019638648860958365,#8a9dd9,0.5411765,0.6156863,0.8509804,65.28558460890187,8.041490091426073,-32.86183386152446,65.22264905449524,7.911722329087099,-32.90773981260383,7.638511972194085,9.380538387886137,0.993803696608231,1.8634893121115692,0.5588357133359608,283.75041208697917,33.8314304698004,LayerLoomPhotos100NCZ_5/centered_4x3_tif/DSC_4544kcm.tif,DSC_4544kcm.tif,DSC_4544,kcm,capture_number,4544,k,c,m,CMY+neutral,full__kcm__DSC_4544kcm,0.5469462169553327
6,kcm_full_006_kcmcmc,kcm,full,cymymy,kcmcmc,0.16666666666666666,0.5,0.3333333333333333,0.16666666666666666,0.5,0.3333333333333333,0.5833333333333333,0.4330127018922193,#6170a3,0.38169934640522873,0.43790849673202614,0.6405228758169935,47.918210241073304,8.186777997890527,-29.505150838911277,"[[0.6166666666666668, 0.5099927377841692], [0.5916666666666663, 0.5244264945139101], [0.5416666666666666, 0.47631397208144155], [0.5416666666666665, 0.3800889272165036], [0.6666666666666667, 0.40414518843273833], [0.6666666666666667, 0.44263520637871284]]",6,5,5,full,3550,14926,6356,3623,3550,3623,1.0,0.65,0.65,8,98.0,12.70212635625305,73,0.020149047750483026,#68729c,0.40784314,0.44705883,0.6117647,48.6814342628261,6.9264266701995485,-23.9389754188285,47.570576798251565,6.56550042368297,-22.9385678248849,2.8202907381515634,5.757890688761518,6.049581068843199,10.974548799491163,3.2377993850994136,286.1371022921995,24.920873390010367,LayerLoomPhotos100NCZ_5/centered_4x3_tif/DSC_4544kcm.tif,DSC_4544kcm.tif,DSC_4544,kcm,capture_number,4544,k,c,m,CMY+neutral,full__kcm__DSC_4544kcm,0.5469462169553327
7,kcm_full_007_mccc,kcm,full,myyy,mccc,0.0,0.75,0.25,0.0,0.75,0.25,0.625,0.649519052838329,#5c9ccb,0.36176470588235293,0.6127450980392156,0.7941176470588236,62.027609648941635,-7.296634181354289,-30.004299401504554,"[[0.55, 0.6350852961085884], [0.5833333333333334, 0.5773502691896258], [0.6458333333333334, 0.6134346610139774], [0.6125, 0.6711696879329399]]",6,5,5,full,751,5707,2450,767,751,767,1.0,0.65,0.65,8,98.0,2.5777441496412656,16,0.020860495436766623,#88a2dd,0.53333336,0.63529414,0.8666667,66.68025919812816,6.028300881291249,-33.04439794637091,66.33974559724048,6.149251168172809,-33.126213728418065,10.057981045783418,14.437563555315156,1.260799063506484,2.20921090348043,0.6555477426320262,280.3387947330814,33.58976997768068,LayerLoomPhotos100NCZ_5/centered_4x3_tif/DSC_4544kcm.tif,DSC_4544kcm.tif,DSC_4544,kcm,capture_number,4544,k,c,m,CMY+neutral,full__kcm__DSC_4544kcm,0.5469462169553327
8,kcm_full_008_mcccc,kcm,full,myyyy,mcccc,0.0,0.8,0.2,0.0,0.8,0.2,0.6000000000000001,0.6928203230275509,#55a5ce,0.3349019607843137,0.6470588235294117,0.807843137254902,64.41427157262386,-12.44504966424509,-28.289394293942706,"[[0.5166666666666657, 0.6639528095680706], [0.55, 0.6350852961085883], [0.6125, 0.6711696879329399], [0.5916666666666659, 0.7072540797572928]]",6,5,5,full,248,3917,1673,254,248,254,1.0,0.65,0.65,8,98.0,3.94609623443297,6,0.023622047244094488,#87a8e3,0.5294118,0.65882355,0.8901961,68.42342695403792,3.499403089361558,-33.203821826228136,67.63319410778386,3.9052209881255937,-33.50796021210379,11.320933130174861,17.15955997263336,1.3567304990727684,3.4029401865534545,1.1731639155419087,276.0162830042509,33.38771639165723,LayerLoomPhotos100NCZ_5/centered_4x3_tif/DSC_4544kcm.tif,DSC_4544kcm.tif,DSC_4544,kcm,capture_number,4544,k,c,m,CMY+neutral,full__kcm__DSC_4544kcm,0.5469462169553327
9,kcm_full_009_mccccc,kcm,full,myyyyy,mccccc,0.0,0.8333333333333334,0.16666666666666666,0.0,0.8333333333333334,0.16666666666666666,0.5833333333333334,0.7216878364870322,#51abd0,0.3169934640522876,0.6699346405228758,0.8169934640522877,66.03760492781542,-15.722572041625526,-27.095443691372466,"[[0.5000000000000002, 0.7698003589195007], [0.5000000000000001, 0.6735753140545636], [0.5166666666666656, 0.6639528095680706], [0.5916666666666659, 0.7072540797572928], [0.5416666666666669, 0.7938566201357351]]",6,5,5,full,1639,8909,3777,1672,1639,1672,1.0,0.65,0.65,8,98.0,3.4846578901860563,33,0.019736842105263157,#85a7e2,0.52156866,0.654902,0.8862745,68.26487737738312,3.3173573486777186,-33.19792949799138,67.84033207198067,3.7325502568483464,-33.352190579116666,12.955617541881267,20.117653610009338,1.2499631376347202,2.992811817995905,0.90223048572028,275.7064311614221,33.36326397000798,LayerLoomPhotos100NCZ_5/centered_4x3_tif/DSC_4544kcm.tif,DSC_4544kcm.tif,DSC_4544,kcm,capture_number,4544,k,c,m,CMY+neutral,full__kcm__DSC_4544kcm,0.5469462169553327
10,kcm_full_010_c,kcm,full,y,c,0.0,1.0,0.0,0.0,1.0,0.0,0.5,0.8660254037844386,#3ac8dc,0.22745098039215686,0.7843137254901961,0.8627450980392157,74.42655654335444,-30.326087604312878,-20.705156122725967,"[[0.4583333333333333, 0.7938566201357353], [0.5000000000000002, 0.7698003589195007], [0.5416666666666667, 0.7938566201357351], [0.5, 0.8660254037844386]]",6,5,5,full,483,4694,2011,491,483,491,1.0,0.65,0.65,8,98.0,0.9510388866083584,8,0.016293279022403257,#87b1eb,0.5294118,0.69411767,0.92156863,71.27643905270834,0.6893199837541553,-33.33760162551322,71.28517135201686,0.7093658841980056,-33.22443447581044,19.28342398011819,33.63714356837826,0.28864502762306965,0.5996221240732288,0.20539044788516425,271.18453328335715,33.34472738202286,LayerLoomPhotos100NCZ_5/centered_4x3_tif/DSC_4544kcm.tif,DSC_4544kcm.tif,DSC_4544,kcm,capture_number,4544,k,c,m,CMY+neutral,full__kcm__DSC_4544kcm,0.5469462169553327
11,kcm_full_011_kcmc,kcm,full,cymy,kcmc,0.25,0.5,0.25,0.25,0.5,0.25,0.5,0.4330127018922193,#536f99,0.32450980392156864,0.4362745098039216,0.5980392156862745,46.35661515417814,1.2046981814756164,-25.6328796821381,"[[0.5416666666666665, 0.47631397208144155], [0.4583333333333335, 0.47631397208144155], [0.4583333333333335, 0.3800889272165036], [0.475, 0.3608439182435162], [0.5249999999999999, 0.3608439182435162], [0.5416666666666665, 0.38008892721650367]]",6,5,5,full,2617,10837,4688,2671,2617,2671,1.0,0.65,0.65,8,98.0,7.74065392512343,54,0.020217147135904157,#525b76,0.32156864,0.35686275,0.4627451,39.02707029836566,3.3442382987384223,-16.351079167125594,38.74233364097152,3.429209411919777,-16.24738077968144,9.501836119066168,12.018805286185085,3.814407084905791,6.259172222654703,1.7215113715273989,281.5591196858168,16.689569189417607,LayerLoomPhotos100NCZ_5/centered_4x3_tif/DSC_4544kcm.tif,DSC_4544kcm.tif,DSC_4544,kcm,capture_number,4544,k,c,m,CMY+neutral,full__kcm__DSC_4544kcm,0.5469462169553327
12,kcm_full_012_kcmcc,kcm,full,cymyy,kcmcc,0.2,0.6,0.2,0.2,0.6,0.2,0.5,0.5196152422706631,#4e81a6,0.3050980392156863,0.5058823529411764,0.6509803921568628,51.90893366568518,-6.345562108180158,-24.952362928391047,"[[0.4083333333333336, 0.5244264945139103], [0.45833333333333354, 0.4763139720814415], [0.5416666666666665, 0.47631397208144144], [0.5916666666666665, 0.5244264945139102], [0.5833333333333335, 0.5484827557301435], [0.4166666666666665, 0.5484827557301435]]",6,5,5,full,2639,12452,5259,2686,2639,2686,1.0,0.65,0.65,8,98.0,11.932767957073258,47,0.017498138495904692,#62739a,0.38431373,0.4509804,0.6039216,48.65286136308629,3.820518740274892,-23.036910321613835,46.56724114931586,3.416339364517925,-22.081869767636046,10.220617554955208,10.845283092012204,3.9636034869092254,10.573251424264509,3.1956823624260746,279.41641932203544,23.351565271109124,LayerLoomPhotos100NCZ_5/centered_4x3_tif/DSC_4544kcm.tif,DSC_4544kcm.tif,DSC_4544,kcm,capture_number,4544,k,c,m,CMY+neutral,full__kcm__DSC_4544kcm,0.5469462169553327
13,kcm_full_013_kcmccc,kcm,full,cymyyy,kcmccc,0.16666666666666666,0.6666666666666666,0.16666666666666666,0.16666666666666666,0.6666666666666666,0.16666666666666666,0.5,0.5773502691896257,#4b8daf,0.29215686274509806,0.5522875816993463,0.6862745098039215,55.65438754846801,-10.975268688450946,-24.365534574619787,"[[0.5499999999999997, 0.6350852961085888], [0.5166666666666663, 0.6639528095680701], [0.5000000000000001, 0.6735753140545636], [0.4833333333333337, 0.66395280956807], [0.44999999999999996, 0.6350852961085883], [0.4166666666666665, 0.5773502691896255], [0.41666666666666646, 0.5484827557301435], [0.5833333333333334, 0.5484827557301435], [0.5833333333333334, 0.5773502691896257]]",6,5,5,full,4135,17043,7218,4220,4135,4220,1.0,0.65,0.65,8,98.0,14.887778611605484,85,0.02014218009478673,#647ea9,0.39215687,0.49411765,0.6627451,52.35017509664756,1.3395579497006427,-25.372995174739323,50.12239139322837,1.5131719633152045,-24.290149416553863,10.453613011212274,12.790142763678851,4.843675464528229,13.32076600024725,4.111031854915219,273.0221038839144,25.4083313036876,LayerLoomPhotos100NCZ_5/centered_4x3_tif/DSC_4544kcm.tif,DSC_4544kcm.tif,DSC_4544,kcm,capture_number,4544,k,c,m,CMY+neutral,full__kcm__DSC_4544kcm,0.5469462169553327
14,kcm_full_014_kccccc,kcm,full,cyyyyy,kccccc,0.16666666666666666,0.8333333333333334,0.0,0.16666666666666666,0.8333333333333334,0.0,0.4166666666666667,0.7216878364870322,#34aabb,0.2026143790849673,0.6666666666666666,0.7320261437908497,64.19440390098289,-26.576034175372577,-17.957114322838798,"[[0.4583333333333333, 0.7938566201357353], [0.4083333333333336, 0.7072540797572919], [0.4833333333333335, 0.6639528095680699], [0.5000000000000002, 0.6735753140545637], [0.5000000000000002, 0.7698003589195006]]",6,5,5,full,1641,8868,3792,1674,1641,1674,1.0,0.65,0.65,8,98.0,16.10542909639529,33,0.01971326164874552,#638eb7,0.3882353,0.5568628,0.7176471,57.33097148055377,-3.4957341952283616,-25.8929938250839,55.198505654934685,-3.4074309675499057,-24.997202427422106,16.33853350996147,25.353207592677432,5.05300822392887,14.22678093836435,4.514038167736958,262.3111609945597,26.127902456751514,LayerLoomPhotos100NCZ_5/centered_4x3_tif/DSC_4544kcm.tif,DSC_4544kcm.tif,DSC_4544,kcm,capture_number,4544,k,c,m,CMY+neutral,full__kcm__DSC_4544kcm,0.5469462169553327
15,kcm_full_015_kcccc,kcm,full,cyyyy,kcccc,0.2,0.8,0.0,0.2,0.8,0.0,0.4,0.6928203230275509,#32a4b4,0.1976470588235294,0.6431372549019607,0.7058823529411765,62.11042910324521,-25.805137854912175,-17.393975631597037,"[[0.45000000000000007, 0.6350852961085884], [0.48333333333333367, 0.66395280956807], [0.40833333333333355, 0.7072540797572919], [0.38750000000000007, 0.6711696879329401]]",6,5,5,full,251,3959,1656,257,251,257,1.0,0.65,0.65,8,98.0,14.876814417705244,6,0.023346303501945526,#6088ac,0.3764706,0.53333336,0.6745098,55.2262291360784,-4.0580361726846315,-23.493124273857834,53.170311180763264,-4.199473949606968,-22.57905941934514,15.731918435531107,23.61203622997126,5.357974788320711,11.887205192897625,3.8951502804979334,260.1998366265898,23.84102652416093,LayerLoomPhotos100NCZ_5/centered_4x3_tif/DSC_4544kcm.tif,DSC_4544kcm.tif,DSC_4544,kcm,capture_number,4544,k,c,m,CMY+neutral,full__kcm__DSC_4544kcm,0.5469462169553327
16,kcm_full_016_kccc,kcm,full,cyyy,kccc,0.25,0.75,0.0,0.25,0.75,0.0,0.375,0.649519052838329,#319baa,0.19019607843137254,0.6078431372549019,0.6666666666666667,58.95879349397434,-24.633574246772593,-16.539634450304554,"[[0.41666666666666646, 0.5773502691896255], [0.45000000000000007, 0.6350852961085885], [0.3875000000000001, 0.6711696879329401], [0.3541666666666666, 0.6134346610139771]]",6,5,5,full,736,5670,2441,751,736,751,1.0,0.65,0.65,8,98.0,9.711951778163026,15,0.019973368841544607,#52708e,0.32156864,0.4392157,0.5568628,46.200818845702244,-2.9899748300198095,-19.84150643335966,45.491841598686754,-2.95357591683945,-19.42421186736334,19.44499366400634,25.33996194612966,5.2385733694756205,7.898298402285695,2.1956688231151533,261.4304097614297,20.065525834854284,LayerLoomPhotos100NCZ_5/centered_4x3_tif/DSC_4544kcm.tif,DSC_4544kcm.tif,DSC_4544,kcm,capture_number,4544,k,c,m,CMY+neutral,full__kcm__DSC_4544kcm,0.5469462169553327
17,kcm_full_017_kcc,kcm,full,cyy,kcc,0.3333333333333333,0.6666666666666666,0.0,0.3333333333333333,0.6666666666666666,0.0,0.3333333333333333,0.5773502691896257,#2d8c99,0.17777777777777778,0.5490196078431372,0.6013071895424836,53.63298621676569,-22.635268982233057,-15.087355983918593,"[[0.3833333333333331, 0.5099927377841694], [0.4083333333333336, 0.5244264945139103], [0.4166666666666664, 0.5484827557301433], [0.4166666666666664, 0.5773502691896256], [0.3541666666666665, 0.613434661013977], [0.3166666666666666, 0.5484827557301443]]",6,5,5,full,1226,7461,3158,1249,1226,1249,1.0,0.65,0.65,8,98.0,8.839429341661166,23,0.018414731785428344,#435466,0.2627451,0.32941177,0.4,35.06029647344381,-1.7937339139454112,-12.598281235528185,35.67588643136284,-1.8190117236443843,-12.739482076214102,23.42928290841379,28.02694919907324,2.4368868754475512,6.133832864814387,2.0576582299931223,261.8967327000763,12.725335808673165,LayerLoomPhotos100NCZ_5/centered_4x3_tif/DSC_4544kcm.tif,DSC_4544kcm.tif,DSC_4544,kcm,capture_number,4544,k,c,m,CMY+neutral,full__kcm__DSC_4544kcm,0.5469462169553327
18,kcm_full_018_kckcmc,kcm,full,cycymy,kckcmc,0.3333333333333333,0.5,0.16666666666666666,0.3333333333333333,0.5,0.16666666666666666,0.41666666666666663,0.4330127018922193,#446f8e,0.2673202614379085,0.434640522875817,0.5555555555555556,44.954888057019026,-5.6669840614458895,-21.441435011759523,"[[0.45833333333333354, 0.38008892721650345], [0.45833333333333354, 0.47631397208144144], [0.40833333333333355, 0.5244264945139103], [0.3833333333333331, 0.5099927377841694], [0.3333333333333333, 0.4426352063787134], [0.3333333333333333, 0.40414518843273783]]",6,5,5,full,3516,14921,6321,3586,3516,3586,1.0,0.65,0.65,8,98.0,10.582127197142373,70,0.019520356943669825,#4a5267,0.2901961,0.32156864,0.40392157,35.01656019451441,1.8654025211715526,-13.220373690000992,35.20332594156055,2.128796310057863,-13.296515849571861,13.303700164295648,14.936299996610437,6.008987770347647,9.006378292218171,2.6158902217282365,278.0314479592451,13.351329786551737,LayerLoomPhotos100NCZ_5/centered_4x3_tif/DSC_4544kcm.tif,DSC_4544kcm.tif,DSC_4544,kcm,capture_number,4544,k,c,m,CMY+neutral,full__kcm__DSC_4544kcm,0.5469462169553327
19,kcm_full_019_kckcc,kcm,full,cycyy,kckcc,0.4,0.6,0.0,0.4,0.6,0.0,0.3,0.5196152422706631,#2b808c,0.16784313725490196,0.5019607843137255,0.5490196078431373,49.30092876062784,-20.98856372096758,-13.896445901541377,"[[0.3333333333333333, 0.44263520637871334], [0.383333333333333, 0.5099927377841693], [0.31666666666666654, 0.5484827557301443], [0.2750000000000001, 0.4763139720814414]]",6,5,5,full,1053,7178,3032,1075,1053,1075,1.0,0.65,0.65,8,98.0,10.519915811178093,22,0.020465116279069766,#42505f,0.25882354,0.3137255,0.37254903,33.31532746732698,-1.3605537155435277,-10.534543564995236,34.002965901868066,-1.438520372165477,-11.067146319288078,21.243432281184898,25.536260744319698,4.792986001692052,8.521169124168377,2.6277396903169943,262.64089194330296,10.622039094997808,LayerLoomPhotos100NCZ_5/centered_4x3_tif/DSC_4544kcm.tif,DSC_4544kcm.tif,DSC_4544,kcm,capture_number,4544,k,c,m,CMY+neutral,full__kcm__DSC_4544kcm,0.5469462169553327
20,kcm_full_020_kc,kcm,full,cy,kc,0.5,0.5,0.0,0.5,0.5,0.0,0.25,0.4330127018922193,#276e78,0.15294117647058825,0.43137254901960786,0.47058823529411764,42.669972071198394,-18.418486343153294,-12.051757629650407,"[[0.2833333333333334, 0.3560326660002692], [0.3166666666666668, 0.3752776749732568], [0.3333333333333333, 0.40414518843273783], [0.3333333333333333, 0.44263520637871334], [0.27500000000000013, 0.47631397208144144], [0.225, 0.3897114317029974]]",6,5,5,full,1773,9448,4005,1809,1773,1809,1.0,0.65,0.65,8,98.0,2.6096889560216843,36,0.01990049751243781,#363b43,0.21176471,0.23137255,0.2627451,24.73204573441423,-0.07963891120990607,-5.708620065047998,24.829762510937186,-0.13442694788120377,-5.789768591722924,22.008371852217156,26.42570567760607,1.002408582064776,1.7834123610747847,0.5425818700891796,269.2007389764925,5.70917554496683,LayerLoomPhotos100NCZ_5/centered_4x3_tif/DSC_4544kcm.tif,DSC_4544kcm.tif,DSC_4544,kcm,capture_number,4544,k,c,m,CMY+neutral,full__kcm__DSC_4544kcm,0.5469462169553327
21,kcm_full_021_kmckc,kcm,full,cmycy,kmckc,0.4,0.4,0.2,0.4,0.4,0.2,0.4,0.34641016151377546,#465d7e,0.2752941176470588,0.3647058823529411,0.49411764705882355,38.97429770738988,0.7972617439870322,-21.228108930970848,"[[0.4000000000000001, 0.2790526301083191], [0.42499999999999993, 0.27424137786507224], [0.475, 0.36084391824351614], [0.45833333333333337, 0.38008892721650356], [0.33333333333333326, 0.4041451884327379], [0.31666666666666676, 0.37527767497325687]]",6,5,5,full,2886,13512,5806,2945,2886,2945,1.0,0.65,0.65,8,98.0,6.489989661945877,59,0.020033955857385398,#424452,0.25882354,0.26666668,0.32156864,29.036966112909603,2.553248200773184,-8.610833408587059,29.49441820576385,2.6968288911181326,-8.738619999583882,11.97313156763521,16.156413254890996,2.7891457995307936,4.783673431276604,1.2849736549195883,286.5159225828303,8.981399020486203,LayerLoomPhotos100NCZ_5/centered_4x3_tif/DSC_4544kcm.tif,DSC_4544kcm.tif,DSC_4544,kcm,capture_number,4544,k,c,m,CMY+neutral,full__kcm__DSC_4544kcm,0.5469462169553327
22,kcm_full_022_kkckc,kcm,full,ccycy,kkckc,0.6,0.4,0.0,0.6,0.4,0.0,0.2,0.34641016151377546,#235c64,0.1380392156862745,0.36078431372549014,0.39215686274509803,35.85791514832934,-15.68952102250737,-10.118639007132145,"[[0.24999999999999994, 0.27905263010831904], [0.2833333333333333, 0.35603266600026917], [0.22500000000000003, 0.3897114317029973], [0.18333333333333335, 0.3175426480542941]]",6,5,5,full,1074,7085,3019,1094,1074,1094,1.0,0.65,0.65,8,98.0,4.871152798111066,20,0.018281535648994516,#383d45,0.21960784,0.23921569,0.27058825,25.586917417882724,0.06000027274583042,-5.551791012769225,25.79756599925348,0.11532115536053504,-5.479831952326247,17.13848110659549,19.349338903747853,1.4851036510943778,2.77863780448979,0.9415398302404454,270.61919271757495,5.552115225947199,LayerLoomPhotos100NCZ_5/centered_4x3_tif/DSC_4544kcm.tif,DSC_4544kcm.tif,DSC_4544,kcm,capture_number,4544,k,c,m,CMY+neutral,full__kcm__DSC_4544kcm,0.5469462169553327
23,kcm_full_023_kkc,kcm,full,ccy,kkc,0.6666666666666666,0.3333333333333333,0.0,0.6666666666666666,0.3333333333333333,0.0,0.16666666666666666,0.28867513459481287,#215057,0.12810457516339868,0.3137254901960784,0.3398692810457516,31.201352139765312,-13.748019559950198,-8.76521785817328,"[[0.20833333333333337, 0.21650635094610968], [0.2333333333333333, 0.2309401076758503], [0.24999999999999997, 0.2501851166488378], [0.24999999999999997, 0.27905263010831904], [0.1833333333333333, 0.3175426480542941], [0.14583333333333334, 0.2525907427704613]]",6,5,5,full,1238,7379,3196,1259,1238,1179,0.9364575059571089,0.65,0.65,8,98.0,3.3135823493466607,21,0.016679904686258934,#383c42,0.21960784,0.23529412,0.25882354,25.15503010234331,0.19768821035859308,-4.728750713592111,25.4205816813273,0.1703123450457506,-4.702497308765907,14.867682876983631,15.726851000894907,1.2681948914294283,2.4233250682050835,0.7152991686691111,272.39388987155286,4.73288114575178,LayerLoomPhotos100NCZ_5/centered_4x3_tif/DSC_4544kcm.tif,DSC_4544kcm.tif,DSC_4544,kcm,capture_number,4544,k,c,m,CMY+neutral,full__kcm__DSC_4544kcm,0.5469462169553327
24,kcm_full_024_kmkckc,kcm,full,cmcycy,kmkckc,0.5,0.3333333333333333,0.16666666666666666,0.5,0.3333333333333333,0.16666666666666666,0.3333333333333333,0.28867513459481287,#3e516c,0.24248366013071895,0.31699346405228757,0.42483660130718953,33.916720895803245,0.5319156291485605,-18.171181575240503,"[[0.31666666666666676, 0.23094010767585027], [0.4000000000000001, 0.2790526301083191], [0.31666666666666676, 0.3752776749732568], [0.2833333333333334, 0.3560326660002692], [0.24999999999999994, 0.279052630108319], [0.24999999999999994, 0.2501851166488378]]",6,5,5,full,3376,14988,6373,3443,3376,3422,0.9939006680220738,0.65,0.65,8,98.0,5.568472534940141,67,0.019459773453383677,#373a42,0.21568628,0.22745098,0.25882354,24.296196406567347,0.6270903929825322,-5.247683174420703,23.9905830706907,0.8275509108371983,-5.122233238802113,11.293529837451363,16.111497776421977,1.8430163862054434,3.8990840311529524,1.1873854595122977,276.81444714183,5.285018548696791,LayerLoomPhotos100NCZ_5/centered_4x3_tif/DSC_4544kcm.tif,DSC_4544kcm.tif,DSC_4544,kcm,capture_number,4544,k,c,m,CMY+neutral,full__kcm__DSC_4544kcm,0.5469462169553327
25,kcm_full_025_kkkc,kcm,full,cccy,kkkc,0.75,0.25,0.0,0.75,0.25,0.0,0.125,0.21650635094610965,#1e4146,0.11568627450980393,0.2549019607843137,0.27450980392156865,25.232534499737326,-11.122406133232593,-6.97332034231124,"[[0.175, 0.15877132402714708], [0.20833333333333334, 0.21650635094610968], [0.14583333333333334, 0.2525907427704613], [0.11249999999999999, 0.1948557158514987]]",6,5,5,full,736,5670,2441,751,736,179,0.23834886817576564,0.65,0.65,8,98.0,5.239724635861713,15,0.019973368841544607,#37393d,0.21568628,0.22352941,0.23921569,23.81158312498134,0.2856314600410692,-2.7831356480544245,24.22022473955405,0.24456000638573844,-2.9855186952136803,12.601441806497744,12.236015377194903,1.7756324602281086,3.2099458612846155,1.0438908809460719,275.85971421906373,2.797754343475587,LayerLoomPhotos100NCZ_5/centered_4x3_tif/DSC_4544kcm.tif,DSC_4544kcm.tif,DSC_4544,kcm,capture_number,4544,k,c,m,CMY+neutral,full__kcm__DSC_4544kcm,0.5469462169553327
26,kcm_full_026_kkkkc,kcm,full,ccccy,kkkkc,0.8,0.2,0.0,0.8,0.2,0.0,0.1,0.17320508075688773,#1c383c,0.10823529411764705,0.21960784313725493,0.23529411764705882,21.563449518723758,-9.397080351688041,-5.825261967203166,"[[0.16666666666666669, 0.11547005383792511], [0.175, 0.15877132402714705], [0.11249999999999999, 0.19485571585149866], [0.09166666666666666, 0.15877132402714705]]",6,5,5,full,276,3957,1690,281,276,0,0.0,0.65,0.65,8,98.0,3.6440239644055077,5,0.017793594306049824,#353538,0.20784314,0.20784314,0.21960784,22.358117240489186,0.23268529075043398,-1.881135001922385,22.74193899163636,0.15752509444190507,-1.7975513259825864,11.1859143394201,10.436475489098767,1.5800445093258046,2.867270276491899,0.7732182359319588,277.0513327957924,1.8954712712117652,LayerLoomPhotos100NCZ_5/centered_4x3_tif/DSC_4544kcm.tif,DSC_4544kcm.tif,DSC_4544,kcm,capture_number,4544,k,c,m,CMY+neutral,full__kcm__DSC_4544kcm,0.5469462169553327
27,kcm_full_027_kkkkkc,kcm,full,cccccy,kkkkkc,0.8333333333333334,0.16666666666666666,0.0,0.8333333333333334,0.16666666666666666,0.0,0.08333333333333333,0.14433756729740643,#1a3235,0.10326797385620916,0.19607843137254902,0.20915032679738563,19.07783393939586,-8.160479684978379,-5.0187367368481395,"[[0.16666666666666663, 0.0962250448649376], [0.16666666666666663, 0.11547005383792514], [0.09166666666666666, 0.15877132402714705], [0.041666666666666664, 0.07216878364870322], [0.08333333333333333, 0.048112522432468816]]",6,5,5,full,1472,8793,3770,1503,1472,74,0.049234863606121095,0.65,0.65,8,98.0,4.977510380272666,31,0.020625415834996674,#353537,0.20784314,0.20784314,0.21568628,22.16630980123383,0.6524575344670908,-1.7372383324102292,22.509518763852146,0.5666735956260007,-1.958910752519717,10.935481561969917,9.898220919002142,1.8588701684936737,3.358582066325233,0.9802809655349595,290.5847568480452,1.8557203070178299,LayerLoomPhotos100NCZ_5/centered_4x3_tif/DSC_4544kcm.tif,DSC_4544kcm.tif,DSC_4544,kcm,capture_number,4544,k,c,m,CMY+neutral,full__kcm__DSC_4544kcm,0.5469462169553327
28,kcm_full_028_k,kcm,full,c,k,1.0,0.0,0.0,1.0,0.0,0.0,0.0,0.0,#141414,0.0784313725490196,0.0784313725490196,0.0784313725490196,6.318928745123017,-2.7236759098103747e-06,1.0894703639241499e-06,"[[0.08333333333333333, 0.048112522432468816], [0.041666666666666664, 0.07216878364870322], [0.0, 0.0], [0.08333333333333333, 0.0]]",6,5,5,full,629,4656,2035,642,629,0,0.0,0.65,0.65,8,98.0,2.7302554753062926,13,0.020249221183800622,#363434,0.21176471,0.20392157,0.20392157,22.03548723428534,0.8733647206889406,0.3118258120693884,21.96657417213531,0.8332617124365286,0.32104915889118785,10.333794149735672,15.743894565632758,0.858718239627349,1.7449621186478337,0.528873096807694,19.648578194546303,0.9273625355904802,LayerLoomPhotos100NCZ_5/centered_4x3_tif/DSC_4544kcm.tif,DSC_4544kcm.tif,DSC_4544,kcm,capture_number,4544,k,c,m,CMY+neutral,full__kcm__DSC_4544kcm,0.5469462169553327
29,kcm_full_029_kmkc,kcm,full,cmcy,kmkc,0.5,0.25,0.25,0.5,0.25,0.25,0.375,0.21650635094610965,#494267,0.2872549019607843,0.2598039215686274,0.4019607843137255,30.20856639479205,11.915008877799227,-20.16099382261619,"[[0.44166666666666676, 0.20688384645961588], [0.45, 0.23094010767585005], [0.4249999999999999, 0.27424137786507224], [0.4, 0.2790526301083191], [0.31666666666666676, 0.23094010767585027], [0.3583333333333334, 0.1587713240271471]]",6,5,5,full,2167,10909,4669,2210,2167,2210,1.0,0.65,0.65,8,98.0,7.835485021359571,43,0.019457013574660634,#383a41,0.21960784,0.22745098,0.25490198,24.40565026895728,1.2278410856576827,-4.834362891740729,24.573498567923693,1.2505146655296018,-5.075609980773883,13.436838195434385,19.565147754927107,2.7240567333507335,4.792681620044273,1.5708016076816447,284.2507717807466,4.987851070417882,LayerLoomPhotos100NCZ_5/centered_4x3_tif/DSC_4544kcm.tif,DSC_4544kcm.tif,DSC_4544,kcm,capture_number,4544,k,c,m,CMY+neutral,full__kcm__DSC_4544kcm,0.5469462169553327
30,kcm_full_030_kkmkc,kcm,full,ccmcy,kkmkc,0.6,0.2,0.2,0.6,0.2,0.2,0.30000000000000004,0.17320508075688773,#3f3956,0.2454901960784314,0.2235294117647059,0.33725490196078434,25.688597471196815,9.716522314270975,-16.59786291032661,"[[0.34166666666666673, 0.09141379262169073], [0.3583333333333334, 0.15877132402714716], [0.31666666666666676, 0.23094010767585027], [0.24999999999999997, 0.2501851166488378], [0.23333333333333336, 0.23094010767585035], [0.31666666666666665, 0.08660254037844387]]",6,5,5,full,2375,12536,5285,2424,2375,2071,0.8543729372937293,0.65,0.65,8,98.0,7.01644702432873,49,0.020214521452145213,#37383f,0.21568628,0.21960784,0.24705882,23.576843353719383,1.4452689224880022,-4.205951466812186,23.891191071836612,1.4622331237393607,-4.292746586768416,11.002464169105151,15.047677805816683,2.240394055000894,4.127841409234858,1.2905045536341588,288.9639884295774,4.447339654162835,LayerLoomPhotos100NCZ_5/centered_4x3_tif/DSC_4544kcm.tif,DSC_4544kcm.tif,DSC_4544,kcm,capture_number,4544,k,c,m,CMY+neutral,full__kcm__DSC_4544kcm,0.5469462169553327
31,kcm_full_031_kkkmkc,kcm,full,cccmcy,kkkmkc,0.6666666666666666,0.16666666666666666,0.16666666666666666,0.6666666666666666,0.16666666666666666,0.16666666666666666,0.25,0.14433756729740643,#38334b,0.21764705882352942,0.19934640522875816,0.29411764705882354,22.610131472301553,8.206866088599496,-14.133147110534338,"[[0.22499999999999992, 0.07216878364870322], [0.29166666666666674, 0.0721687836487032], [0.3166666666666667, 0.08660254037844384], [0.23333333333333334, 0.2309401076758503], [0.20833333333333331, 0.21650635094610965], [0.175, 0.1587713240271471], [0.16666666666666666, 0.11547005383792512], [0.16666666666666666, 0.09622504486493762], [0.1833333333333334, 0.0866025403784438]]",6,5,5,full,4036,17042,7226,4119,4036,2369,0.5751395969895605,0.65,0.65,8,98.0,5.728646886807765,83,0.02015052197135227,#37363b,0.21568628,0.21176471,0.23137255,22.728263492781828,1.616008208018327,-3.301053098728124,23.048757176435185,1.528671601520982,-3.39680871156155,9.649704680021918,12.680205970601964,1.8540742935828087,3.7159299055473323,1.1062170595637955,296.0837464260376,3.6753821691091053,LayerLoomPhotos100NCZ_5/centered_4x3_tif/DSC_4544kcm.tif,DSC_4544kcm.tif,DSC_4544,kcm,capture_number,4544,k,c,m,CMY+neutral,full__kcm__DSC_4544kcm,0.5469462169553327
32,kcm_full_032_kkkkkm,kcm,full,cccccm,kkkkkm,0.8333333333333334,0.0,0.16666666666666666,0.8333333333333334,0.0,0.16666666666666666,0.16666666666666666,0.0,#31152a,0.19281045751633985,0.08169934640522876,0.16339869281045752,11.63624231569353,17.798422254156065,-7.77458064449389,"[[0.18333333333333338, 0.08660254037844385], [0.16666666666666669, 0.09622504486493762], [0.08333333333333334, 0.04811252243246881], [0.08333333333333333, 0.0], [0.18333333333333335, 0.0]]",6,5,5,full,1751,8868,3731,1787,1751,18,0.010072747621712367,0.65,0.65,8,98.0,3.5930426660246515,36,0.020145495243424735,#353234,0.20784314,0.19607843,0.20392157,21.189153499834212,1.7737880560318442,-0.794498795380516,21.40219872872875,1.8000428385130143,-0.926527470273377,16.010871978811338,19.919050075144007,1.1551101359870322,2.6076070327675063,0.7909677555274113,335.8718778924884,1.9435926537169048,LayerLoomPhotos100NCZ_5/centered_4x3_tif/DSC_4544kcm.tif,DSC_4544kcm.tif,DSC_4544,kcm,capture_number,4544,k,c,m,CMY+neutral,full__kcm__DSC_4544kcm,0.5469462169553327
33,kcm_full_033_kkkkm,kcm,full,ccccm,kkkkm,0.8,0.0,0.2,0.8,0.0,0.2,0.2,0.0,#37152e,0.2156862745098039,0.08235294117647059,0.1803921568627451,12.89747700743833,20.83245368117059,-8.924348843146014,"[[0.225, 0.07216878364870322], [0.18333333333333338, 0.08660254037844384], [0.18333333333333335, 0.0], [0.22499999999999998, 0.0]]",6,5,5,full,485,3887,1662,495,485,2,0.00404040404040404,0.65,0.65,8,98.0,3.087764107950492,10,0.020202020202020204,#353234,0.20784314,0.19607843,0.20392157,21.121242491536925,1.790479291540359,-0.9528221310518004,21.046077121659877,1.8719012333613623,-0.9498338214921348,17.1860616954165,22.22098885095838,1.0551612574603624,2.1147900729775806,0.6534092179155796,331.9798612188142,2.0282224007383807,LayerLoomPhotos100NCZ_5/centered_4x3_tif/DSC_4544kcm.tif,DSC_4544kcm.tif,DSC_4544,kcm,capture_number,4544,k,c,m,CMY+neutral,full__kcm__DSC_4544kcm,0.5469462169553327
34,kcm_full_034_kkkm,kcm,full,cccm,kkkm,0.75,0.0,0.25,0.75,0.0,0.25,0.25,0.0,#401535,0.25,0.08333333333333333,0.20588235294117646,14.843923173616584,25.10403095001251,-10.486377606583396,"[[0.2916666666666667, 0.07216878364870322], [0.22499999999999998, 0.0721687836487032], [0.22499999999999998, 0.0], [0.29166666666666674, 0.0]]",6,5,5,full,1051,5734,2402,1072,1051,114,0.10634328358208955,0.65,0.65,8,98.0,5.852433562001498,21,0.01958955223880597,#343132,0.20392157,0.19215687,0.19607843,20.662014284187286,1.8142855830689253,-0.958654450851093,20.93798760964704,2.0222443174397147,-1.2204851548335616,18.58424799546499,25.827116214557318,1.5090793752708345,3.680413048082157,1.2466959354856337,332.14837395303675,2.0519869719538573,LayerLoomPhotos100NCZ_5/centered_4x3_tif/DSC_4544kcm.tif,DSC_4544kcm.tif,DSC_4544,kcm,capture_number,4544,k,c,m,CMY+neutral,full__kcm__DSC_4544kcm,0.5469462169553327
35,kcm_full_035_kkm,kcm,full,ccm,kkm,0.6666666666666666,0.0,0.3333333333333333,0.6666666666666666,0.0,0.3333333333333333,0.3333333333333333,0.0,#4e163f,0.3071895424836601,0.0849673202614379,0.24836601307189543,18.17887696112662,31.61544563181681,-12.762020079472592,"[[0.3666666666666667, 0.07698003589195004], [0.3416666666666667, 0.0914137926216907], [0.31666666666666665, 0.08660254037844384], [0.2916666666666667, 0.07216878364870323], [0.2916666666666667, 0.0], [0.3666666666666667, 0.0]]",6,5,5,full,1511,7372,3169,1542,1511,661,0.4286640726329442,0.65,0.65,8,98.0,5.329021344534916,31,0.020103761348897537,#373338,0.21568628,0.2,0.21960784,21.78373929752081,2.709686814261092,-2.5058164808436256,22.12205737715225,2.8816610275354075,-2.417869886580043,19.286485091834276,30.882481078106135,1.3007369446069972,3.1087982354092683,1.0471087045413279,317.23851181560207,3.690734190787513,LayerLoomPhotos100NCZ_5/centered_4x3_tif/DSC_4544kcm.tif,DSC_4544kcm.tif,DSC_4544,kcm,capture_number,4544,k,c,m,CMY+neutral,full__kcm__DSC_4544kcm,0.5469462169553327
36,kcm_full_036_kmkmkc,kcm,full,cmcmcy,kmkmkc,0.5,0.16666666666666666,0.3333333333333333,0.5,0.16666666666666666,0.3333333333333333,0.41666666666666663,0.14433756729740643,#553461,0.33202614379084966,0.2026143790849673,0.3790849673202614,27.294682862148527,23.675646140107393,-20.860076476670287,"[[0.44999999999999996, 0.06735753140545633], [0.4833333333333334, 0.08660254037844393], [0.44166666666666676, 0.20688384645961588], [0.3583333333333334, 0.1587713240271471], [0.3416666666666667, 0.09141379262169072], [0.3666666666666667, 0.07698003589195006]]",6,5,5,full,3510,14987,6363,3582,3510,2998,0.836962590731435,0.65,0.65,8,98.0,6.467764290222829,72,0.020100502512562814,#35343a,0.20784314,0.20392157,0.22745098,21.994601031650987,2.1898328989589375,-3.8812989983191493,22.129514902223498,2.1241518900343466,-3.937806566876102,17.597394611645097,27.892829234461754,1.9660701906364781,3.6256995664648213,1.09625454565879,299.4317360925837,4.456439165939117,LayerLoomPhotos100NCZ_5/centered_4x3_tif/DSC_4544kcm.tif,DSC_4544kcm.tif,DSC_4544,kcm,capture_number,4544,k,c,m,CMY+neutral,full__kcm__DSC_4544kcm,0.5469462169553327
37,kcm_full_037_kkmkm,kcm,full,ccmcm,kkmkm,0.6,0.0,0.4,0.6,0.0,0.4,0.4,0.0,#5a1648,0.3529411764705882,0.08627450980392157,0.2823529411764706,20.888609395991338,36.40138826130202,-14.369767690665302,"[[0.44999999999999996, 0.06735753140545633], [0.3666666666666667, 0.07698003589195006], [0.3666666666666667, 0.0], [0.44999999999999996, 0.0]]",6,5,5,full,1440,7061,3044,1468,1440,855,0.582425068119891,0.65,0.65,8,98.0,3.809407217725239,28,0.01907356948228883,#373237,0.21568628,0.19607843,0.21568628,21.501894677374217,3.0956695280170976,-2.512959858184538,21.557184593486518,3.073584592690516,-2.492383386623001,19.922256854049888,35.358604485378436,1.3749193944396665,2.702368804572549,0.805420283865746,320.9314756686114,3.987246803941343,LayerLoomPhotos100NCZ_5/centered_4x3_tif/DSC_4544kcm.tif,DSC_4544kcm.tif,DSC_4544,kcm,capture_number,4544,k,c,m,CMY+neutral,full__kcm__DSC_4544kcm,0.5469462169553327
38,kcm_full_038_km,kcm,full,cm,km,0.5,0.0,0.5,0.5,0.0,0.5,0.5,0.0,#6b1655,0.42156862745098034,0.08823529411764705,0.33333333333333337,24.972798904713585,43.063989836503616,-16.53866822562311,"[[0.55, 0.06735753140545635], [0.5166666666666666, 0.08660254037844395], [0.4833333333333334, 0.08660254037844395], [0.44999999999999996, 0.06735753140545636], [0.44999999999999996, 0.0], [0.55, 0.0]]",6,5,5,full,2112,9410,4044,2156,2112,1327,0.615491651205937,0.65,0.65,8,98.0,4.37309083396772,44,0.02040816326530612,#343035,0.20392157,0.1882353,0.20784314,20.40835109251026,3.0328471557421466,-2.5428047921846164,20.62544574591125,3.0595441074868472,-2.6159445456055437,21.48574369799481,42.65220699336989,1.0658870301203462,2.0762147609028023,0.7123662369027886,320.02280222363936,3.9577794381761953,LayerLoomPhotos100NCZ_5/centered_4x3_tif/DSC_4544kcm.tif,DSC_4544kcm.tif,DSC_4544,kcm,capture_number,4544,k,c,m,CMY+neutral,full__kcm__DSC_4544kcm,0.5469462169553327
39,kcm_full_039_kmkmc,kcm,full,cmcmy,kmkmc,0.4,0.2,0.4,0.4,0.2,0.4,0.5,0.17320508075688773,#623a70,0.38274509803921564,0.22745098039215686,0.43921568627450985,31.279128705777893,27.690333245042776,-24.322684307912958,"[[0.5166666666666666, 0.08660254037844392], [0.5583333333333332, 0.20688384645961583], [0.5499999999999999, 0.23094010767585013], [0.45000000000000007, 0.23094010767585016], [0.44166666666666676, 0.20688384645961586], [0.4833333333333334, 0.08660254037844392]]",6,5,5,full,3118,13631,5841,3182,3118,3182,1.0,0.65,0.65,8,98.0,9.448683501208079,64,0.02011313639220616,#3f3d49,0.24705882,0.23921569,0.28627452,26.187996361922576,3.784979689936546,-7.112167573693402,27.033277324872227,3.7777546172910816,-7.378836935483145,16.56014023985991,29.89293300089724,3.878403943572621,7.213323524308207,2.128527600057474,298.0211804803051,8.056612119838466,LayerLoomPhotos100NCZ_5/centered_4x3_tif/DSC_4544kcm.tif,DSC_4544kcm.tif,DSC_4544,kcm,capture_number,4544,k,c,m,CMY+neutral,full__kcm__DSC_4544kcm,0.5469462169553327
40,kcm_full_040_kmkmm,kcm,full,cmcmm,kmkmm,0.4,0.0,0.6,0.4,0.0,0.6,0.6,0.0,#7d1762,0.4901960784313725,0.09019607843137253,0.38431372549019616,29.045595891041245,49.26967652924896,-18.504774230581557,"[[0.6333333333333333, 0.07698003589195006], [0.55, 0.06735753140545635], [0.55, 0.0], [0.6333333333333334, 0.0]]",6,5,5,full,1437,7050,3031,1466,1437,1466,1.0,0.65,0.65,8,98.0,6.806875124843305,29,0.019781718963165076,#433a45,0.2627451,0.22745098,0.27058825,25.60571951359192,6.4109224626301975,-5.26057687784276,26.106592135816268,6.525390598632565,-5.360232899388524,19.74401418166821,44.990157958750686,3.461460205561493,5.7452516767619475,1.7556996695461224,320.6289052005762,8.292984740704055,LayerLoomPhotos100NCZ_5/centered_4x3_tif/DSC_4544kcm.tif,DSC_4544kcm.tif,DSC_4544,kcm,capture_number,4544,k,c,m,CMY+neutral,full__kcm__DSC_4544kcm,0.5469462169553327
41,kcm_full_041_kmm,kcm,full,cmm,kmm,0.3333333333333333,0.0,0.6666666666666666,0.3333333333333333,0.0,0.6666666666666666,0.6666666666666666,0.0,#89176b,0.5359477124183006,0.0915032679738562,0.41830065359477125,31.743751639240692,53.2149515234337,-19.734675168000603,"[[0.7083333333333331, 0.07216878364870336], [0.6833333333333338, 0.08660254037844362], [0.6583333333333332, 0.09141379262169061], [0.6333333333333334, 0.07698003589195007], [0.6333333333333334, 0.0], [0.7083333333333333, 0.0]]",6,5,5,full,1498,7479,3152,1529,1498,1529,1.0,0.65,0.65,8,98.0,4.548155509472206,31,0.020274689339437543,#4a3e4d,0.2901961,0.24313726,0.3019608,27.945165925942113,8.378091446579973,-7.104749043639947,28.045253617513342,8.426373776244038,-7.125167439072473,19.272976589207307,46.73637030064961,2.015920136718761,3.38257782142619,0.9888976652423788,319.70154823190904,10.984984081024388,LayerLoomPhotos100NCZ_5/centered_4x3_tif/DSC_4544kcm.tif,DSC_4544kcm.tif,DSC_4544,kcm,capture_number,4544,k,c,m,CMY+neutral,full__kcm__DSC_4544kcm,0.5469462169553327
42,kcm_full_042_kmkmcm,kcm,full,cmcmym,kmkmcm,0.3333333333333333,0.16666666666666666,0.5,0.3333333333333333,0.16666666666666666,0.5,0.5833333333333334,0.14433756729740643,#723576,0.4464052287581699,0.2058823529411765,0.4640522875816994,32.66479429550428,37.2344269606164,-25.986391660607655,"[[0.6583333333333332, 0.09141379262169057], [0.6416666666666665, 0.15877132402714716], [0.5583333333333332, 0.20688384645961586], [0.5166666666666666, 0.0866025403784439], [0.55, 0.06735753140545633], [0.6333333333333334, 0.07698003589195007]]",6,5,5,full,3497,14887,6352,3569,3497,3569,1.0,0.65,0.65,8,98.0,16.862624710929584,72,0.020173718128327262,#434355,0.2627451,0.2627451,0.33333334,28.92769632561074,4.474464581403464,-10.487238689508738,30.75885871944828,4.500965299568767,-10.920371029285539,17.676697703872236,36.433566654193406,6.832452413849403,13.966466800188167,4.132370400519351,293.10590813929105,11.401886186985163,LayerLoomPhotos100NCZ_5/centered_4x3_tif/DSC_4544kcm.tif,DSC_4544kcm.tif,DSC_4544,kcm,capture_number,4544,k,c,m,CMY+neutral,full__kcm__DSC_4544kcm,0.5469462169553327
43,kcm_full_043_kmmm,kcm,full,cmmm,kmmm,0.25,0.0,0.75,0.25,0.0,0.75,0.75,0.0,#971876,0.5931372549019607,0.09313725490196077,0.4607843137254902,35.091445505123374,57.975459492816825,-21.202984000335167,"[[0.7750000000000006, 0.07216878364870336], [0.7083333333333333, 0.07216878364870336], [0.7083333333333331, 0.0], [0.7750000000000006, 0.0]]",6,5,5,full,1081,5625,2447,1103,1081,1103,1.0,0.65,0.65,8,98.0,8.570944072374903,22,0.019945602901178604,#5e4860,0.36862746,0.28235295,0.3764706,33.83661302550963,13.99594488343936,-10.075756644018375,33.74351459395502,14.013815964054151,-9.96241341567361,16.849572935772677,45.382678396801396,3.7683815078937832,6.117577494091667,1.8791672390125742,324.2496816431967,17.245502170993827,LayerLoomPhotos100NCZ_5/centered_4x3_tif/DSC_4544kcm.tif,DSC_4544kcm.tif,DSC_4544,kcm,capture_number,4544,k,c,m,CMY+neutral,full__kcm__DSC_4544kcm,0.5469462169553327
44,kcm_full_044_kmmmm,kcm,full,cmmmm,kmmmm,0.2,0.0,0.8,0.2,0.0,0.8,0.8,0.0,#a0187c,0.6274509803921567,0.09411764705882351,0.4862745098039216,37.08540498115857,60.75459110192846,-22.053769184463256,"[[0.8166666666666662, 0.08660254037844367], [0.7750000000000006, 0.07216878364870337], [0.7750000000000006, 0.0], [0.8166666666666663, 0.0]]",6,5,5,full,523,3906,1723,534,523,534,1.0,0.65,0.65,8,98.0,9.982639440437092,11,0.020599250936329586,#745274,0.45490196,0.32156864,0.45490196,39.622968378912105,20.189087203584034,-13.453645461054652,39.01022284042367,20.547692176345134,-13.37320847079064,14.525779287889145,41.544692351516474,5.020437072008939,8.775888510526459,2.5270445042908203,326.3212233692714,24.261076198422792,LayerLoomPhotos100NCZ_5/centered_4x3_tif/DSC_4544kcm.tif,DSC_4544kcm.tif,DSC_4544,kcm,capture_number,4544,k,c,m,CMY+neutral,full__kcm__DSC_4544kcm,0.5469462169553327
45,kcm_full_045_kmmmmm,kcm,full,cmmmmm,kmmmmm,0.16666666666666666,0.0,0.8333333333333334,0.16666666666666666,0.0,0.8333333333333334,0.8333333333333334,0.0,#a61880,0.6503267973856208,0.09477124183006536,0.5032679738562092,38.40834624412449,62.579101598709165,-22.610174152949746,"[[0.8333333333333333, 0.0962250448649377], [0.8166666666666662, 0.0866025403784437], [0.8166666666666663, 0.0], [0.9166666666666666, 0.0], [0.9166666666666666, 0.048112522432468836]]",6,5,5,full,1764,8941,3731,1800,1764,1800,1.0,0.65,0.65,8,98.0,12.625344137625149,36,0.02,#875882,0.5294118,0.34509805,0.50980395,43.88562767040308,27.16915426549882,-15.925533085277433,42.58772779871465,25.899366268001618,-15.365158233027358,12.687314147900713,36.44927170969262,5.837004057525938,11.832126039742112,3.4170288122704364,329.6227770857126,31.49262687602828,LayerLoomPhotos100NCZ_5/centered_4x3_tif/DSC_4544kcm.tif,DSC_4544kcm.tif,DSC_4544,kcm,capture_number,4544,k,c,m,CMY+neutral,full__kcm__DSC_4544kcm,0.5469462169553327
46,kcm_full_046_m,kcm,full,m,m,0.0,0.0,1.0,0.0,0.0,1.0,1.0,0.0,#c31996,0.7647058823529411,0.09803921568627451,0.5882352941176471,44.94517938493525,71.41561872915153,-25.286338363609783,"[[0.9166666666666667, 0.048112522432468885], [0.9166666666666667, 0.0], [1.0, 0.0], [0.9583333333333334, 0.07216878364870329]]",6,5,5,full,615,4771,2012,626,615,626,1.0,0.65,0.65,8,98.0,1.173838124436197,11,0.01757188498402556,#e874b2,0.9098039,0.45490196,0.69803923,63.94840126385091,51.90663709928556,-12.035238681012617,63.94215959893414,51.88777643646624,-12.125066521240727,19.273346769848555,30.28719942173382,0.3814325858741911,0.7807936427431944,0.24188531831889715,346.94588718690386,53.28363674774715,LayerLoomPhotos100NCZ_5/centered_4x3_tif/DSC_4544kcm.tif,DSC_4544kcm.tif,DSC_4544,kcm,capture_number,4544,k,c,m,CMY+neutral,full__kcm__DSC_4544kcm,0.5469462169553327
47,kcm_full_047_kmcm,kcm,full,cmym,kmcm,0.25,0.25,0.5,0.25,0.25,0.5,0.625,0.21650635094610965,#754487,0.4588235294117647,0.2647058823529412,0.5294117647058824,37.12509581566638,33.46197691194275,-29.296765797458278,"[[0.6833333333333332, 0.23094010767585077], [0.6000000000000006, 0.27905263010831916], [0.575, 0.2742413778650722], [0.5499999999999999, 0.23094010767585016], [0.5583333333333332, 0.20688384645961583], [0.6416666666666664, 0.1587713240271472]]",6,5,5,full,2134,10896,4634,2178,2134,2178,1.0,0.65,0.65,8,98.0,11.364431946030546,44,0.020202020202020204,#4f536c,0.30980393,0.3254902,0.42352942,35.76431315135615,4.981397018699527,-14.521324004827157,36.19274581184247,4.91118897135343,-14.609464171118445,15.073615756918155,32.113997581776204,5.899754966929748,9.087450075370802,2.5200504921202955,288.9340259758092,15.351976000211762,LayerLoomPhotos100NCZ_5/centered_4x3_tif/DSC_4544kcm.tif,DSC_4544kcm.tif,DSC_4544,kcm,capture_number,4544,k,c,m,CMY+neutral,full__kcm__DSC_4544kcm,0.5469462169553327
48,kcm_full_048_kmmcm,kcm,full,cmmym,kmmcm,0.2,0.2,0.6,0.2,0.2,0.6,0.7,0.17320508075688773,#853b8a,0.5199999999999999,0.23137254901960785,0.5411764705882354,37.69451311829901,43.2529655080936,-30.09357031064983,"[[0.766666666666667, 0.23094010767584996], [0.7499999999999998, 0.25018511664883825], [0.6833333333333333, 0.23094010767585071], [0.6416666666666665, 0.15877132402714722], [0.6583333333333332, 0.0914137926216906], [0.6833333333333339, 0.08660254037844359]]",6,5,5,full,2455,12622,5417,2505,2455,2505,1.0,0.65,0.65,8,98.0,12.16288150804918,50,0.01996007984031936,#64597b,0.39215687,0.34901962,0.48235294,39.939053609434424,10.3258818250537,-17.317735890253893,39.82016810912505,10.564398492772854,-17.131265722080705,15.12565471916981,35.39000914133299,7.390835940570995,10.448402853825652,2.6934133599161987,300.8059541752198,20.162534856251632,LayerLoomPhotos100NCZ_5/centered_4x3_tif/DSC_4544kcm.tif,DSC_4544kcm.tif,DSC_4544,kcm,capture_number,4544,k,c,m,CMY+neutral,full__kcm__DSC_4544kcm,0.5469462169553327
49,kcm_full_049_kmmmcm,kcm,full,cmmmym,kmmmcm,0.16666666666666666,0.16666666666666666,0.6666666666666666,0.16666666666666666,0.16666666666666666,0.6666666666666666,0.75,0.14433756729740643,#8f358c,0.5607843137254901,0.20915032679738563,0.5490196078431373,38.39485057471999,49.169845025413856,-30.108006853228087,"[[0.8250000000000003, 0.1587713240271464], [0.7916666666666666, 0.21650635094610957], [0.7666666666666672, 0.2309401076758499], [0.6833333333333339, 0.08660254037844357], [0.7083333333333331, 0.07216878364870336], [0.7750000000000006, 0.07216878364870336], [0.8166666666666662, 0.08660254037844367], [0.8333333333333333, 0.09622504486493769], [0.8333333333333333, 0.11547005383792629]]",6,5,5,full,4075,17005,7274,4156,4075,4156,1.0,0.65,0.65,8,98.0,14.086421846958507,81,0.019489894128970165,#6e5c86,0.43137255,0.36078432,0.5254902,42.47506771613005,13.58475918615687,-19.68955743312353,42.38010564093426,13.689432399275521,-18.762280356332134,15.486078313613731,37.30268883643138,8.726923875718644,13.143848624104965,3.813650802060592,304.6036342478409,23.921211383584726,LayerLoomPhotos100NCZ_5/centered_4x3_tif/DSC_4544kcm.tif,DSC_4544kcm.tif,DSC_4544,kcm,capture_number,4544,k,c,m,CMY+neutral,full__kcm__DSC_4544kcm,0.5469462169553327
50,kcm_full_050_mmmmmc,kcm,full,mmmmmy,mmmmmc,0.0,0.16666666666666666,0.8333333333333334,0.0,0.16666666666666666,0.8333333333333334,0.9166666666666667,0.14433756729740643,#ac36a2,0.6751633986928104,0.21241830065359477,0.6339869281045752,44.29329499365149,59.912836127730685,-33.59685277421012,"[[0.8333333333333334, 0.11547005383792527], [0.8333333333333334, 0.09622504486493769], [0.9166666666666666, 0.0481125224324689], [0.9583333333333333, 0.07216878364870329], [0.9083333333333332, 0.15877132402714716]]",6,5,5,full,1487,8850,3780,1518,1487,1518,1.0,0.65,0.65,8,98.0,8.296019353815126,31,0.020421607378129116,#b677bf,0.7137255,0.46666667,0.7490196,59.49060743569764,36.80675873346351,-26.818904165559942,60.09659978037218,34.914275653998345,-26.854243844413833,16.676071146379705,28.474369270495494,2.2896064787826553,6.480728953231349,2.014624684808774,323.9213940744517,45.541092533061615,LayerLoomPhotos100NCZ_5/centered_4x3_tif/DSC_4544kcm.tif,DSC_4544kcm.tif,DSC_4544,kcm,capture_number,4544,k,c,m,CMY+neutral,full__kcm__DSC_4544kcm,0.5469462169553327
51,kcm_full_051_mmmmc,kcm,full,mmmmy,mmmmc,0.0,0.2,0.8,0.0,0.2,0.8,0.9,0.17320508075688773,#a83ca4,0.6572549019607843,0.23529411764705882,0.6431372549019608,44.510929531904225,56.86520806107603,-34.69393627011519,"[[0.8250000000000001, 0.15877132402714667], [0.8333333333333333, 0.11547005383792514], [0.9083333333333332, 0.15877132402714725], [0.8875000000000002, 0.19485571585149836]]",6,5,5,full,256,3895,1648,260,256,260,1.0,0.65,0.65,8,98.0,6.75148858798522,4,0.015384615384615385,#b27ec2,0.69803923,0.49411765,0.7607843,60.017288525940906,32.38806853015952,-28.00661395295578,60.43734754815398,31.923647498022703,-28.05801878081599,17.32825221237225,29.737145267181855,3.0884117403173827,5.576496725148073,1.6976388012799357,319.14936909800133,42.817723062117715,LayerLoomPhotos100NCZ_5/centered_4x3_tif/DSC_4544kcm.tif,DSC_4544kcm.tif,DSC_4544,kcm,capture_number,4544,k,c,m,CMY+neutral,full__kcm__DSC_4544kcm,0.5469462169553327
52,kcm_full_052_mmmc,kcm,full,mmmy,mmmc,0.0,0.25,0.75,0.0,0.25,0.75,0.875,0.21650635094610965,#a145a8,0.6303921568627451,0.2696078431372549,0.6568627450980392,45.06263653556892,51.86511691404066,-35.97102947994762,"[[0.7916666666666665, 0.21650635094610965], [0.8250000000000001, 0.1587713240271467], [0.8875000000000002, 0.19485571585149844], [0.8541666666666666, 0.2525907427704614]]",6,5,5,full,751,5707,2450,767,751,767,1.0,0.65,0.65,8,98.0,5.173635809490144,16,0.020860495436766623,#a782c5,0.654902,0.50980395,0.77254903,60.09654749386408,26.387241545060558,-29.36980933069715,60.27746549203858,26.680460415143543,-29.283381319414804,17.560897195966202,30.31034014124719,2.66970000139479,4.448724701931781,1.2635048493874872,311.93804050992526,39.482555850386326,LayerLoomPhotos100NCZ_5/centered_4x3_tif/DSC_4544kcm.tif,DSC_4544kcm.tif,DSC_4544,kcm,capture_number,4544,k,c,m,CMY+neutral,full__kcm__DSC_4544kcm,0.5469462169553327
53,kcm_full_053_mmc,kcm,full,mmy,mmc,0.0,0.3333333333333333,0.6666666666666666,0.0,0.3333333333333333,0.6666666666666666,0.8333333333333333,0.28867513459481287,#9553ad,0.5856209150326798,0.32679738562091504,0.6797385620915032,46.56431782014134,42.571600369637416,-37.144930571145984,"[[0.7499999999999999, 0.2790526301083193], [0.7499999999999999, 0.25018511664883825], [0.7666666666666673, 0.23094010767584988], [0.7916666666666665, 0.2165063509461097], [0.8541666666666666, 0.25259074277046145], [0.8166666666666667, 0.3175426480542943]]",6,5,5,full,1214,7397,3156,1235,1214,1235,1.0,0.65,0.65,8,98.0,3.9408522391234992,21,0.01700404858299595,#9a87c8,0.6039216,0.5294118,0.78431374,60.17405688014051,20.842033932523986,-31.272082989399543,60.351338323214726,20.747377599941952,-31.149150118664817,16.245523778969467,26.303790478648104,1.7442246156192562,3.1590069254659547,0.9736635245763727,303.68242915757793,37.5810265019514,LayerLoomPhotos100NCZ_5/centered_4x3_tif/DSC_4544kcm.tif,DSC_4544kcm.tif,DSC_4544,kcm,capture_number,4544,k,c,m,CMY+neutral,full__kcm__DSC_4544kcm,0.5469462169553327
54,kcm_full_054_kmcmcm,kcm,full,cmymym,kmcmcm,0.16666666666666666,0.3333333333333333,0.5,0.16666666666666666,0.3333333333333333,0.5,0.6666666666666666,0.28867513459481287,#785398,0.4712418300653594,0.3235294117647059,0.5947712418300654,41.80063959489275,29.574972484706613,-32.02529127334554,"[[0.7499999999999998, 0.2790526301083193], [0.7166666666666667, 0.35603266600026906], [0.6833333333333338, 0.3752776749732563], [0.6000000000000006, 0.27905263010831927], [0.6833333333333333, 0.23094010767585077], [0.7499999999999998, 0.2501851166488382]]",6,5,5,full,3333,14877,6313,3401,3333,3401,1.0,0.65,0.65,8,98.0,17.881015820995046,68,0.019994119376653924,#6a709a,0.41568628,0.4392157,0.6039216,48.23564800436172,7.906973687825502,-24.08412681592369,45.072291733379544,7.658260830961327,-21.890996833581674,12.955888608497494,23.957746096646854,6.256346594188284,16.466414113482337,5.06437315444746,288.1753407644144,25.348873690668377,LayerLoomPhotos100NCZ_5/centered_4x3_tif/DSC_4544kcm.tif,DSC_4544kcm.tif,DSC_4544,kcm,capture_number,4544,k,c,m,CMY+neutral,full__kcm__DSC_4544kcm,0.5469462169553327
55,kcm_full_055_mmcmc,kcm,full,mmymy,mmcmc,0.0,0.4,0.6,0.0,0.4,0.6,0.8,0.34641016151377546,#8c5fb2,0.5498039215686275,0.37254901960784315,0.6980392156862745,48.249788201706025,34.52823134339417,-37.289592968905396,"[[0.7166666666666666, 0.356032666000269], [0.7499999999999999, 0.2790526301083194], [0.8166666666666665, 0.3175426480542942], [0.775, 0.38971143170299727]]",6,5,5,full,1075,7155,2993,1093,1075,1093,1.0,0.65,0.65,8,98.0,4.682763678593886,18,0.01646843549862763,#958ecd,0.58431375,0.5568628,0.8039216,61.73822102243028,16.45658713591125,-31.77419593875872,61.519708624370125,17.151013448893124,-31.761931135554107,15.474381268325713,23.21511896849105,1.564891957699392,3.8348560140631474,1.2207362284704615,297.38067845490207,35.782939897617005,LayerLoomPhotos100NCZ_5/centered_4x3_tif/DSC_4544kcm.tif,DSC_4544kcm.tif,DSC_4544,kcm,capture_number,4544,k,c,m,CMY+neutral,full__kcm__DSC_4544kcm,0.5469462169553327
