region_index,label,corner_label,condition,local_stack_token,stack_token,f_bottom_left,f_top,f_bottom_right,f_c,f_y,f_m,site_x,site_y,expected_hex,expected_R,expected_G,expected_B,expected_L,expected_a,expected_b,polygon_xy,max_height,max_run,distinct_lte,preset
1,cym_full_001_my,cym,full,my,my,0.0,0.5,0.5,0.0,0.5,0.5,0.75,0.4330127018922193,#e17c4b,0.8823529411764706,0.48627450980392156,0.29411764705882354,62.45289702748056,35.06929839281481,43.41945673452145,"[[0.6666666666666666, 0.44263520637871306], [0.6666666666666666, 0.4041451884327384], [0.6833333333333337, 0.3752776749732563], [0.7166666666666667, 0.356032666000269], [0.7750000000000001, 0.38971143170299727], [0.7250000000000001, 0.47631397208144116]]",6,5,5,full
2,cym_full_002_cmy,cym,full,cmy,cmy,0.3333333333333333,0.3333333333333333,0.3333333333333333,0.3333333333333333,0.3333333333333333,0.3333333333333333,0.5,0.28867513459481287,#a9957b,0.6640522875816993,0.5856209150326798,0.4836601307189543,62.93735885110826,3.297719034612956,16.4669704461315,"[[0.55, 0.23094010767585016], [0.5750000000000001, 0.2742413778650722], [0.525, 0.3608439182435162], [0.475, 0.3608439182435162], [0.42499999999999993, 0.27424137786507224], [0.45, 0.23094010767585016]]",6,5,5,full
3,cym_full_003_cmymy,cym,full,cmymy,cmymy,0.2,0.4,0.4,0.2,0.4,0.4,0.6000000000000001,0.34641016151377546,#c08b68,0.7513725490196078,0.5458823529411765,0.407843137254902,62.2359264949453,15.607946703126874,26.656057718997307,"[[0.6000000000000006, 0.27905263010831916], [0.6833333333333337, 0.3752776749732563], [0.6666666666666666, 0.40414518843273833], [0.5416666666666666, 0.3800889272165036], [0.5249999999999999, 0.36084391824351614], [0.575, 0.2742413778650722]]",6,5,5,full
4,cym_full_004_mymyy,cym,full,mymyy,mymyy,0.0,0.6,0.4,0.0,0.6,0.4,0.7,0.5196152422706631,#e7903c,0.9058823529411765,0.5639215686274509,0.23529411764705882,67.43094787588788,26.34285180880125,56.23381246555199,"[[0.6166666666666667, 0.5099927377841692], [0.6666666666666667, 0.442635206378713], [0.7250000000000001, 0.47631397208144116], [0.6833333333333335, 0.5484827557301443]]",6,5,5,full
5,cym_full_005_myy,cym,full,myy,myy,0.0,0.6666666666666666,0.3333333333333333,0.0,0.6666666666666666,0.3333333333333333,0.6666666666666666,0.5773502691896257,#eb9d32,0.9215686274509803,0.615686274509804,0.19607843137254902,70.87834005274337,20.623964460334378,63.79337035503971,"[[0.5833333333333334, 0.5773502691896258], [0.5833333333333334, 0.5484827557301436], [0.5916666666666665, 0.52442649451391], [0.6166666666666667, 0.5099927377841692], [0.6833333333333335, 0.5484827557301444], [0.6458333333333334, 0.6134346610139774]]",6,5,5,full
6,cym_full_006_cymymy,cym,full,cymymy,cymymy,0.16666666666666666,0.5,0.3333333333333333,0.16666666666666666,0.5,0.3333333333333333,0.5833333333333333,0.4330127018922193,#ca9957,0.7928104575163398,0.6006535947712418,0.3398692810457517,66.59787656431783,10.790448866138059,41.62015697365364,"[[0.6166666666666668, 0.5099927377841692], [0.5916666666666663, 0.5244264945139101], [0.5416666666666666, 0.47631397208144155], [0.5416666666666665, 0.3800889272165036], [0.6666666666666667, 0.40414518843273833], [0.6666666666666667, 0.44263520637871284]]",6,5,5,full
7,cym_full_007_myyy,cym,full,myyy,myyy,0.0,0.75,0.25,0.0,0.75,0.25,0.625,0.649519052838329,#f0ae26,0.9411764705882353,0.6803921568627451,0.14705882352941177,75.29275943833024,13.646301897515034,71.93335971602419,"[[0.55, 0.6350852961085884], [0.5833333333333334, 0.5773502691896258], [0.6458333333333334, 0.6134346610139774], [0.6125, 0.6711696879329399]]",6,5,5,full
8,cym_full_008_myyyy,cym,full,myyyy,myyyy,0.0,0.8,0.2,0.0,0.8,0.2,0.6000000000000001,0.6928203230275509,#f3b71e,0.9529411764705882,0.7192156862745098,0.11764705882352941,77.98402366630827,9.564777772315624,76.10333175007294,"[[0.5166666666666657, 0.6639528095680706], [0.55, 0.6350852961085883], [0.6125, 0.6711696879329399], [0.5916666666666659, 0.7072540797572928]]",6,5,5,full
9,cym_full_009_myyyyy,cym,full,myyyyy,myyyyy,0.0,0.8333333333333334,0.16666666666666666,0.0,0.8333333333333334,0.16666666666666666,0.5833333333333334,0.7216878364870322,#f5be19,0.9607843137254902,0.7450980392156863,0.09803921568627451,79.79204921266052,6.88998560197307,78.60061215554556,"[[0.5000000000000002, 0.7698003589195007], [0.5000000000000001, 0.6735753140545636], [0.5166666666666656, 0.6639528095680706], [0.5916666666666659, 0.7072540797572928], [0.5416666666666669, 0.7938566201357351]]",6,5,5,full
10,cym_full_010_y,cym,full,y,y,0.0,1.0,0.0,0.0,1.0,0.0,0.5,0.8660254037844386,#ffdf00,1.0,0.8745098039215686,0.0,88.94096720886532,-5.949434572648293,88.5567575521992,"[[0.4583333333333333, 0.7938566201357353], [0.5000000000000002, 0.7698003589195007], [0.5416666666666667, 0.7938566201357351], [0.5, 0.8660254037844386]]",6,5,5,full
11,cym_full_011_cymy,cym,full,cymy,cymy,0.25,0.5,0.25,0.25,0.5,0.25,0.5,0.4330127018922193,#bfa85d,0.7480392156862745,0.657843137254902,0.36274509803921573,69.28405204760621,-1.4239610886986331,41.6289471640567,"[[0.5416666666666665, 0.47631397208144155], [0.4583333333333335, 0.47631397208144155], [0.4583333333333335, 0.3800889272165036], [0.475, 0.3608439182435162], [0.5249999999999999, 0.3608439182435162], [0.5416666666666665, 0.38008892721650367]]",6,5,5,full
12,cym_full_012_cymyy,cym,full,cymyy,cymyy,0.2,0.6,0.2,0.2,0.6,0.2,0.5,0.5196152422706631,#ccb34a,0.7984313725490196,0.7011764705882353,0.2901960784313726,73.1790254156686,-3.2212558733070717,55.20039454436346,"[[0.4083333333333336, 0.5244264945139103], [0.45833333333333354, 0.4763139720814415], [0.5416666666666665, 0.47631397208144144], [0.5916666666666665, 0.5244264945139102], [0.5833333333333335, 0.5484827557301435], [0.4166666666666665, 0.5484827557301435]]",6,5,5,full
13,cym_full_013_cymyyy,cym,full,cymyyy,cymyyy,0.16666666666666666,0.6666666666666666,0.16666666666666666,0.16666666666666666,0.6666666666666666,0.16666666666666666,0.5,0.5773502691896257,#d4ba3e,0.8320261437908497,0.7300653594771243,0.24183006535947715,75.79617245452674,-4.090430020091517,63.269250247781606,"[[0.5499999999999997, 0.6350852961085888], [0.5166666666666663, 0.6639528095680701], [0.5000000000000001, 0.6735753140545636], [0.4833333333333337, 0.66395280956807], [0.44999999999999996, 0.6350852961085883], [0.4166666666666665, 0.5773502691896255], [0.41666666666666646, 0.5484827557301435], [0.5833333333333334, 0.5484827557301435], [0.5833333333333334, 0.5773502691896257]]",6,5,5,full
14,cym_full_014_cyyyyy,cym,full,cyyyyy,cyyyyy,0.16666666666666666,0.8333333333333334,0.0,0.16666666666666666,0.8333333333333334,0.0,0.4166666666666667,0.7216878364870322,#dedb25,0.8712418300653595,0.8594771241830065,0.14379084967320263,85.22002960492412,-17.423035804343623,79.69705339328037,"[[0.4583333333333333, 0.7938566201357353], [0.4083333333333336, 0.7072540797572919], [0.4833333333333335, 0.6639528095680699], [0.5000000000000002, 0.6735753140545637], [0.5000000000000002, 0.7698003589195006]]",6,5,5,full
15,cym_full_015_cyyyy,cym,full,cyyyy,cyyyy,0.2,0.8,0.0,0.2,0.8,0.0,0.4,0.6928203230275509,#d8da2c,0.8454901960784313,0.8564705882352941,0.17254901960784313,84.52082667829146,-19.591593417616572,77.13877361131732,"[[0.45000000000000007, 0.6350852961085884], [0.48333333333333367, 0.66395280956807], [0.40833333333333355, 0.7072540797572919], [0.38750000000000007, 0.6711696879329401]]",6,5,5,full
16,cym_full_016_cyyy,cym,full,cyyy,cyyy,0.25,0.75,0.0,0.25,0.75,0.0,0.375,0.649519052838329,#ced937,0.8068627450980392,0.8519607843137255,0.21568627450980393,83.5042416800598,-22.722707681334942,72.79352079044212,"[[0.41666666666666646, 0.5773502691896255], [0.45000000000000007, 0.6350852961085885], [0.3875000000000001, 0.6711696879329401], [0.3541666666666666, 0.6134346610139771]]",6,5,5,full
17,cym_full_017_cyy,cym,full,cyy,cyy,0.3333333333333333,0.6666666666666666,0.0,0.3333333333333333,0.6666666666666666,0.0,0.3333333333333333,0.5773502691896257,#bdd749,0.742483660130719,0.8444444444444444,0.28758169934640526,81.90233054832865,-27.535536020099894,64.35586331832887,"[[0.3833333333333331, 0.5099927377841694], [0.4083333333333336, 0.5244264945139103], [0.4166666666666664, 0.5484827557301433], [0.4166666666666664, 0.5773502691896256], [0.3541666666666665, 0.613434661013977], [0.3166666666666666, 0.5484827557301443]]",6,5,5,full
18,cym_full_018_cycymy,cym,full,cycymy,cycymy,0.3333333333333333,0.5,0.16666666666666666,0.3333333333333333,0.5,0.16666666666666666,0.41666666666666663,0.4330127018922193,#b3b662,0.7032679738562092,0.7150326797385621,0.38562091503267976,72.29860338741358,-13.275987293673408,42.141698634153336,"[[0.45833333333333354, 0.38008892721650345], [0.45833333333333354, 0.47631397208144144], [0.40833333333333355, 0.5244264945139103], [0.3833333333333331, 0.5099927377841694], [0.3333333333333333, 0.4426352063787134], [0.3333333333333333, 0.40414518843273783]]",6,5,5,full
19,cym_full_019_cycyy,cym,full,cycyy,cycyy,0.4,0.6,0.0,0.4,0.6,0.0,0.3,0.5196152422706631,#b0d658,0.6909803921568628,0.8384313725490194,0.34509803921568627,80.71081715514305,-30.926605445549537,56.74685739894987,"[[0.3333333333333333, 0.44263520637871334], [0.383333333333333, 0.5099927377841693], [0.31666666666666654, 0.5484827557301443], [0.2750000000000001, 0.4763139720814414]]",6,5,5,full
20,cym_full_020_cy,cym,full,cy,cy,0.5,0.5,0.0,0.5,0.5,0.0,0.25,0.4330127018922193,#9dd36e,0.6137254901960785,0.8294117647058823,0.43137254901960786,79.08731311025821,-35.04058229831547,44.36686585857201,"[[0.2833333333333334, 0.3560326660002692], [0.3166666666666668, 0.3752776749732568], [0.3333333333333333, 0.40414518843273783], [0.3333333333333333, 0.44263520637871334], [0.27500000000000013, 0.47631397208144144], [0.225, 0.3897114317029974]]",6,5,5,full
21,cym_full_021_cmycy,cym,full,cmycy,cmycy,0.4,0.4,0.2,0.4,0.4,0.2,0.4,0.34641016151377546,#a4ae76,0.643921568627451,0.6831372549019608,0.4627450980392157,69.16322958450132,-12.858635906861815,27.732840799500536,"[[0.4000000000000001, 0.2790526301083191], [0.42499999999999993, 0.27424137786507224], [0.475, 0.36084391824351614], [0.45833333333333337, 0.38008892721650356], [0.33333333333333326, 0.4041451884327379], [0.31666666666666676, 0.37527767497325687]]",6,5,5,full
22,cym_full_022_ccycy,cym,full,ccycy,ccycy,0.6,0.4,0.0,0.6,0.4,0.0,0.2,0.34641016151377546,#89d184,0.5364705882352941,0.820392156862745,0.5176470588235295,77.67664033697756,-37.72301156590308,31.332784159337134,"[[0.24999999999999994, 0.27905263010831904], [0.2833333333333333, 0.35603266600026917], [0.22500000000000003, 0.3897114317029973], [0.18333333333333335, 0.3175426480542941]]",6,5,5,full
23,cym_full_023_ccy,cym,full,ccy,ccy,0.6666666666666666,0.3333333333333333,0.0,0.6666666666666666,0.3333333333333333,0.0,0.16666666666666666,0.28867513459481287,#7cd093,0.4849673202614379,0.8143790849673204,0.5751633986928105,76.86250739489427,-38.58330122000342,22.49598611228505,"[[0.20833333333333337, 0.21650635094610968], [0.2333333333333333, 0.2309401076758503], [0.24999999999999997, 0.2501851166488378], [0.24999999999999997, 0.27905263010831904], [0.1833333333333333, 0.3175426480542941], [0.14583333333333334, 0.2525907427704613]]",6,5,5,full
24,cym_full_024_cmcycy,cym,full,cmcycy,cmcycy,0.5,0.3333333333333333,0.16666666666666666,0.5,0.3333333333333333,0.16666666666666666,0.3333333333333333,0.28867513459481287,#93b287,0.5745098039215687,0.6999999999999998,0.5294117647058824,69.43082604925137,-19.18970189930347,18.72807335754374,"[[0.31666666666666676, 0.23094010767585027], [0.4000000000000001, 0.2790526301083191], [0.31666666666666676, 0.3752776749732568], [0.2833333333333334, 0.3560326660002692], [0.24999999999999994, 0.279052630108319], [0.24999999999999994, 0.2501851166488378]]",6,5,5,full
25,cym_full_025_cccy,cym,full,cccy,cccy,0.75,0.25,0.0,0.75,0.25,0.0,0.125,0.21650635094610965,#6bcea5,0.42058823529411765,0.8068627450980392,0.6470588235294118,75.99398463781759,-38.508338624210936,11.446263813771207,"[[0.175, 0.15877132402714708], [0.20833333333333334, 0.21650635094610968], [0.14583333333333334, 0.2525907427704613], [0.11249999999999999, 0.1948557158514987]]",6,5,5,full
26,cym_full_026_ccccy,cym,full,ccccy,ccccy,0.8,0.2,0.0,0.8,0.2,0.0,0.1,0.17320508075688773,#61cdb0,0.3819607843137255,0.8023529411764706,0.6901960784313725,75.5547352424016,-37.82289322407589,4.864422141720537,"[[0.16666666666666669, 0.11547005383792511], [0.175, 0.15877132402714705], [0.11249999999999999, 0.19485571585149866], [0.09166666666666666, 0.15877132402714705]]",6,5,5,full
27,cym_full_027_cccccy,cym,full,cccccy,cccccy,0.8333333333333334,0.16666666666666666,0.0,0.8333333333333334,0.16666666666666666,0.0,0.08333333333333333,0.14433756729740643,#5bccb7,0.3562091503267974,0.7993464052287581,0.7189542483660132,75.29660301626511,-37.09575172861812,0.50977836820707,"[[0.16666666666666663, 0.0962250448649376], [0.16666666666666663, 0.11547005383792514], [0.09166666666666666, 0.15877132402714705], [0.041666666666666664, 0.07216878364870322], [0.08333333333333333, 0.048112522432468816]]",6,5,5,full
28,cym_full_028_c,cym,full,c,c,1.0,0.0,0.0,1.0,0.0,0.0,0.0,0.0,#3ac8dc,0.22745098039215686,0.7843137254901961,0.8627450980392157,74.42655654335444,-30.326087604312878,-20.705156122725967,"[[0.08333333333333333, 0.048112522432468816], [0.041666666666666664, 0.07216878364870322], [0.0, 0.0], [0.08333333333333333, 0.0]]",6,5,5,full
29,cym_full_029_cmcy,cym,full,cmcy,cmcy,0.5,0.25,0.25,0.5,0.25,0.25,0.375,0.21650635094610965,#8ea294,0.5549019607843138,0.6352941176470588,0.5784313725490197,64.69908314775058,-10.097614694847156,5.120478837052933,"[[0.44166666666666676, 0.20688384645961588], [0.45, 0.23094010767585005], [0.4249999999999999, 0.27424137786507224], [0.4, 0.2790526301083191], [0.31666666666666676, 0.23094010767585027], [0.3583333333333334, 0.1587713240271471]]",6,5,5,full
30,cym_full_030_ccmcy,cym,full,ccmcy,ccmcy,0.6,0.2,0.2,0.6,0.2,0.2,0.30000000000000004,0.17320508075688773,#7daaa2,0.4894117647058824,0.6650980392156863,0.6352941176470589,66.17614994525498,-16.645031739037474,-0.9531696760985087,"[[0.34166666666666673, 0.09141379262169073], [0.3583333333333334, 0.15877132402714716], [0.31666666666666676, 0.23094010767585027], [0.24999999999999997, 0.2501851166488378], [0.23333333333333336, 0.23094010767585035], [0.31666666666666665, 0.08660254037844387]]",6,5,5,full
31,cym_full_031_cccmcy,cym,full,cccmcy,cccmcy,0.6666666666666666,0.16666666666666666,0.16666666666666666,0.6666666666666666,0.16666666666666666,0.16666666666666666,0.25,0.14433756729740643,#72afac,0.44575163398692813,0.6849673202614378,0.6732026143790849,67.31404148000995,-20.302360028611076,-4.717658241118139,"[[0.22499999999999992, 0.07216878364870322], [0.29166666666666674, 0.0721687836487032], [0.3166666666666667, 0.08660254037844384], [0.23333333333333334, 0.2309401076758503], [0.20833333333333331, 0.21650635094610965], [0.175, 0.1587713240271471], [0.16666666666666666, 0.11547005383792512], [0.16666666666666666, 0.09622504486493762], [0.1833333333333334, 0.0866025403784438]]",6,5,5,full
32,cym_full_032_cccccm,cym,full,cccccm,cccccm,0.8333333333333334,0.0,0.16666666666666666,0.8333333333333334,0.0,0.16666666666666666,0.16666666666666666,0.0,#51abd0,0.31699346405228757,0.6699346405228758,0.8169934640522877,66.03760492781542,-15.722572041625526,-27.095443691372466,"[[0.18333333333333338, 0.08660254037844385], [0.16666666666666669, 0.09622504486493762], [0.08333333333333334, 0.04811252243246881], [0.08333333333333333, 0.0], [0.18333333333333335, 0.0]]",6,5,5,full
33,cym_full_033_ccccm,cym,full,ccccm,ccccm,0.8,0.0,0.2,0.8,0.0,0.2,0.2,0.0,#55a5ce,0.33490196078431367,0.6470588235294118,0.807843137254902,64.41427157262386,-12.44504966424509,-28.289394293942706,"[[0.225, 0.07216878364870322], [0.18333333333333338, 0.08660254037844384], [0.18333333333333335, 0.0], [0.22499999999999998, 0.0]]",6,5,5,full
34,cym_full_034_cccm,cym,full,cccm,cccm,0.75,0.0,0.25,0.75,0.0,0.25,0.25,0.0,#5c9ccb,0.36176470588235293,0.6127450980392157,0.7941176470588236,62.02760964894165,-7.296634181354344,-30.004299401504532,"[[0.2916666666666667, 0.07216878364870322], [0.22499999999999998, 0.0721687836487032], [0.22499999999999998, 0.0], [0.29166666666666674, 0.0]]",6,5,5,full
35,cym_full_035_ccm,cym,full,ccm,ccm,0.6666666666666666,0.0,0.3333333333333333,0.6666666666666666,0.0,0.3333333333333333,0.3333333333333333,0.0,#688ec5,0.40653594771241824,0.5555555555555556,0.7712418300653595,58.21165026866812,1.8861516758218455,-32.60539208245304,"[[0.3666666666666667, 0.07698003589195004], [0.3416666666666667, 0.0914137926216907], [0.31666666666666665, 0.08660254037844384], [0.2916666666666667, 0.07216878364870323], [0.2916666666666667, 0.0], [0.3666666666666667, 0.0]]",6,5,5,full
36,cym_full_036_cmcmcy,cym,full,cmcmcy,cmcmcy,0.5,0.16666666666666666,0.3333333333333333,0.5,0.16666666666666666,0.3333333333333333,0.41666666666666663,0.14433756729740643,#8992a0,0.5352941176470588,0.5705882352941176,0.627450980392157,60.08498420632439,-0.16211406952687524,-8.743563258364295,"[[0.44999999999999996, 0.06735753140545633], [0.4833333333333334, 0.08660254037844393], [0.44166666666666676, 0.20688384645961588], [0.3583333333333334, 0.1587713240271471], [0.3416666666666667, 0.09141379262169072], [0.3666666666666667, 0.07698003589195006]]",6,5,5,full
37,cym_full_037_ccmcm,cym,full,ccmcm,ccmcm,0.6,0.0,0.4,0.6,0.0,0.4,0.4,0.0,#7182c0,0.4423529411764706,0.5098039215686275,0.7529411764705883,55.346614328532084,9.718729906051603,-34.38506179838539,"[[0.44999999999999996, 0.06735753140545633], [0.3666666666666667, 0.07698003589195006], [0.3666666666666667, 0.0], [0.44999999999999996, 0.0]]",6,5,5,full
38,cym_full_038_cm,cym,full,cm,cm,0.5,0.0,0.5,0.5,0.0,0.5,0.5,0.0,#7e71b9,0.496078431372549,0.4411764705882353,0.7254901960784315,51.467797581737514,22.037982855022285,-36.3763344153146,"[[0.55, 0.06735753140545635], [0.5166666666666666, 0.08660254037844395], [0.4833333333333334, 0.08660254037844395], [0.44999999999999996, 0.06735753140545636], [0.44999999999999996, 0.0], [0.55, 0.0]]",6,5,5,full
39,cym_full_039_cmcmy,cym,full,cmcmy,cmcmy,0.4,0.2,0.4,0.4,0.2,0.4,0.5,0.17320508075688773,#988794,0.5968627450980393,0.527843137254902,0.5803921568627451,58.0842609094331,9.108607076904086,-4.712263075904821,"[[0.5166666666666666, 0.08660254037844392], [0.5583333333333332, 0.20688384645961583], [0.5499999999999999, 0.23094010767585013], [0.45000000000000007, 0.23094010767585016], [0.44166666666666676, 0.20688384645961586], [0.4833333333333334, 0.08660254037844392]]",6,5,5,full
40,cym_full_040_cmcmm,cym,full,cmcmm,cmcmm,0.4,0.0,0.6,0.4,0.0,0.6,0.6,0.0,#8c5fb2,0.5498039215686275,0.37254901960784315,0.6980392156862746,48.249788201706025,34.528231343394225,-37.28959296890542,"[[0.6333333333333333, 0.07698003589195006], [0.55, 0.06735753140545635], [0.55, 0.0], [0.6333333333333334, 0.0]]",6,5,5,full
41,cym_full_041_cmm,cym,full,cmm,cmm,0.3333333333333333,0.0,0.6666666666666666,0.3333333333333333,0.0,0.6666666666666666,0.6666666666666666,0.0,#9553ad,0.5856209150326798,0.32679738562091504,0.6797385620915034,46.564317820141355,42.571600369637416,-37.144930571146006,"[[0.7083333333333331, 0.07216878364870336], [0.6833333333333338, 0.08660254037844362], [0.6583333333333332, 0.09141379262169061], [0.6333333333333334, 0.07698003589195007], [0.6333333333333334, 0.0], [0.7083333333333333, 0.0]]",6,5,5,full
42,cym_full_042_cmcmym,cym,full,cmcmym,cmcmym,0.3333333333333333,0.16666666666666666,0.5,0.3333333333333333,0.16666666666666666,0.5,0.5833333333333334,0.14433756729740643,#9f7494,0.6248366013071895,0.4562091503267974,0.5816993464052288,54.15670887277048,22.256744354946846,-10.68184361106237,"[[0.6583333333333332, 0.09141379262169057], [0.6416666666666665, 0.15877132402714716], [0.5583333333333332, 0.20688384645961586], [0.5166666666666666, 0.0866025403784439], [0.55, 0.06735753140545633], [0.6333333333333334, 0.07698003589195007]]",6,5,5,full
43,cym_full_043_cmmm,cym,full,cmmm,cmmm,0.25,0.0,0.75,0.25,0.0,0.75,0.75,0.0,#a145a8,0.6303921568627451,0.2696078431372549,0.6568627450980393,45.06263653556892,51.86511691404066,-35.97102947994762,"[[0.7750000000000006, 0.07216878364870336], [0.7083333333333333, 0.07216878364870336], [0.7083333333333331, 0.0], [0.7750000000000006, 0.0]]",6,5,5,full
44,cym_full_044_cmmmm,cym,full,cmmmm,cmmmm,0.2,0.0,0.8,0.2,0.0,0.8,0.8,0.0,#a83ca4,0.6572549019607843,0.23529411764705882,0.6431372549019609,44.510929531904225,56.86520806107603,-34.69393627011521,"[[0.8166666666666662, 0.08660254037844367], [0.7750000000000006, 0.07216878364870337], [0.7750000000000006, 0.0], [0.8166666666666663, 0.0]]",6,5,5,full
45,cym_full_045_cmmmmm,cym,full,cmmmmm,cmmmmm,0.16666666666666666,0.0,0.8333333333333334,0.16666666666666666,0.0,0.8333333333333334,0.8333333333333334,0.0,#ac36a2,0.6751633986928104,0.2124183006535948,0.6339869281045752,44.29329499365149,59.912836127730685,-33.59685277421012,"[[0.8333333333333333, 0.0962250448649377], [0.8166666666666662, 0.0866025403784437], [0.8166666666666663, 0.0], [0.9166666666666666, 0.0], [0.9166666666666666, 0.048112522432468836]]",6,5,5,full
46,cym_full_046_m,cym,full,m,m,0.0,0.0,1.0,0.0,0.0,1.0,1.0,0.0,#c31996,0.7647058823529411,0.09803921568627451,0.5882352941176471,44.94517938493525,71.41561872915153,-25.286338363609783,"[[0.9166666666666667, 0.048112522432468885], [0.9166666666666667, 0.0], [1.0, 0.0], [0.9583333333333334, 0.07216878364870329]]",6,5,5,full
47,cym_full_047_cmym,cym,full,cmym,cmym,0.25,0.25,0.5,0.25,0.25,0.5,0.625,0.21650635094610965,#b07682,0.6892156862745098,0.46372549019607845,0.5098039215686275,55.917435534328845,24.224769886950103,2.8156308308044276,"[[0.6833333333333332, 0.23094010767585077], [0.6000000000000006, 0.27905263010831916], [0.575, 0.2742413778650722], [0.5499999999999999, 0.23094010767585016], [0.5583333333333332, 0.20688384645961583], [0.6416666666666664, 0.1587713240271472]]",6,5,5,full
48,cym_full_048_cmmym,cym,full,cmmym,cmmym,0.2,0.2,0.6,0.2,0.2,0.6,0.7,0.17320508075688773,#b46486,0.7043137254901961,0.3905882352941177,0.5254901960784315,52.30487709344533,36.49172561436376,-4.765266417264091,"[[0.766666666666667, 0.23094010767584996], [0.7499999999999998, 0.25018511664883825], [0.6833333333333333, 0.23094010767585071], [0.6416666666666665, 0.15877132402714722], [0.6583333333333332, 0.0914137926216906], [0.6833333333333339, 0.08660254037844359]]",6,5,5,full
49,cym_full_049_cmmmym,cym,full,cmmmym,cmmmym,0.16666666666666666,0.16666666666666666,0.6666666666666666,0.16666666666666666,0.16666666666666666,0.6666666666666666,0.75,0.14433756729740643,#b65789,0.7143790849673203,0.3418300653594771,0.5359477124183007,50.225070838518505,44.221526647837905,-9.409399754904491,"[[0.8250000000000003, 0.1587713240271464], [0.7916666666666666, 0.21650635094610957], [0.7666666666666672, 0.2309401076758499], [0.6833333333333339, 0.08660254037844357], [0.7083333333333331, 0.07216878364870336], [0.7750000000000006, 0.07216878364870336], [0.8166666666666662, 0.08660254037844367], [0.8333333333333333, 0.09622504486493769], [0.8333333333333333, 0.11547005383792629]]",6,5,5,full
50,cym_full_050_mmmmmy,cym,full,mmmmmy,mmmmmy,0.0,0.16666666666666666,0.8333333333333334,0.0,0.16666666666666666,0.8333333333333334,0.9166666666666667,0.14433756729740643,#cd3a7d,0.8039215686274509,0.22745098039215686,0.4901960784313726,48.87116714116331,62.29780497489007,-4.023754337227636,"[[0.8333333333333334, 0.11547005383792527], [0.8333333333333334, 0.09622504486493769], [0.9166666666666666, 0.0481125224324689], [0.9583333333333333, 0.07216878364870329], [0.9083333333333332, 0.15877132402714716]]",6,5,5,full
51,cym_full_051_mmmmy,cym,full,mmmmy,mmmmy,0.0,0.2,0.8,0.0,0.2,0.8,0.9,0.17320508075688773,#cf4178,0.8117647058823529,0.2533333333333333,0.47058823529411764,49.930016111003084,59.9627816908268,0.597488729997786,"[[0.8250000000000001, 0.15877132402714667], [0.8333333333333333, 0.11547005383792514], [0.9083333333333332, 0.15877132402714725], [0.8875000000000002, 0.19485571585149836]]",6,5,5,full
52,cym_full_052_mmmy,cym,full,mmmy,mmmy,0.0,0.25,0.75,0.0,0.25,0.75,0.875,0.21650635094610965,#d24b71,0.8235294117647058,0.29215686274509806,0.4411764705882353,51.668565525830644,56.21727015606698,7.685778968975887,"[[0.7916666666666665, 0.21650635094610965], [0.8250000000000001, 0.1587713240271467], [0.8875000000000002, 0.19485571585149844], [0.8541666666666666, 0.2525907427704614]]",6,5,5,full
53,cym_full_053_mmy,cym,full,mmy,mmy,0.0,0.3333333333333333,0.6666666666666666,0.0,0.3333333333333333,0.6666666666666666,0.8333333333333333,0.28867513459481287,#d75b64,0.8431372549019608,0.3568627450980392,0.39215686274509803,54.92109472478978,49.47976671792647,19.744343642877826,"[[0.7499999999999999, 0.2790526301083193], [0.7499999999999999, 0.25018511664883825], [0.7666666666666673, 0.23094010767584988], [0.7916666666666665, 0.2165063509461097], [0.8541666666666666, 0.25259074277046145], [0.8166666666666667, 0.3175426480542943]]",6,5,5,full
54,cym_full_054_cmymym,cym,full,cmymym,cmymym,0.16666666666666666,0.3333333333333333,0.5,0.16666666666666666,0.3333333333333333,0.5,0.6666666666666666,0.28867513459481287,#c07870,0.75359477124183,0.4712418300653595,0.4379084967320262,57.90991663091462,27.160819511738044,16.52510350832772,"[[0.7499999999999998, 0.2790526301083193], [0.7166666666666667, 0.35603266600026906], [0.6833333333333338, 0.3752776749732563], [0.6000000000000006, 0.27905263010831927], [0.6833333333333333, 0.23094010767585077], [0.7499999999999998, 0.2501851166488382]]",6,5,5,full
55,cym_full_055_mmymy,cym,full,mmymy,mmymy,0.0,0.4,0.6,0.0,0.4,0.6,0.8,0.34641016151377546,#db685a,0.8588235294117647,0.4086274509803921,0.3529411764705882,57.79272001589632,43.79980661784783,29.40157737957495,"[[0.7166666666666666, 0.356032666000269], [0.7499999999999999, 0.2790526301083194], [0.8166666666666665, 0.3175426480542942], [0.775, 0.38971143170299727]]",6,5,5,full
