region_index,label,corner_label,condition,local_stack_token,stack_token,f_bottom_left,f_top,f_bottom_right,f_c,f_n,f_m,site_x,site_y,expected_hex,expected_R,expected_G,expected_B,expected_L,expected_a,expected_b,polygon_xy,max_height,max_run,distinct_lte,preset,sample_pixels,raw_region_pixels,core_region_pixels,candidate_mask_pixels,sample_mask_pixels,old_color_mask_pixels,old_color_mask_fraction,sample_core_fraction_requested,sample_core_fraction_used,erosion_px_used,lab_trim_percentile,lab_trim_cutoff_deltaE00,lab_trimmed_pixels,lab_trimmed_fraction,measured_hex,measured_R,measured_G,measured_B,measured_L,measured_a,measured_b,measured_L_mean,measured_a_mean,measured_b_mean,deltaE00_to_expected,deltaE76_to_expected,within_region_deltaE00_median,within_region_deltaE00_p90,within_region_deltaE00_sd,hue_angle_degrees,measured_chroma,source_path,filename,photo_id,filename_label,condition_source,capture_number,bottom_left_anchor,top_anchor,bottom_right_anchor,palette_family,analysis_id,analysis_scale
1,cnm_full_001_mn,cnm,full,my,mn,0.0,0.5,0.5,0.0,0.5,0.5,0.75,0.4330127018922193,#a65494,0.6529411764705881,0.32941176470588235,0.580392156862745,47.805157734402606,42.521479006203236,-20.047639669346818,"[[0.6666666666666666, 0.44263520637871306], [0.6666666666666666, 0.4041451884327384], [0.6833333333333337, 0.3752776749732563], [0.7166666666666667, 0.356032666000269], [0.7750000000000001, 0.38971143170299727], [0.7250000000000001, 0.47631397208144116]]",6,5,5,full,1809,9402,4045,1846,1809,1846,1.0,0.65,0.65,8,98.0,3.0855083701171195,37,0.020043336944745395,#9a708c,0.6039216,0.4392157,0.54901963,52.2667998764765,20.937866313154142,-8.91193692085337,52.12117025941349,21.191377852251502,-8.969030624538389,10.521212779362536,24.693368810072965,0.9136026063746965,2.0209652592044574,0.6701838490962712,336.94358681078364,22.755589762271256,LayerLoomPhotos100NCZ_5/centered_4x3_tif/DSC_4539cnm.tif,DSC_4539cnm.tif,DSC_4539,cnm,capture_number,4539,c,n,m,CMY+neutral,full__cnm__DSC_4539cnm,0.5438066465256798
2,cnm_full_002_cmn,cnm,full,cmy,cmn,0.3333333333333333,0.3333333333333333,0.3333333333333333,0.3333333333333333,0.3333333333333333,0.3333333333333333,0.5,0.28867513459481287,#827bac,0.5111111111111111,0.48104575163398694,0.6745098039215686,53.850222784278714,13.820731527594777,-25.139695013936382,"[[0.55, 0.23094010767585016], [0.5750000000000001, 0.2742413778650722], [0.525, 0.3608439182435162], [0.475, 0.3608439182435162], [0.42499999999999993, 0.27424137786507224], [0.45, 0.23094010767585016]]",6,5,5,full,4064,16481,6969,4147,4064,4147,1.0,0.65,0.65,8,98.0,7.6592874743609745,83,0.02001446829033036,#8481a3,0.5176471,0.5058824,0.6392157,55.45366629091246,8.171501265015479,-17.50493813757017,55.552195744251314,8.04172370987798,-17.31782166311348,4.803001747597917,9.631944050908354,3.639633953551412,6.272576540811348,1.7663478374774615,295.0236935499162,19.318289057892994,LayerLoomPhotos100NCZ_5/centered_4x3_tif/DSC_4539cnm.tif,DSC_4539cnm.tif,DSC_4539,cnm,capture_number,4539,c,n,m,CMY+neutral,full__cnm__DSC_4539cnm,0.5438066465256798
3,cnm_full_003_cmnmn,cnm,full,cmymy,cmnmn,0.2,0.4,0.4,0.2,0.4,0.4,0.6000000000000001,0.34641016151377546,#916ba2,0.5678431372549019,0.4203921568627451,0.6368627450980393,50.89953133047999,25.355139030007745,-24.004448423860445,"[[0.6000000000000006, 0.27905263010831916], [0.6833333333333337, 0.3752776749732563], [0.6666666666666666, 0.40414518843273833], [0.5416666666666666, 0.3800889272165036], [0.5249999999999999, 0.36084391824351614], [0.575, 0.2742413778650722]]",6,5,5,full,2888,13602,5796,2947,2888,2947,1.0,0.65,0.65,8,98.0,12.365370528554196,59,0.02002035968781812,#8a7896,0.5411765,0.47058824,0.5882353,52.978602536628244,12.904488200493974,-13.601614156642839,53.900039852918184,11.970727044150022,-13.708215555657727,7.858179580471192,16.357267618704036,3.7758764805150227,9.626840618703882,2.970309942335812,313.4934348814097,18.74912593650368,LayerLoomPhotos100NCZ_5/centered_4x3_tif/DSC_4539cnm.tif,DSC_4539cnm.tif,DSC_4539,cnm,capture_number,4539,c,n,m,CMY+neutral,full__cnm__DSC_4539cnm,0.5438066465256798
4,cnm_full_004_mnmnn,cnm,full,mymyy,mnmnn,0.0,0.6,0.4,0.0,0.6,0.4,0.7,0.5196152422706631,#a16094,0.6305882352941176,0.3756862745098039,0.5788235294117646,49.51110263516371,34.24933449875767,-17.265374749468055,"[[0.6166666666666667, 0.5099927377841692], [0.6666666666666667, 0.442635206378713], [0.7250000000000001, 0.47631397208144116], [0.6833333333333335, 0.5484827557301443]]",6,5,5,full,1067,7104,3036,1089,1067,1089,1.0,0.65,0.65,8,98.0,4.90248978674038,22,0.020202020202020204,#917187,0.5686275,0.44313726,0.5294118,51.31469758604868,16.681248405133186,-7.380090465417677,51.2218628148201,16.51068941106041,-7.371879170265091,9.278443857244415,20.238810466930932,1.5835675166813206,2.978540322089261,0.8827140958027389,336.1345220247267,18.240882205406276,LayerLoomPhotos100NCZ_5/centered_4x3_tif/DSC_4539cnm.tif,DSC_4539cnm.tif,DSC_4539,cnm,capture_number,4539,c,n,m,CMY+neutral,full__cnm__DSC_4539cnm,0.5438066465256798
5,cnm_full_005_mnn,cnm,full,myy,mnn,0.0,0.6666666666666666,0.3333333333333333,0.0,0.6666666666666666,0.3333333333333333,0.6666666666666666,0.5773502691896257,#9d6893,0.6156862745098038,0.40653594771241836,0.5777777777777777,50.827170867956525,28.48030716878547,-15.147425241078327,"[[0.5833333333333334, 0.5773502691896258], [0.5833333333333334, 0.5484827557301436], [0.5916666666666665, 0.52442649451391], [0.6166666666666667, 0.5099927377841692], [0.6833333333333335, 0.5484827557301444], [0.6458333333333334, 0.6134346610139774]]",6,5,5,full,1231,7486,3155,1257,1231,1257,1.0,0.65,0.65,8,98.0,4.443435848275138,26,0.020684168655529037,#8d7384,0.5529412,0.4509804,0.5176471,51.271005796340845,13.424302393865496,-5.852740351062802,51.40658813376848,13.304279201161338,-5.707320265376328,9.140382126883116,17.69947559762011,1.532401536817275,3.209847641524436,0.9826563362615189,336.4437145974178,14.644673583897376,LayerLoomPhotos100NCZ_5/centered_4x3_tif/DSC_4539cnm.tif,DSC_4539cnm.tif,DSC_4539,cnm,capture_number,4539,c,n,m,CMY+neutral,full__cnm__DSC_4539cnm,0.5438066465256798
6,cnm_full_006_cnmnmn,cnm,full,cymymy,cnmnmn,0.16666666666666666,0.5,0.3333333333333333,0.16666666666666666,0.5,0.3333333333333333,0.5833333333333333,0.4330127018922193,#9071a0,0.5633986928104574,0.44379084967320265,0.6261437908496732,52.14511348836645,20.899494455919598,-20.501750703492426,"[[0.6166666666666668, 0.5099927377841692], [0.5916666666666663, 0.5244264945139101], [0.5416666666666666, 0.47631397208144155], [0.5416666666666665, 0.3800889272165036], [0.6666666666666667, 0.40414518843273833], [0.6666666666666667, 0.44263520637871284]]",6,5,5,full,3601,15002,6399,3675,3601,3675,1.0,0.65,0.65,8,98.0,15.0092631101971,74,0.020136054421768707,#89768f,0.5372549,0.4627451,0.56078434,52.22450597975933,11.674199775604244,-10.911181047344565,53.59343830832652,10.4400394925473,-11.007383431041596,6.915165389208001,13.307568952884237,4.030428470411949,12.187146207865833,3.77790423529156,316.9349300438444,15.979387104912673,LayerLoomPhotos100NCZ_5/centered_4x3_tif/DSC_4539cnm.tif,DSC_4539cnm.tif,DSC_4539,cnm,capture_number,4539,c,n,m,CMY+neutral,full__cnm__DSC_4539cnm,0.5438066465256798
7,cnm_full_007_mnnn,cnm,full,myyy,mnnn,0.0,0.75,0.25,0.0,0.75,0.25,0.625,0.649519052838329,#987293,0.5970588235294116,0.4450980392156863,0.5764705882352941,52.65165932914287,21.092189602569754,-12.242675339448228,"[[0.55, 0.6350852961085884], [0.5833333333333334, 0.5773502691896258], [0.6458333333333334, 0.6134346610139774], [0.6125, 0.6711696879329399]]",6,5,5,full,728,5660,2409,743,728,743,1.0,0.65,0.65,8,98.0,9.386678153581512,15,0.020188425302826378,#887582,0.53333336,0.45882353,0.50980395,51.35008874435741,9.578031569651868,-4.221898959597481,51.406330693075056,9.82410937044374,-4.39995537961636,8.898640419567831,14.092649677394167,2.6327822807843857,4.448820437352743,1.5133477868905056,336.21260247488084,10.467240303647285,LayerLoomPhotos100NCZ_5/centered_4x3_tif/DSC_4539cnm.tif,DSC_4539cnm.tif,DSC_4539,cnm,capture_number,4539,c,n,m,CMY+neutral,full__cnm__DSC_4539cnm,0.5438066465256798
8,cnm_full_008_mnnnn,cnm,full,myyyy,mnnnn,0.0,0.8,0.2,0.0,0.8,0.2,0.6000000000000001,0.6928203230275509,#957793,0.5858823529411763,0.4682352941176471,0.5756862745098038,53.83252918446905,16.609472422440042,-10.379417915150535,"[[0.5166666666666657, 0.6639528095680706], [0.55, 0.6350852961085883], [0.6125, 0.6711696879329399], [0.5916666666666659, 0.7072540797572928]]",6,5,5,full,266,3891,1691,272,266,272,1.0,0.65,0.65,8,98.0,5.500862525470737,6,0.022058823529411766,#867581,0.5254902,0.45882353,0.5058824,51.50918820990343,8.093896475493745,-3.2416299038672047,51.165803507904705,8.439624004702797,-3.7727557355609496,8.033360626933444,11.35169435310544,2.9176010050506997,4.325379637180386,1.0237532153264282,338.17374967742904,8.718906157864996,LayerLoomPhotos100NCZ_5/centered_4x3_tif/DSC_4539cnm.tif,DSC_4539cnm.tif,DSC_4539,cnm,capture_number,4539,c,n,m,CMY+neutral,full__cnm__DSC_4539cnm,0.5438066465256798
9,cnm_full_009_mnnnnn,cnm,full,myyyyy,mnnnnn,0.0,0.8333333333333334,0.16666666666666666,0.0,0.8333333333333334,0.16666666666666666,0.5833333333333334,0.7216878364870322,#937b93,0.5784313725490194,0.4836601307189543,0.5751633986928103,54.65242362331111,13.614610296575236,-9.092823493895974,"[[0.5000000000000002, 0.7698003589195007], [0.5000000000000001, 0.6735753140545636], [0.5166666666666656, 0.6639528095680706], [0.5916666666666659, 0.7072540797572928], [0.5416666666666669, 0.7938566201357351]]",6,5,5,full,1662,8953,3797,1693,1662,1665,0.9834613112817484,0.65,0.65,8,98.0,6.119421302173174,31,0.01831069108092144,#847880,0.5176471,0.47058824,0.5019608,51.634012418949936,5.736315846869067,-2.433672558853228,51.529692059853474,6.446625531508438,-2.8146942091200877,8.47522517409599,10.748144993931035,2.809254170732411,5.014164767837626,1.3364363669479915,337.01057201203855,6.231218309348212,LayerLoomPhotos100NCZ_5/centered_4x3_tif/DSC_4539cnm.tif,DSC_4539cnm.tif,DSC_4539,cnm,capture_number,4539,c,n,m,CMY+neutral,full__cnm__DSC_4539cnm,0.5438066465256798
10,cnm_full_010_n,cnm,full,y,n,0.0,1.0,0.0,0.0,1.0,0.0,0.5,0.8660254037844386,#8a8f92,0.5411764705882353,0.5607843137254902,0.5725490196078431,59.08831744726014,-1.2137183135860763,-2.223898189538698,"[[0.4583333333333333, 0.7938566201357353], [0.5000000000000002, 0.7698003589195007], [0.5416666666666667, 0.7938566201357351], [0.5, 0.8660254037844386]]",6,5,5,full,497,4791,2044,508,497,0,0.0,0.65,0.65,8,98.0,5.825854469479458,11,0.021653543307086614,#7d7b7c,0.49019608,0.48235294,0.4862745,51.84466803426693,0.7550179378215671,-0.411533554192145,51.98793715100833,0.7428959511412896,-0.4457125576605126,7.598628555618666,7.722114012200176,0.8685758030465905,1.7302032818356512,0.6501035999138262,331.4067620972311,0.8598906631998925,LayerLoomPhotos100NCZ_5/centered_4x3_tif/DSC_4539cnm.tif,DSC_4539cnm.tif,DSC_4539,cnm,capture_number,4539,c,n,m,CMY+neutral,full__cnm__DSC_4539cnm,0.5438066465256798
11,cnm_full_011_cnmn,cnm,full,cymy,cnmn,0.25,0.5,0.25,0.25,0.5,0.25,0.5,0.4330127018922193,#8480a5,0.5186274509803921,0.5009803921568627,0.6490196078431372,55.10681522604453,9.872372249806638,-19.445799826639607,"[[0.5416666666666665, 0.47631397208144155], [0.4583333333333335, 0.47631397208144155], [0.4583333333333335, 0.3800889272165036], [0.475, 0.3608439182435162], [0.5249999999999999, 0.3608439182435162], [0.5416666666666665, 0.38008892721650367]]",6,5,5,full,2608,10878,4661,2660,2608,2660,1.0,0.65,0.65,8,98.0,9.162272163358368,52,0.019548872180451128,#828097,0.50980395,0.5019608,0.5921569,54.31552894267314,5.478798843554955,-12.15529355707411,54.45321186225385,5.7389470214557745,-12.144615911451652,5.100668624125811,8.548748617484758,5.57577199558778,8.049307837873313,2.3725198231985263,294.2626882288237,13.33298159553168,LayerLoomPhotos100NCZ_5/centered_4x3_tif/DSC_4539cnm.tif,DSC_4539cnm.tif,DSC_4539,cnm,capture_number,4539,c,n,m,CMY+neutral,full__cnm__DSC_4539cnm,0.5438066465256798
12,cnm_full_012_cnmnn,cnm,full,cymyy,cnmnn,0.2,0.6,0.2,0.2,0.6,0.2,0.5,0.5196152422706631,#8583a2,0.5231372549019607,0.5129411764705882,0.6337254901960783,55.87920186775257,7.561210799958085,-16.012907790330644,"[[0.4083333333333336, 0.5244264945139103], [0.45833333333333354, 0.4763139720814415], [0.5416666666666665, 0.47631397208144144], [0.5916666666666665, 0.5244264945139102], [0.5833333333333335, 0.5484827557301435], [0.4166666666666665, 0.5484827557301435]]",6,5,5,full,2680,12505,5327,2735,2680,2735,1.0,0.65,0.65,8,98.0,11.067353609391152,55,0.02010968921389397,#817a8c,0.5058824,0.47843137,0.54901963,52.35484271395032,5.091139720035887,-9.455962413115248,53.152794443687455,5.233759304814578,-9.223023797864284,5.5912503343114865,7.843206695264641,5.149468411623527,9.019222038954714,2.386384178748825,298.2982551131909,10.739410077242391,LayerLoomPhotos100NCZ_5/centered_4x3_tif/DSC_4539cnm.tif,DSC_4539cnm.tif,DSC_4539,cnm,capture_number,4539,c,n,m,CMY+neutral,full__cnm__DSC_4539cnm,0.5438066465256798
13,cnm_full_013_cnmnnn,cnm,full,cymyyy,cnmnnn,0.16666666666666666,0.6666666666666666,0.16666666666666666,0.16666666666666666,0.6666666666666666,0.16666666666666666,0.5,0.5773502691896257,#86859f,0.5261437908496731,0.5209150326797385,0.6235294117647058,56.40126778849799,6.045703931585988,-13.719233330480263,"[[0.5499999999999997, 0.6350852961085888], [0.5166666666666663, 0.6639528095680701], [0.5000000000000001, 0.6735753140545636], [0.4833333333333337, 0.66395280956807], [0.44999999999999996, 0.6350852961085883], [0.4166666666666665, 0.5773502691896255], [0.41666666666666646, 0.5484827557301435], [0.5833333333333334, 0.5484827557301435], [0.5833333333333334, 0.5773502691896257]]",6,5,5,full,4152,17085,7233,4237,4152,4237,1.0,0.65,0.65,8,98.0,10.799213561955025,85,0.02006136417276375,#7f7b89,0.49803922,0.48235294,0.5372549,52.520722915242544,3.781000078510538,-7.0105318309618525,52.90893561404191,4.076742553944561,-7.2397906124979805,6.103628261196825,8.074291787217284,5.6676851872692655,8.603418025506821,2.5043159923017346,298.33937952974804,7.965143950150935,LayerLoomPhotos100NCZ_5/centered_4x3_tif/DSC_4539cnm.tif,DSC_4539cnm.tif,DSC_4539,cnm,capture_number,4539,c,n,m,CMY+neutral,full__cnm__DSC_4539cnm,0.5438066465256798
14,cnm_full_014_cnnnnn,cnm,full,cyyyyy,cnnnnn,0.16666666666666666,0.8333333333333334,0.0,0.16666666666666666,0.8333333333333334,0.0,0.4166666666666667,0.7216878364870322,#7d999e,0.48888888888888876,0.5980392156862745,0.6209150326797385,61.16213715904476,-8.366367456226097,-6.284466980880654,"[[0.4583333333333333, 0.7938566201357353], [0.4083333333333336, 0.7072540797572919], [0.4833333333333335, 0.6639528095680699], [0.5000000000000002, 0.6735753140545637], [0.5000000000000002, 0.7698003589195006]]",6,5,5,full,1688,8869,3859,1723,1688,995,0.5774811375507836,0.65,0.65,8,98.0,9.474578367602838,35,0.020313406848520024,#787e83,0.47058824,0.49411765,0.5137255,52.576124473445574,-1.4978160193213907,-4.144582936672025,53.44369739724149,-1.8415989876134178,-4.904772996343438,11.015303724006369,11.201594368719773,3.029397351783514,7.57032387261417,2.187630054768975,250.13058758094564,4.406928697708721,LayerLoomPhotos100NCZ_5/centered_4x3_tif/DSC_4539cnm.tif,DSC_4539cnm.tif,DSC_4539,cnm,capture_number,4539,c,n,m,CMY+neutral,full__cnm__DSC_4539cnm,0.5438066465256798
15,cnm_full_015_cnnnn,cnm,full,cyyyy,cnnnn,0.2,0.8,0.0,0.2,0.8,0.0,0.4,0.6928203230275509,#7a9aa1,0.4784313725490195,0.6054901960784314,0.6305882352941176,61.607754038311626,-9.686499798209791,-7.03699824739048,"[[0.45000000000000007, 0.6350852961085884], [0.48333333333333367, 0.66395280956807], [0.40833333333333355, 0.7072540797572919], [0.38750000000000007, 0.6711696879329401]]",6,5,5,full,251,3936,1673,257,251,232,0.9027237354085603,0.65,0.65,8,98.0,7.048386877301005,6,0.023346303501945526,#798289,0.4745098,0.50980395,0.5372549,54.00802182920114,-2.0693844947388684,-5.405131416558806,53.99859917702773,-2.091611355507615,-5.321922182494898,10.615914208212647,10.882985093719961,3.017105747620557,5.295688354078075,1.5554888518325642,249.0503787418303,5.787728208661551,LayerLoomPhotos100NCZ_5/centered_4x3_tif/DSC_4539cnm.tif,DSC_4539cnm.tif,DSC_4539,cnm,capture_number,4539,c,n,m,CMY+neutral,full__cnm__DSC_4539cnm,0.5438066465256798
16,cnm_full_016_cnnn,cnm,full,cyyy,cnnn,0.25,0.75,0.0,0.25,0.75,0.0,0.375,0.649519052838329,#769da4,0.4627450980392156,0.6166666666666667,0.6450980392156862,62.29380297239342,-11.594887213849548,-8.131163464377721,"[[0.41666666666666646, 0.5773502691896255], [0.45000000000000007, 0.6350852961085885], [0.3875000000000001, 0.6711696879329401], [0.3541666666666666, 0.6134346610139771]]",6,5,5,full,724,5668,2416,739,724,739,1.0,0.65,0.65,8,98.0,6.890006172535142,15,0.02029769959404601,#77828c,0.46666667,0.50980395,0.54901963,53.69974514689534,-2.5147663010657295,-7.293550623848011,54.50987620480361,-2.590646425812107,-7.3660930717304645,11.957422605106949,12.53028415357765,2.847446240393383,5.391482749410742,1.5739952069261736,250.97615730702296,7.714916088436058,LayerLoomPhotos100NCZ_5/centered_4x3_tif/DSC_4539cnm.tif,DSC_4539cnm.tif,DSC_4539,cnm,capture_number,4539,c,n,m,CMY+neutral,full__cnm__DSC_4539cnm,0.5438066465256798
17,cnm_full_017_cnn,cnm,full,cyy,cnn,0.3333333333333333,0.6666666666666666,0.0,0.3333333333333333,0.6666666666666666,0.0,0.3333333333333333,0.5773502691896257,#6fa2ab,0.43660130718954243,0.6352941176470589,0.6692810457516339,63.48135663336363,-14.5817008063997,-9.867013764083676,"[[0.3833333333333331, 0.5099927377841694], [0.4083333333333336, 0.5244264945139103], [0.4166666666666664, 0.5484827557301433], [0.4166666666666664, 0.5773502691896256], [0.3541666666666665, 0.613434661013977], [0.3166666666666666, 0.5484827557301443]]",6,5,5,full,1255,7432,3194,1281,1255,1281,1.0,0.65,0.65,8,98.0,6.072980053374609,26,0.02029664324746292,#768895,0.4627451,0.53333336,0.58431375,55.61180911107398,-3.289554996143307,-9.492447362646628,55.71466982536139,-3.328916195356875,-9.355075614347856,12.474948190323653,13.768901016230442,2.7472347177550374,4.58444736632323,1.2571077901859171,250.88652489937692,10.046279361299302,LayerLoomPhotos100NCZ_5/centered_4x3_tif/DSC_4539cnm.tif,DSC_4539cnm.tif,DSC_4539,cnm,capture_number,4539,c,n,m,CMY+neutral,full__cnm__DSC_4539cnm,0.5438066465256798
18,cnm_full_018_cncnmn,cnm,full,cycymy,cncnmn,0.3333333333333333,0.5,0.16666666666666666,0.3333333333333333,0.5,0.16666666666666666,0.41666666666666663,0.4330127018922193,#798eab,0.4738562091503267,0.558169934640523,0.6718954248366013,58.462057266129946,-0.7480754793327549,-17.754489894672343,"[[0.45833333333333354, 0.38008892721650345], [0.45833333333333354, 0.47631397208144144], [0.40833333333333355, 0.5244264945139103], [0.3833333333333331, 0.5099927377841694], [0.3333333333333333, 0.4426352063787134], [0.3333333333333333, 0.40414518843273783]]",6,5,5,full,3573,14957,6382,3643,3573,3643,1.0,0.65,0.65,8,98.0,13.950927808016136,70,0.019214932747735385,#7d899f,0.49019608,0.5372549,0.62352943,56.301327295421544,0.2563023229449901,-12.817687657895327,55.63263927005269,1.7912780419465593,-12.906533225278963,3.84559447462267,5.481746537470731,4.584843397227675,12.547866016724859,3.688561662103102,271.1455330341549,12.82024991082893,LayerLoomPhotos100NCZ_5/centered_4x3_tif/DSC_4539cnm.tif,DSC_4539cnm.tif,DSC_4539,cnm,capture_number,4539,c,n,m,CMY+neutral,full__cnm__DSC_4539cnm,0.5438066465256798
19,cnm_full_019_cncnn,cnm,full,cycyy,cncnn,0.4,0.6,0.0,0.4,0.6,0.0,0.3,0.5196152422706631,#6aa6b0,0.4156862745098039,0.6501960784313725,0.688627450980392,64.46812932089617,-16.796039102735804,-11.181586272020706,"[[0.3333333333333333, 0.44263520637871334], [0.383333333333333, 0.5099927377841693], [0.31666666666666654, 0.5484827557301443], [0.2750000000000001, 0.4763139720814414]]",6,5,5,full,1043,7138,3006,1064,1043,1064,1.0,0.65,0.65,8,98.0,7.199528259923065,21,0.019736842105263157,#758d9e,0.45882353,0.5529412,0.61960787,57.26677263752322,-4.026376263650155,-11.186036016335233,56.693693644439854,-4.016407647445639,-11.150306710719958,12.596878745974271,14.660281269652014,2.3740471180012888,4.807711430341942,1.538252327967631,250.20382938994555,11.888612516826107,LayerLoomPhotos100NCZ_5/centered_4x3_tif/DSC_4539cnm.tif,DSC_4539cnm.tif,DSC_4539,cnm,capture_number,4539,c,n,m,CMY+neutral,full__cnm__DSC_4539cnm,0.5438066465256798
20,cnm_full_020_cn,cnm,full,cy,cn,0.5,0.5,0.0,0.5,0.5,0.0,0.25,0.4330127018922193,#62acb7,0.38431372549019605,0.6725490196078432,0.7176470588235294,66.00354158706689,-19.82881356457683,-13.039772037206943,"[[0.2833333333333334, 0.3560326660002692], [0.3166666666666668, 0.3752776749732568], [0.3333333333333333, 0.40414518843273783], [0.3333333333333333, 0.44263520637871334], [0.27500000000000013, 0.47631397208144144], [0.225, 0.3897114317029974]]",6,5,5,full,1741,9411,3956,1776,1741,1776,1.0,0.65,0.65,8,98.0,3.3473654242307638,35,0.019707207207207207,#738fa4,0.4509804,0.56078434,0.6431373,58.00771408437586,-4.97461547781236,-14.354124732209005,58.14769891499512,-4.946060952499271,-14.231645580236025,13.459119651050754,16.92063773208583,1.3198679866477359,2.6312344696962615,0.7776551860075429,250.8855515079486,15.19169825858533,LayerLoomPhotos100NCZ_5/centered_4x3_tif/DSC_4539cnm.tif,DSC_4539cnm.tif,DSC_4539,cnm,capture_number,4539,c,n,m,CMY+neutral,full__cnm__DSC_4539cnm,0.5438066465256798
21,cnm_full_021_cmncn,cnm,full,cmycy,cmncn,0.4,0.4,0.2,0.4,0.4,0.2,0.4,0.34641016151377546,#758eb0,0.46039215686274504,0.5576470588235294,0.691764705882353,58.38153489548867,-0.3939096084506488,-20.78311781084279,"[[0.4000000000000001, 0.2790526301083191], [0.42499999999999993, 0.27424137786507224], [0.475, 0.36084391824351614], [0.45833333333333337, 0.38008892721650356], [0.33333333333333326, 0.4041451884327379], [0.31666666666666676, 0.37527767497325687]]",6,5,5,full,2871,13679,5808,2930,2871,2930,1.0,0.65,0.65,8,98.0,10.65018367174972,59,0.020136518771331057,#7f8ca6,0.49803922,0.54901963,0.6509804,57.769870340615014,1.8086064445392291,-16.717141397363022,57.1124037822418,2.809558060316829,-16.640316814707703,3.9108350691449747,4.664480108901815,3.888605813162623,9.05425997430457,2.63107700103664,276.1747414859219,16.814692199700158,LayerLoomPhotos100NCZ_5/centered_4x3_tif/DSC_4539cnm.tif,DSC_4539cnm.tif,DSC_4539,cnm,capture_number,4539,c,n,m,CMY+neutral,full__cnm__DSC_4539cnm,0.5438066465256798
22,cnm_full_022_ccncn,cnm,full,ccycy,ccncn,0.6,0.4,0.0,0.6,0.4,0.0,0.2,0.34641016151377546,#5ab1be,0.3529411764705882,0.6949019607843138,0.7466666666666667,67.59807915308023,-22.52485781531105,-14.773558140756826,"[[0.24999999999999994, 0.27905263010831904], [0.2833333333333333, 0.35603266600026917], [0.22500000000000003, 0.3897114317029973], [0.18333333333333335, 0.3175426480542941]]",6,5,5,full,1077,7125,3023,1099,1077,1099,1.0,0.65,0.65,8,98.0,3.685811675995181,22,0.020018198362147407,#7395af,0.4509804,0.58431375,0.6862745,60.05574241685771,-5.2947608185153205,-16.888925268136703,59.927246657496006,-5.459867339986766,-16.936305616178487,13.880367865063194,18.92717263737932,1.905145863665162,3.1204093478090975,0.8256046561428156,252.59353634606754,17.69944317875541,LayerLoomPhotos100NCZ_5/centered_4x3_tif/DSC_4539cnm.tif,DSC_4539cnm.tif,DSC_4539,cnm,capture_number,4539,c,n,m,CMY+neutral,full__cnm__DSC_4539cnm,0.5438066465256798
23,cnm_full_023_ccn,cnm,full,ccy,ccn,0.6666666666666666,0.3333333333333333,0.0,0.6666666666666666,0.3333333333333333,0.0,0.16666666666666666,0.28867513459481287,#55b5c3,0.33202614379084966,0.7098039215686275,0.7660130718954248,68.69021664733687,-24.143039702976267,-15.866622477003634,"[[0.20833333333333337, 0.21650635094610968], [0.2333333333333333, 0.2309401076758503], [0.24999999999999997, 0.2501851166488378], [0.24999999999999997, 0.27905263010831904], [0.1833333333333333, 0.3175426480542941], [0.14583333333333334, 0.2525907427704613]]",6,5,5,full,1225,7456,3191,1250,1225,1250,1.0,0.65,0.65,8,98.0,3.9975742497714197,25,0.02,#7298b6,0.44705883,0.59607846,0.7137255,61.025433886075476,-5.311826476394222,-19.96706640435546,61.09253775528195,-5.300371776215681,-19.89881886468133,14.445280678770416,20.740711819117607,1.8944147043713049,3.2244556155596586,0.8863496211854286,255.10267742510285,20.661540148577092,LayerLoomPhotos100NCZ_5/centered_4x3_tif/DSC_4539cnm.tif,DSC_4539cnm.tif,DSC_4539,cnm,capture_number,4539,c,n,m,CMY+neutral,full__cnm__DSC_4539cnm,0.5438066465256798
24,cnm_full_024_cmcncn,cnm,full,cmcycy,cmcncn,0.5,0.3333333333333333,0.16666666666666666,0.5,0.3333333333333333,0.16666666666666666,0.3333333333333333,0.28867513459481287,#6c98b8,0.4215686274509804,0.5954248366013072,0.7202614379084968,60.785519707287364,-6.651888056486033,-21.278013471218003,"[[0.31666666666666676, 0.23094010767585027], [0.4000000000000001, 0.2790526301083191], [0.31666666666666676, 0.3752776749732568], [0.2833333333333334, 0.3560326660002692], [0.24999999999999994, 0.279052630108319], [0.24999999999999994, 0.2501851166488378]]",6,5,5,full,3403,15053,6405,3472,3403,3472,1.0,0.65,0.65,8,98.0,7.208451823925591,69,0.019873271889400922,#7a8eac,0.47843137,0.5568628,0.6745098,58.416668611894806,-0.008996203766375999,-18.258415866250832,58.20239972459687,0.9214385303223853,-18.871620882987077,7.210332857879737,7.6718600987632195,2.907451323206379,5.7733503103909944,1.545914727569393,269.9717694859446,18.258418082535034,LayerLoomPhotos100NCZ_5/centered_4x3_tif/DSC_4539cnm.tif,DSC_4539cnm.tif,DSC_4539,cnm,capture_number,4539,c,n,m,CMY+neutral,full__cnm__DSC_4539cnm,0.5438066465256798
25,cnm_full_025_cccn,cnm,full,cccy,cccn,0.75,0.25,0.0,0.75,0.25,0.0,0.125,0.21650635094610965,#4ebaca,0.3058823529411765,0.7284313725490197,0.7901960784313726,70.084486119623,-25.97462396481376,-17.168556206019183,"[[0.175, 0.15877132402714708], [0.20833333333333334, 0.21650635094610968], [0.14583333333333334, 0.2525907427704613], [0.11249999999999999, 0.1948557158514987]]",6,5,5,full,743,5743,2451,759,743,759,1.0,0.65,0.65,8,98.0,4.53808414737096,16,0.021080368906455864,#719cbf,0.44313726,0.6117647,0.7490196,62.67212428999832,-5.077987782602711,-23.195558116581626,62.52278859624929,-5.176016770022229,-22.826766440420034,15.085559779638865,22.97688542111163,2.222241043376168,3.8229653009575406,1.1094926323586425,257.65157938716084,23.744891582401007,LayerLoomPhotos100NCZ_5/centered_4x3_tif/DSC_4539cnm.tif,DSC_4539cnm.tif,DSC_4539,cnm,capture_number,4539,c,n,m,CMY+neutral,full__cnm__DSC_4539cnm,0.5438066465256798
26,cnm_full_026_ccccn,cnm,full,ccccy,ccccn,0.8,0.2,0.0,0.8,0.2,0.0,0.1,0.17320508075688773,#4abdcd,0.2901960784313725,0.7396078431372549,0.8047058823529412,70.93511113290782,-26.976647683873644,-17.917879487656663,"[[0.16666666666666669, 0.11547005383792511], [0.175, 0.15877132402714705], [0.11249999999999999, 0.19485571585149866], [0.09166666666666666, 0.15877132402714705]]",6,5,5,full,272,3938,1690,278,272,278,1.0,0.65,0.65,8,98.0,4.831678860144903,6,0.02158273381294964,#74a3cb,0.45294118,0.6392157,0.79607844,65.13002564058681,-4.716891507516224,-25.424699095910984,64.26444012295225,-4.714254169338467,-25.50363577750351,15.218937562441514,24.19810123201632,1.2913720809818856,4.0185324090797945,1.2520537969342609,259.4897559244704,25.858545775261522,LayerLoomPhotos100NCZ_5/centered_4x3_tif/DSC_4539cnm.tif,DSC_4539cnm.tif,DSC_4539,cnm,capture_number,4539,c,n,m,CMY+neutral,full__cnm__DSC_4539cnm,0.5438066465256798
27,cnm_full_027_cccccn,cnm,full,cccccy,cccccn,0.8333333333333334,0.16666666666666666,0.0,0.8333333333333334,0.16666666666666666,0.0,0.08333333333333333,0.14433756729740643,#47bfd0,0.2797385620915032,0.7470588235294118,0.8143790849673204,71.50757625687217,-27.60612824279657,-18.404991417899552,"[[0.16666666666666663, 0.0962250448649376], [0.16666666666666663, 0.11547005383792514], [0.09166666666666666, 0.15877132402714705], [0.041666666666666664, 0.07216878364870322], [0.08333333333333333, 0.048112522432468816]]",6,5,5,full,1473,8830,3770,1503,1473,1503,1.0,0.65,0.65,8,98.0,6.043119143515091,30,0.01996007984031936,#75a5d2,0.45882353,0.64705884,0.8235294,66.01500361217532,-3.857134083976199,-27.697816513307515,65.02285498186195,-3.914675660647101,-27.334460487703772,16.004203053820298,26.087155384725264,1.5147995156611036,4.749191648203467,1.590038457896271,262.07210721250055,27.965094724434984,LayerLoomPhotos100NCZ_5/centered_4x3_tif/DSC_4539cnm.tif,DSC_4539cnm.tif,DSC_4539,cnm,capture_number,4539,c,n,m,CMY+neutral,full__cnm__DSC_4539cnm,0.5438066465256798
28,cnm_full_028_c,cnm,full,c,c,1.0,0.0,0.0,1.0,0.0,0.0,0.0,0.0,#3ac8dc,0.22745098039215686,0.7843137254901961,0.8627450980392157,74.42655654335444,-30.326087604312878,-20.705156122725967,"[[0.08333333333333333, 0.048112522432468816], [0.041666666666666664, 0.07216878364870322], [0.0, 0.0], [0.08333333333333333, 0.0]]",6,5,5,full,623,4749,2042,636,623,636,1.0,0.65,0.65,8,98.0,1.8749032164417887,13,0.020440251572327043,#7face8,0.49803922,0.6745098,0.9098039,69.35601093066421,0.8854126522764294,-34.744147990815335,69.1552955803712,0.8594340553412678,-34.85180897433632,19.66906416676497,34.59713100460392,0.42944309857837043,1.1955456560801845,0.40804970291765746,271.45979779244647,34.75542799581798,LayerLoomPhotos100NCZ_5/centered_4x3_tif/DSC_4539cnm.tif,DSC_4539cnm.tif,DSC_4539,cnm,capture_number,4539,c,n,m,CMY+neutral,full__cnm__DSC_4539cnm,0.5438066465256798
29,cnm_full_029_cmcn,cnm,full,cmcy,cmcn,0.5,0.25,0.25,0.5,0.25,0.25,0.375,0.21650635094610965,#708eb8,0.44019607843137254,0.5568627450980392,0.7215686274509805,58.28920401802807,0.30062233350253154,-25.272416628076577,"[[0.44166666666666676, 0.20688384645961588], [0.45, 0.23094010767585005], [0.4249999999999999, 0.27424137786507224], [0.4, 0.2790526301083191], [0.31666666666666676, 0.23094010767585027], [0.3583333333333334, 0.1587713240271471]]",6,5,5,full,2152,10836,4640,2195,2152,2195,1.0,0.65,0.65,8,98.0,5.482402503762202,43,0.01958997722095672,#7f8cb2,0.49803922,0.54901963,0.69803923,58.70369282138515,4.456646360905592,-21.800143696618555,58.23746574535724,4.496381776344745,-21.630607597958782,5.359331997256827,5.431483774715342,2.5854644598920373,4.631661068285455,1.2944749971871243,281.5538896863811,22.25102159406149,LayerLoomPhotos100NCZ_5/centered_4x3_tif/DSC_4539cnm.tif,DSC_4539cnm.tif,DSC_4539,cnm,capture_number,4539,c,n,m,CMY+neutral,full__cnm__DSC_4539cnm,0.5438066465256798
30,cnm_full_030_ccmcn,cnm,full,ccmcy,ccmcn,0.6,0.2,0.2,0.6,0.2,0.2,0.30000000000000004,0.17320508075688773,#659abf,0.3976470588235294,0.6023529411764705,0.7498039215686274,61.2533087088531,-7.070261961154067,-24.830337932177482,"[[0.34166666666666673, 0.09141379262169073], [0.3583333333333334, 0.15877132402714716], [0.31666666666666676, 0.23094010767585027], [0.24999999999999997, 0.2501851166488378], [0.23333333333333336, 0.23094010767585035], [0.31666666666666665, 0.08660254037844387]]",6,5,5,full,2420,12503,5365,2470,2420,2470,1.0,0.65,0.65,8,98.0,5.78339961924468,50,0.020242914979757085,#7c90bc,0.4862745,0.5647059,0.7372549,59.79981079080207,2.1713544781637726,-25.378383727477384,60.171208679940264,2.775656862811359,-25.29814887281418,7.951308559818341,9.371258442866376,2.8181699969162355,4.786849445783174,1.2157560683467141,274.8902719907698,25.47110403749572,LayerLoomPhotos100NCZ_5/centered_4x3_tif/DSC_4539cnm.tif,DSC_4539cnm.tif,DSC_4539,cnm,capture_number,4539,c,n,m,CMY+neutral,full__cnm__DSC_4539cnm,0.5438066465256798
31,cnm_full_031_cccmcn,cnm,full,cccmcy,cccmcn,0.6666666666666666,0.16666666666666666,0.16666666666666666,0.6666666666666666,0.16666666666666666,0.16666666666666666,0.25,0.14433756729740643,#5ea1c4,0.369281045751634,0.6326797385620915,0.7686274509803921,63.32482599920904,-11.632163716616795,-24.36768810269465,"[[0.22499999999999992, 0.07216878364870322], [0.29166666666666674, 0.0721687836487032], [0.3166666666666667, 0.08660254037844384], [0.23333333333333334, 0.2309401076758503], [0.20833333333333331, 0.21650635094610965], [0.175, 0.1587713240271471], [0.16666666666666666, 0.11547005383792512], [0.16666666666666666, 0.09622504486493762], [0.1833333333333334, 0.0866025403784438]]",6,5,5,full,4110,17148,7329,4193,4110,4193,1.0,0.65,0.65,8,98.0,6.137134914626667,83,0.0197948962556642,#7a96c5,0.47843137,0.5882353,0.77254903,61.52779483734399,0.1680637234296456,-26.798104359670404,61.46551467878252,1.4095763145273954,-27.123323470346033,9.218956552823121,12.181199112390825,3.029701916985287,4.965281638780876,1.36576638317831,270.3593245130412,26.798631358465286,LayerLoomPhotos100NCZ_5/centered_4x3_tif/DSC_4539cnm.tif,DSC_4539cnm.tif,DSC_4539,cnm,capture_number,4539,c,n,m,CMY+neutral,full__cnm__DSC_4539cnm,0.5438066465256798
32,cnm_full_032_cccccm,cnm,full,cccccm,cccccm,0.8333333333333334,0.0,0.16666666666666666,0.8333333333333334,0.0,0.16666666666666666,0.16666666666666666,0.0,#51abd0,0.31699346405228757,0.6699346405228758,0.8169934640522877,66.03760492781542,-15.722572041625526,-27.095443691372466,"[[0.18333333333333338, 0.08660254037844385], [0.16666666666666669, 0.09622504486493762], [0.08333333333333334, 0.04811252243246881], [0.08333333333333333, 0.0], [0.18333333333333335, 0.0]]",6,5,5,full,1822,8882,3789,1860,1822,1860,1.0,0.65,0.65,8,98.0,7.185573631217656,38,0.02043010752688172,#80a2dd,0.5019608,0.63529414,0.8666667,66.03257049701459,3.1356857236288507,-33.67209658392688,65.34665124669213,4.553750342918651,-34.02206582064832,12.6155420945398,19.972137455851207,1.8402641527086057,6.0583753422581665,1.9113261646297368,275.32027742487736,33.81778545846357,LayerLoomPhotos100NCZ_5/centered_4x3_tif/DSC_4539cnm.tif,DSC_4539cnm.tif,DSC_4539,cnm,capture_number,4539,c,n,m,CMY+neutral,full__cnm__DSC_4539cnm,0.5438066465256798
33,cnm_full_033_ccccm,cnm,full,ccccm,ccccm,0.8,0.0,0.2,0.8,0.0,0.2,0.2,0.0,#55a5ce,0.33490196078431367,0.6470588235294118,0.807843137254902,64.41427157262386,-12.44504966424509,-28.289394293942706,"[[0.225, 0.07216878364870322], [0.18333333333333338, 0.08660254037844384], [0.18333333333333335, 0.0], [0.22499999999999998, 0.0]]",6,5,5,full,493,3904,1674,504,493,504,1.0,0.65,0.65,8,98.0,6.547272611562902,11,0.021825396825396824,#7fa0db,0.49803922,0.627451,0.85882354,65.40591409659146,4.4775882077,-34.02393469321847,64.48713488630318,5.361027905372053,-34.45750864505088,11.36085328545069,17.895361997770735,1.7776356677702785,5.38047894506429,1.6883235899152718,277.49710690299725,34.31729779813862,LayerLoomPhotos100NCZ_5/centered_4x3_tif/DSC_4539cnm.tif,DSC_4539cnm.tif,DSC_4539,cnm,capture_number,4539,c,n,m,CMY+neutral,full__cnm__DSC_4539cnm,0.5438066465256798
34,cnm_full_034_cccm,cnm,full,cccm,cccm,0.75,0.0,0.25,0.75,0.0,0.25,0.25,0.0,#5c9ccb,0.36176470588235293,0.6127450980392157,0.7941176470588236,62.02760964894165,-7.296634181354344,-30.004299401504532,"[[0.2916666666666667, 0.07216878364870322], [0.22499999999999998, 0.0721687836487032], [0.22499999999999998, 0.0], [0.29166666666666674, 0.0]]",6,5,5,full,1080,5701,2447,1103,1080,1103,1.0,0.65,0.65,8,98.0,5.538438418709842,23,0.02085222121486854,#8299d6,0.50980395,0.6,0.8392157,63.66157179569152,7.211447753097233,-33.35321806625624,63.523211549832844,7.1780136621915505,-33.58442880458276,10.14019900335211,14.978969588623047,2.6694295413202505,4.478842858379823,1.3269946162168065,282.2003721374749,34.12392319284072,LayerLoomPhotos100NCZ_5/centered_4x3_tif/DSC_4539cnm.tif,DSC_4539cnm.tif,DSC_4539,cnm,capture_number,4539,c,n,m,CMY+neutral,full__cnm__DSC_4539cnm,0.5438066465256798
35,cnm_full_035_ccm,cnm,full,ccm,ccm,0.6666666666666666,0.0,0.3333333333333333,0.6666666666666666,0.0,0.3333333333333333,0.3333333333333333,0.0,#688ec5,0.40653594771241824,0.5555555555555556,0.7712418300653595,58.21165026866812,1.8861516758218455,-32.60539208245304,"[[0.3666666666666667, 0.07698003589195004], [0.3416666666666667, 0.0914137926216907], [0.31666666666666665, 0.08660254037844384], [0.2916666666666667, 0.07216878364870323], [0.2916666666666667, 0.0], [0.3666666666666667, 0.0]]",6,5,5,full,1517,7373,3175,1548,1517,1548,1.0,0.65,0.65,8,98.0,5.421564484706407,31,0.020025839793281652,#8294d2,0.50980395,0.5803922,0.8235294,62.167604281386474,9.467283392940285,-34.03241598929454,61.866566461923945,9.538109141847642,-34.03811083305834,6.229414412988267,8.66945946952512,2.270729568589871,4.05796815705888,1.1919589384903375,285.5457315885487,35.32470513550869,LayerLoomPhotos100NCZ_5/centered_4x3_tif/DSC_4539cnm.tif,DSC_4539cnm.tif,DSC_4539,cnm,capture_number,4539,c,n,m,CMY+neutral,full__cnm__DSC_4539cnm,0.5438066465256798
36,cnm_full_036_cmcmcn,cnm,full,cmcmcy,cmcmcn,0.5,0.16666666666666666,0.3333333333333333,0.5,0.16666666666666666,0.3333333333333333,0.41666666666666663,0.14433756729740643,#7584b8,0.45882352941176463,0.5183006535947712,0.7228758169934641,55.89036766430988,7.44316866244088,-29.144488009462233,"[[0.44999999999999996, 0.06735753140545633], [0.4833333333333334, 0.08660254037844393], [0.44166666666666676, 0.20688384645961588], [0.3583333333333334, 0.1587713240271471], [0.3416666666666667, 0.09141379262169072], [0.3666666666666667, 0.07698003589195006]]",6,5,5,full,3518,15034,6371,3589,3518,3589,1.0,0.65,0.65,8,98.0,5.093246654019975,71,0.01978266926720535,#8389b8,0.5137255,0.5372549,0.72156864,58.20566167602636,10.335826215296384,-26.694547247941546,58.26169363410237,9.349476772604676,-25.94969708756302,4.153329867757942,4.441876159208263,2.411131969039893,4.260466394684256,1.1547530712953549,291.16583871207513,28.62565556149573,LayerLoomPhotos100NCZ_5/centered_4x3_tif/DSC_4539cnm.tif,DSC_4539cnm.tif,DSC_4539,cnm,capture_number,4539,c,n,m,CMY+neutral,full__cnm__DSC_4539cnm,0.5438066465256798
37,cnm_full_037_ccmcm,cnm,full,ccmcm,ccmcm,0.6,0.0,0.4,0.6,0.0,0.4,0.4,0.0,#7182c0,0.4423529411764706,0.5098039215686275,0.7529411764705883,55.346614328532084,9.718729906051603,-34.38506179838539,"[[0.44999999999999996, 0.06735753140545633], [0.3666666666666667, 0.07698003589195006], [0.3666666666666667, 0.0], [0.44999999999999996, 0.0]]",6,5,5,full,1417,7097,3009,1446,1417,1446,1.0,0.65,0.65,8,98.0,5.78767814804424,29,0.020055325034578148,#858ccd,0.52156866,0.54901963,0.8039216,60.256946545423986,12.93163239464823,-34.2536665544076,60.4317285648314,12.230555082586488,-33.97492791052996,5.062552363984318,5.869528907128486,2.1089436375900337,4.296713282755825,1.2497606565447774,290.6828001820601,36.61339630259473,LayerLoomPhotos100NCZ_5/centered_4x3_tif/DSC_4539cnm.tif,DSC_4539cnm.tif,DSC_4539,cnm,capture_number,4539,c,n,m,CMY+neutral,full__cnm__DSC_4539cnm,0.5438066465256798
38,cnm_full_038_cm,cnm,full,cm,cm,0.5,0.0,0.5,0.5,0.0,0.5,0.5,0.0,#7e71b9,0.496078431372549,0.4411764705882353,0.7254901960784315,51.467797581737514,22.037982855022285,-36.3763344153146,"[[0.55, 0.06735753140545635], [0.5166666666666666, 0.08660254037844395], [0.4833333333333334, 0.08660254037844395], [0.44999999999999996, 0.06735753140545636], [0.44999999999999996, 0.0], [0.55, 0.0]]",6,5,5,full,2135,9364,4052,2179,2135,2179,1.0,0.65,0.65,8,98.0,2.9924416236741487,44,0.020192748967416244,#8d86c8,0.5529412,0.5254902,0.78431374,58.79125676816392,17.84171139154256,-33.6117597797126,58.89856222860266,17.81486002717512,-33.61068953583045,7.180694435150755,8.881701501755252,1.100368511121726,2.2930808070385633,0.7162983553230502,297.960146292338,38.053607724737546,LayerLoomPhotos100NCZ_5/centered_4x3_tif/DSC_4539cnm.tif,DSC_4539cnm.tif,DSC_4539,cnm,capture_number,4539,c,n,m,CMY+neutral,full__cnm__DSC_4539cnm,0.5438066465256798
39,cnm_full_039_cmcmn,cnm,full,cmcmy,cmcmn,0.4,0.2,0.4,0.4,0.2,0.4,0.5,0.17320508075688773,#8177b1,0.5050980392156863,0.4650980392156862,0.6949019607843138,52.87503774497441,17.060106978989186,-29.66229092455588,"[[0.5166666666666666, 0.08660254037844392], [0.5583333333333332, 0.20688384645961583], [0.5499999999999999, 0.23094010767585013], [0.45000000000000007, 0.23094010767585016], [0.44166666666666676, 0.20688384645961586], [0.4833333333333334, 0.08660254037844392]]",6,5,5,full,3123,13685,5848,3186,3123,3186,1.0,0.65,0.65,8,98.0,6.497336799945484,63,0.01977401129943503,#8683b2,0.5254902,0.5137255,0.69803923,56.55806911260156,12.039732553285498,-24.51480738439047,56.79203867569159,11.57181630285217,-24.25014548418773,4.499319728742531,8.078704489301424,2.8499922597113483,5.51288390236281,1.4455250882432122,296.156616278897,27.31173632430586,LayerLoomPhotos100NCZ_5/centered_4x3_tif/DSC_4539cnm.tif,DSC_4539cnm.tif,DSC_4539,cnm,capture_number,4539,c,n,m,CMY+neutral,full__cnm__DSC_4539cnm,0.5438066465256798
40,cnm_full_040_cmcmm,cnm,full,cmcmm,cmcmm,0.4,0.0,0.6,0.4,0.0,0.6,0.6,0.0,#8c5fb2,0.5498039215686275,0.37254901960784315,0.6980392156862746,48.249788201706025,34.528231343394225,-37.28959296890542,"[[0.6333333333333333, 0.07698003589195006], [0.55, 0.06735753140545635], [0.55, 0.0], [0.6333333333333334, 0.0]]",6,5,5,full,1437,7133,3032,1466,1437,1466,1.0,0.65,0.65,8,98.0,7.763611105641778,29,0.019781718963165076,#9482c4,0.5803922,0.50980395,0.76862746,58.28446094028462,20.25727055105808,-32.3226227736642,57.86458057129311,22.095820312166236,-32.47405363893715,11.729289778264464,18.139067556718082,2.5031659104479624,6.396349366253411,2.0703856905065767,302.07624127755554,38.145890383465435,LayerLoomPhotos100NCZ_5/centered_4x3_tif/DSC_4539cnm.tif,DSC_4539cnm.tif,DSC_4539,cnm,capture_number,4539,c,n,m,CMY+neutral,full__cnm__DSC_4539cnm,0.5438066465256798
41,cnm_full_041_cmm,cnm,full,cmm,cmm,0.3333333333333333,0.0,0.6666666666666666,0.3333333333333333,0.0,0.6666666666666666,0.6666666666666666,0.0,#9553ad,0.5856209150326798,0.32679738562091504,0.6797385620915034,46.564317820141355,42.571600369637416,-37.144930571146006,"[[0.7083333333333331, 0.07216878364870336], [0.6833333333333338, 0.08660254037844362], [0.6583333333333332, 0.09141379262169061], [0.6333333333333334, 0.07698003589195007], [0.6333333333333334, 0.0], [0.7083333333333333, 0.0]]",6,5,5,full,1498,7419,3152,1529,1498,1529,1.0,0.65,0.65,8,98.0,7.069747936411097,31,0.020274689339437543,#9c7abf,0.6117647,0.47843137,0.7490196,56.87310927507339,27.183933049095582,-31.75434110199633,57.236955570277146,26.800398195667054,-31.60713275982195,11.877179690857364,19.290151416042804,2.5035184212657517,5.060919318681325,1.6170759765794696,310.5658341251728,41.800770266104486,LayerLoomPhotos100NCZ_5/centered_4x3_tif/DSC_4539cnm.tif,DSC_4539cnm.tif,DSC_4539,cnm,capture_number,4539,c,n,m,CMY+neutral,full__cnm__DSC_4539cnm,0.5438066465256798
42,cnm_full_042_cmcmnm,cnm,full,cmcmym,cmcmnm,0.3333333333333333,0.16666666666666666,0.5,0.3333333333333333,0.16666666666666666,0.5,0.5833333333333334,0.14433756729740643,#8c67ad,0.5483660130718954,0.40392156862745093,0.6771241830065359,49.81708235779881,28.543827965244017,-31.721842824705227,"[[0.6583333333333332, 0.09141379262169057], [0.6416666666666665, 0.15877132402714716], [0.5583333333333332, 0.20688384645961586], [0.5166666666666666, 0.0866025403784439], [0.55, 0.06735753140545633], [0.6333333333333334, 0.07698003589195007]]",6,5,5,full,3522,14956,6389,3593,3522,3593,1.0,0.65,0.65,8,98.0,6.756324203262916,71,0.019760645699972167,#907fb4,0.5647059,0.49803922,0.7058824,56.352329970529084,17.451558000228907,-25.400832813787556,56.073755472147525,17.55882241077468,-24.68836765191821,8.243307669710637,14.342352732191273,2.70612508665453,5.488514860468757,1.5359974578042528,304.4908824216967,30.818163220239782,LayerLoomPhotos100NCZ_5/centered_4x3_tif/DSC_4539cnm.tif,DSC_4539cnm.tif,DSC_4539,cnm,capture_number,4539,c,n,m,CMY+neutral,full__cnm__DSC_4539cnm,0.5438066465256798
43,cnm_full_043_cmmm,cnm,full,cmmm,cmmm,0.25,0.0,0.75,0.25,0.0,0.75,0.75,0.0,#a145a8,0.6303921568627451,0.2696078431372549,0.6568627450980393,45.06263653556892,51.86511691404066,-35.97102947994762,"[[0.7750000000000006, 0.07216878364870336], [0.7083333333333333, 0.07216878364870336], [0.7083333333333331, 0.0], [0.7750000000000006, 0.0]]",6,5,5,full,1082,5701,2449,1104,1082,1104,1.0,0.65,0.65,8,98.0,7.909088787303569,22,0.019927536231884056,#aa72bc,0.6666667,0.44705883,0.7372549,56.10820574067734,34.77862929966308,-29.826261886180518,56.922570606719944,34.01814632649775,-29.711312264620243,12.437162174012053,21.253489756802956,2.6354603989731733,6.233702568382421,1.8240924581996272,319.38350579297514,45.816579467114394,LayerLoomPhotos100NCZ_5/centered_4x3_tif/DSC_4539cnm.tif,DSC_4539cnm.tif,DSC_4539,cnm,capture_number,4539,c,n,m,CMY+neutral,full__cnm__DSC_4539cnm,0.5438066465256798
44,cnm_full_044_cmmmm,cnm,full,cmmmm,cmmmm,0.2,0.0,0.8,0.2,0.0,0.8,0.8,0.0,#a83ca4,0.6572549019607843,0.23529411764705882,0.6431372549019609,44.510929531904225,56.86520806107603,-34.69393627011521,"[[0.8166666666666662, 0.08660254037844367], [0.7750000000000006, 0.07216878364870337], [0.7750000000000006, 0.0], [0.8166666666666663, 0.0]]",6,5,5,full,485,3913,1667,495,485,495,1.0,0.65,0.65,8,98.0,8.695541186592935,10,0.020202020202020204,#b16eb9,0.69411767,0.43137255,0.7254902,56.202539516410425,40.32485573826039,-28.540575851451734,56.69522778190507,38.453675311209814,-28.52645880499311,12.756667667246564,21.169337340470822,3.110367015565406,6.647601473033122,2.0188826638343476,324.7104245797647,49.40302076031365,LayerLoomPhotos100NCZ_5/centered_4x3_tif/DSC_4539cnm.tif,DSC_4539cnm.tif,DSC_4539,cnm,capture_number,4539,c,n,m,CMY+neutral,full__cnm__DSC_4539cnm,0.5438066465256798
45,cnm_full_045_cmmmmm,cnm,full,cmmmmm,cmmmmm,0.16666666666666666,0.0,0.8333333333333334,0.16666666666666666,0.0,0.8333333333333334,0.8333333333333334,0.0,#ac36a2,0.6751633986928104,0.2124183006535948,0.6339869281045752,44.29329499365149,59.912836127730685,-33.59685277421012,"[[0.8333333333333333, 0.0962250448649377], [0.8166666666666662, 0.0866025403784437], [0.8166666666666663, 0.0], [0.9166666666666666, 0.0], [0.9166666666666666, 0.048112522432468836]]",6,5,5,full,1818,8928,3803,1856,1818,1856,1.0,0.65,0.65,8,98.0,7.83789088171751,38,0.020474137931034482,#b76cb7,0.7176471,0.42352942,0.7176471,56.68305402864538,42.21637366134484,-26.30074144781306,57.14542637370214,40.758243117219536,-26.31168021236426,13.472823610329128,22.80140682625954,2.6141029370141293,6.479256120573893,1.8177474310897626,328.07715181120255,49.73882996029362,LayerLoomPhotos100NCZ_5/centered_4x3_tif/DSC_4539cnm.tif,DSC_4539cnm.tif,DSC_4539,cnm,capture_number,4539,c,n,m,CMY+neutral,full__cnm__DSC_4539cnm,0.5438066465256798
46,cnm_full_046_m,cnm,full,m,m,0.0,0.0,1.0,0.0,0.0,1.0,1.0,0.0,#c31996,0.7647058823529411,0.09803921568627451,0.5882352941176471,44.94517938493525,71.41561872915153,-25.286338363609783,"[[0.9166666666666667, 0.048112522432468885], [0.9166666666666667, 0.0], [1.0, 0.0], [0.9583333333333334, 0.07216878364870329]]",6,5,5,full,636,4716,2037,649,636,649,1.0,0.65,0.65,8,98.0,2.319233233318451,13,0.020030816640986132,#e567ac,0.8980392,0.40392157,0.6745098,61.115244499202134,56.29000445562979,-13.098351236494764,61.04581899147125,56.38887059501737,-13.14712080261114,16.67005169217992,25.274537447037815,0.6410445344959883,1.4898610400128973,0.49890908828942643,346.9007175522588,57.793869975365084,LayerLoomPhotos100NCZ_5/centered_4x3_tif/DSC_4539cnm.tif,DSC_4539cnm.tif,DSC_4539,cnm,capture_number,4539,c,n,m,CMY+neutral,full__cnm__DSC_4539cnm,0.5438066465256798
47,cnm_full_047_cmnm,cnm,full,cmym,cmnm,0.25,0.25,0.5,0.25,0.25,0.5,0.625,0.21650635094610965,#9362a7,0.5745098039215686,0.38529411764705884,0.6529411764705882,49.144017858132514,31.96368760812024,-29.112840245830938,"[[0.6833333333333332, 0.23094010767585077], [0.6000000000000006, 0.27905263010831916], [0.575, 0.2742413778650722], [0.5499999999999999, 0.23094010767585016], [0.5583333333333332, 0.20688384645961583], [0.6416666666666664, 0.1587713240271472]]",6,5,5,full,2148,10933,4653,2192,2148,2192,1.0,0.65,0.65,8,98.0,6.367493724413432,44,0.020072992700729927,#9079a4,0.5647059,0.4745098,0.6431373,54.495878206832884,17.554912191921012,-20.60243556670187,54.536217458972395,17.39351216331469,-20.04549144493778,8.606627377739064,17.569354171084388,2.731661259706889,4.436153036556497,1.2874606049338768,310.43363506008643,27.06723652954175,LayerLoomPhotos100NCZ_5/centered_4x3_tif/DSC_4539cnm.tif,DSC_4539cnm.tif,DSC_4539,cnm,capture_number,4539,c,n,m,CMY+neutral,full__cnm__DSC_4539cnm,0.5438066465256798
48,cnm_full_048_cmmnm,cnm,full,cmmym,cmmnm,0.2,0.2,0.6,0.2,0.2,0.6,0.7,0.17320508075688773,#9c54a3,0.6125490196078431,0.32784313725490194,0.6400000000000001,46.99970774817649,42.34273197354682,-30.428295038359508,"[[0.766666666666667, 0.23094010767584996], [0.7499999999999998, 0.25018511664883825], [0.6833333333333333, 0.23094010767585071], [0.6416666666666665, 0.15877132402714722], [0.6583333333333332, 0.0914137926216906], [0.6833333333333339, 0.08660254037844359]]",6,5,5,full,2373,12574,5298,2422,2373,2422,1.0,0.65,0.65,8,98.0,10.52089664825771,49,0.02023121387283237,#9972a4,0.6,0.44705883,0.6431373,53.418522866754046,23.33215364153174,-22.039956228734468,54.38939061095776,23.143918766937286,-21.397524090117805,9.939862097501132,21.747816074935493,3.55279448351488,7.344704151825826,2.0884265255673453,316.6313424808766,32.09593532079373,LayerLoomPhotos100NCZ_5/centered_4x3_tif/DSC_4539cnm.tif,DSC_4539cnm.tif,DSC_4539,cnm,capture_number,4539,c,n,m,CMY+neutral,full__cnm__DSC_4539cnm,0.5438066465256798
49,cnm_full_049_cmmmnm,cnm,full,cmmmym,cmmmnm,0.16666666666666666,0.16666666666666666,0.6666666666666666,0.16666666666666666,0.16666666666666666,0.6666666666666666,0.75,0.14433756729740643,#a34aa1,0.6379084967320261,0.28954248366013075,0.6313725490196079,45.90877972645445,48.77012302292222,-30.766693031988712,"[[0.8250000000000003, 0.1587713240271464], [0.7916666666666666, 0.21650635094610957], [0.7666666666666672, 0.2309401076758499], [0.6833333333333339, 0.08660254037844357], [0.7083333333333331, 0.07216878364870336], [0.7750000000000006, 0.07216878364870336], [0.8166666666666662, 0.08660254037844367], [0.8333333333333333, 0.09622504486493769], [0.8333333333333333, 0.11547005383792629]]",6,5,5,full,4114,17167,7320,4198,4114,4198,1.0,0.65,0.65,8,98.0,8.387631565054452,84,0.020009528346831826,#a271a6,0.63529414,0.44313726,0.6509804,54.47513206741151,29.46291844209484,-22.371661779741036,54.810930703203795,28.72611114759887,-21.727569742984844,11.01771223616008,22.729432260431793,3.2188719619705917,5.976749251759659,1.6332676360334584,322.7900203758189,36.99398348262401,LayerLoomPhotos100NCZ_5/centered_4x3_tif/DSC_4539cnm.tif,DSC_4539cnm.tif,DSC_4539,cnm,capture_number,4539,c,n,m,CMY+neutral,full__cnm__DSC_4539cnm,0.5438066465256798
50,cnm_full_050_mmmmmn,cnm,full,mmmmmy,mmmmmn,0.0,0.16666666666666666,0.8333333333333334,0.0,0.16666666666666666,0.8333333333333334,0.9166666666666667,0.14433756729740643,#ba2d95,0.7274509803921568,0.17516339869281047,0.5856209150326798,44.81708723256165,64.5261279992363,-25.217343718216046,"[[0.8333333333333334, 0.11547005383792527], [0.8333333333333334, 0.09622504486493769], [0.9166666666666666, 0.0481125224324689], [0.9583333333333333, 0.07216878364870329], [0.9083333333333332, 0.15877132402714716]]",6,5,5,full,1503,8901,3798,1533,1503,1533,1.0,0.65,0.65,8,98.0,5.38700951801094,30,0.019569471624266144,#bf659f,0.7490196,0.39607844,0.62352943,55.14090597808655,45.11312255158623,-15.88680228421888,55.20620114504356,43.28011802302745,-15.30217252510864,11.924024511322784,23.88524685768352,1.8830618890188968,3.7420472750023683,1.1183058179312089,340.60004069720446,47.82869759017384,LayerLoomPhotos100NCZ_5/centered_4x3_tif/DSC_4539cnm.tif,DSC_4539cnm.tif,DSC_4539,cnm,capture_number,4539,c,n,m,CMY+neutral,full__cnm__DSC_4539cnm,0.5438066465256798
51,cnm_full_051_mmmmn,cnm,full,mmmmy,mmmmn,0.0,0.2,0.8,0.0,0.2,0.8,0.9,0.17320508075688773,#b83195,0.72,0.19058823529411764,0.5850980392156864,44.918116447875995,62.80487675537733,-25.00603531788006,"[[0.8250000000000001, 0.15877132402714667], [0.8333333333333333, 0.11547005383792514], [0.9083333333333332, 0.15877132402714725], [0.8875000000000002, 0.19485571585149836]]",6,5,5,full,287,3936,1698,293,287,293,1.0,0.65,0.65,8,98.0,4.702277795265954,6,0.020477815699658702,#bb669f,0.73333335,0.4,0.62352943,54.86742015287638,42.404940847482365,-15.24180242867985,55.0006301827193,40.526887889992864,-14.871304407109495,11.848569649336143,24.7080204220228,1.7072125472016786,3.3069525822170256,1.13710666830982,340.22980776029596,45.060975905470464,LayerLoomPhotos100NCZ_5/centered_4x3_tif/DSC_4539cnm.tif,DSC_4539cnm.tif,DSC_4539,cnm,capture_number,4539,c,n,m,CMY+neutral,full__cnm__DSC_4539cnm,0.5438066465256798
52,cnm_full_052_mmmn,cnm,full,mmmy,mmmn,0.0,0.25,0.75,0.0,0.25,0.75,0.875,0.21650635094610965,#b53795,0.7088235294117646,0.21372549019607845,0.584313725490196,45.152474771199074,60.00786555802967,-24.560241234987366,"[[0.7916666666666665, 0.21650635094610965], [0.8250000000000001, 0.1587713240271467], [0.8875000000000002, 0.19485571585149844], [0.8541666666666666, 0.2525907427704614]]",6,5,5,full,732,5696,2413,747,732,747,1.0,0.65,0.65,8,98.0,5.219754426684714,15,0.020080321285140562,#b36899,0.7019608,0.40784314,0.6,54.16595345023774,37.23705974698582,-14.08995384476609,53.887491810410765,36.679635787059375,-13.833844328646405,11.717382160629104,26.634175662399983,1.6865482976547725,3.7881422321539833,1.114229258451331,339.27409715549663,39.813633568769255,LayerLoomPhotos100NCZ_5/centered_4x3_tif/DSC_4539cnm.tif,DSC_4539cnm.tif,DSC_4539,cnm,capture_number,4539,c,n,m,CMY+neutral,full__cnm__DSC_4539cnm,0.5438066465256798
53,cnm_full_053_mmn,cnm,full,mmy,mmn,0.0,0.3333333333333333,0.6666666666666666,0.0,0.3333333333333333,0.6666666666666666,0.8333333333333333,0.28867513459481287,#b04095,0.6901960784313724,0.2522875816993464,0.5830065359477125,45.76549839412049,54.79116553605162,-23.472415052041008,"[[0.7499999999999999, 0.2790526301083193], [0.7499999999999999, 0.25018511664883825], [0.7666666666666673, 0.23094010767584988], [0.7916666666666665, 0.2165063509461097], [0.8541666666666666, 0.25259074277046145], [0.8166666666666667, 0.3175426480542943]]",6,5,5,full,1228,7467,3164,1251,1228,1251,1.0,0.65,0.65,8,98.0,4.1342635509696235,23,0.01838529176658673,#a76a92,0.654902,0.41568628,0.57254905,52.683350903275134,30.534379676065093,-11.855246358692618,52.834524749777245,30.326582007701166,-11.823267443414508,11.158296173437796,27.770613101719118,1.9032802957748165,3.131175272050813,0.9121399405655017,338.78085231170115,32.75507912412045,LayerLoomPhotos100NCZ_5/centered_4x3_tif/DSC_4539cnm.tif,DSC_4539cnm.tif,DSC_4539,cnm,capture_number,4539,c,n,m,CMY+neutral,full__cnm__DSC_4539cnm,0.5438066465256798
54,cnm_full_054_cmnmnm,cnm,full,cmymym,cmnmnm,0.16666666666666666,0.3333333333333333,0.5,0.16666666666666666,0.3333333333333333,0.5,0.6666666666666666,0.28867513459481287,#995ea0,0.6006535947712418,0.3666666666666667,0.6287581699346406,48.580947435734245,35.45521188408951,-26.302514451949243,"[[0.7499999999999998, 0.2790526301083193], [0.7166666666666667, 0.35603266600026906], [0.6833333333333338, 0.3752776749732563], [0.6000000000000006, 0.27905263010831927], [0.6833333333333333, 0.23094010767585077], [0.7499999999999998, 0.2501851166488382]]",6,5,5,full,3420,14965,6420,3485,3420,3485,1.0,0.65,0.65,8,98.0,10.189545779942668,65,0.018651362984218076,#907598,0.5647059,0.45882353,0.59607846,52.89261255364008,17.558086968204574,-15.477626188507443,53.50120182450024,17.144325403614822,-15.60639976097415,9.48188980997806,21.355929908570015,3.5933475597039313,6.826557501720059,2.011497534619284,318.6035066446549,23.406053285725186,LayerLoomPhotos100NCZ_5/centered_4x3_tif/DSC_4539cnm.tif,DSC_4539cnm.tif,DSC_4539,cnm,capture_number,4539,c,n,m,CMY+neutral,full__cnm__DSC_4539cnm,0.5438066465256798
55,cnm_full_055_mmnmn,cnm,full,mmymy,mmnmn,0.0,0.4,0.6,0.0,0.4,0.6,0.8,0.34641016151377546,#ac4894,0.6752941176470587,0.28313725490196073,0.5819607843137256,46.45421009260702,50.15238958253848,-22.296503628763787,"[[0.7166666666666666, 0.356032666000269], [0.7499999999999999, 0.2790526301083194], [0.8166666666666665, 0.3175426480542942], [0.775, 0.38971143170299727]]",6,5,5,full,1124,7114,3077,1146,1124,1146,1.0,0.65,0.65,8,98.0,4.913693705535231,22,0.019197207678883072,#a06b8c,0.627451,0.41960785,0.54901963,51.58800042285126,25.539825926996162,-9.791172764738555,52.11782074237976,25.964856732108764,-9.912343740944348,11.00276491618711,28.080551861951967,1.821236101566883,3.7271023116186663,1.081631321627277,339.024734178593,27.35232663760477,LayerLoomPhotos100NCZ_5/centered_4x3_tif/DSC_4539cnm.tif,DSC_4539cnm.tif,DSC_4539,cnm,capture_number,4539,c,n,m,CMY+neutral,full__cnm__DSC_4539cnm,0.5438066465256798
