region_index,label,corner_label,condition,local_stack_token,stack_token,f_bottom_left,f_top,f_bottom_right,f_v,f_c,f_m,site_x,site_y,expected_hex,expected_R,expected_G,expected_B,expected_L,expected_a,expected_b,polygon_xy,max_height,max_run,distinct_lte,preset,sample_pixels,raw_region_pixels,core_region_pixels,candidate_mask_pixels,sample_mask_pixels,old_color_mask_pixels,old_color_mask_fraction,sample_core_fraction_requested,sample_core_fraction_used,erosion_px_used,lab_trim_percentile,lab_trim_cutoff_deltaE00,lab_trimmed_pixels,lab_trimmed_fraction,measured_hex,measured_R,measured_G,measured_B,measured_L,measured_a,measured_b,measured_L_mean,measured_a_mean,measured_b_mean,deltaE00_to_expected,deltaE76_to_expected,within_region_deltaE00_median,within_region_deltaE00_p90,within_region_deltaE00_sd,hue_angle_degrees,measured_chroma,source_path,filename,photo_id,filename_label,condition_source,capture_number,bottom_left_anchor,top_anchor,bottom_right_anchor,palette_family,analysis_id,analysis_scale
1,vcm_full_001_mc,vcm,full,my,mc,0.0,0.5,0.5,0.0,0.5,0.5,0.75,0.4330127018922193,#7e71b9,0.496078431372549,0.4411764705882353,0.7254901960784315,51.467797581737514,22.037982855022285,-36.3763344153146,"[[0.6666666666666666, 0.44263520637871306], [0.6666666666666666, 0.4041451884327384], [0.6833333333333337, 0.3752776749732563], [0.7166666666666667, 0.356032666000269], [0.7750000000000001, 0.38971143170299727], [0.7250000000000001, 0.47631397208144116]]",6,5,5,full,1854,9690,4094,1892,1854,1892,1.0,0.65,0.65,8,98.0,4.105879303043865,38,0.0200845665961945,#928ecf,0.57254905,0.5568628,0.8117647,61.46347625833825,15.738437258982941,-32.95631083172877,61.35502984778754,15.87016014746221,-32.9584966092633,9.731056335078305,12.300180008223967,1.4981342716915294,2.5896656329295045,0.8061840028441712,295.52702198727883,36.521457131287434,LayerLoomPhotos100NCZ_5/centered_4x3_tif/DSC_4563vcm.tif,DSC_4563vcm.tif,DSC_4563,vcm,capture_number,4563,v,c,m,CMY+OVG,full__vcm__DSC_4563vcm,0.5497861942577886
2,vcm_full_002_vmc,vcm,full,cmy,vmc,0.3333333333333333,0.3333333333333333,0.3333333333333333,0.3333333333333333,0.3333333333333333,0.3333333333333333,0.5,0.28867513459481287,#7a68d0,0.4797385620915033,0.407843137254902,0.8169934640522877,50.25415759752278,32.39983190759982,-51.70460169026614,"[[0.55, 0.23094010767585016], [0.5750000000000001, 0.2742413778650722], [0.525, 0.3608439182435162], [0.475, 0.3608439182435162], [0.42499999999999993, 0.27424137786507224], [0.45, 0.23094010767585016]]",6,5,5,full,4224,16956,7180,4311,4224,4311,1.0,0.65,0.65,8,98.0,8.134195233838186,87,0.020180932498260265,#8976c7,0.5372549,0.4627451,0.78039217,54.45685442488376,25.47099765568084,-39.733215436034605,54.12215153988074,25.64899684835214,-39.74792728378802,5.866863096922616,14.456330570420675,3.3431368404155157,5.861478583402531,1.900635540289445,302.661922242523,47.19639954977538,LayerLoomPhotos100NCZ_5/centered_4x3_tif/DSC_4563vcm.tif,DSC_4563vcm.tif,DSC_4563,vcm,capture_number,4563,v,c,m,CMY+OVG,full__vcm__DSC_4563vcm,0.5497861942577886
3,vcm_full_003_vmcmc,vcm,full,cmymy,vmcmc,0.2,0.4,0.4,0.2,0.4,0.4,0.6000000000000001,0.34641016151377546,#7c6bc7,0.4862745098039216,0.4211764705882353,0.7803921568627452,50.69531779811416,28.187990804544928,-45.658076672855216,"[[0.6000000000000006, 0.27905263010831916], [0.6833333333333337, 0.3752776749732563], [0.6666666666666666, 0.40414518843273833], [0.5416666666666666, 0.3800889272165036], [0.5249999999999999, 0.36084391824351614], [0.575, 0.2742413778650722]]",6,5,5,full,2884,13902,5822,2943,2884,2943,1.0,0.65,0.65,8,98.0,5.572532798726991,59,0.020047570506286104,#8a7ec9,0.5411765,0.49411765,0.7882353,56.51074388785043,21.60625405670158,-37.49085977636302,56.75162139299387,21.47423844254113,-37.34239805133094,6.404089980378611,11.993409484272789,2.766547055599419,4.340965066770815,1.257300988242068,299.9551590324842,43.27117725615572,LayerLoomPhotos100NCZ_5/centered_4x3_tif/DSC_4563vcm.tif,DSC_4563vcm.tif,DSC_4563,vcm,capture_number,4563,v,c,m,CMY+OVG,full__vcm__DSC_4563vcm,0.5497861942577886
4,vcm_full_004_mcmcc,vcm,full,mymyy,mcmcc,0.0,0.6,0.4,0.0,0.6,0.4,0.7,0.5196152422706631,#7182c0,0.4423529411764706,0.5098039215686274,0.7529411764705883,55.34661432853207,9.718729906051603,-34.38506179838541,"[[0.6166666666666667, 0.5099927377841692], [0.6666666666666667, 0.442635206378713], [0.7250000000000001, 0.47631397208144116], [0.6833333333333335, 0.5484827557301443]]",6,5,5,full,1117,7266,3116,1139,1117,1139,1.0,0.65,0.65,8,98.0,4.832642736281874,22,0.019315188762071993,#8d94d3,0.5529412,0.5803922,0.827451,63.010988782265926,12.505544488166153,-33.291124098844804,62.92389007957084,11.964959293804364,-33.26229615437192,7.291928838304784,8.22834557931366,1.993427768029075,3.7496554513676035,1.1000477049254063,290.5882873756958,35.562446298169476,LayerLoomPhotos100NCZ_5/centered_4x3_tif/DSC_4563vcm.tif,DSC_4563vcm.tif,DSC_4563,vcm,capture_number,4563,v,c,m,CMY+OVG,full__vcm__DSC_4563vcm,0.5497861942577886
5,vcm_full_005_mcc,vcm,full,myy,mcc,0.0,0.6666666666666666,0.3333333333333333,0.0,0.6666666666666666,0.3333333333333333,0.6666666666666666,0.5773502691896257,#688ec5,0.40653594771241824,0.5555555555555555,0.7712418300653595,58.21165026866812,1.88615167582179,-32.60539208245304,"[[0.5833333333333334, 0.5773502691896258], [0.5833333333333334, 0.5484827557301436], [0.5916666666666665, 0.52442649451391], [0.6166666666666667, 0.5099927377841692], [0.6833333333333335, 0.5484827557301444], [0.6458333333333334, 0.6134346610139774]]",6,5,5,full,1304,7603,3261,1331,1304,1331,1.0,0.65,0.65,8,98.0,5.821096305012785,27,0.0202854996243426,#8b9bd8,0.54509807,0.60784316,0.84705883,64.73214480086207,9.183561612880142,-33.056490485931576,64.5080470001342,9.19621356937691,-33.1584230225213,7.796549845924734,9.796557073965838,2.0331282841097718,3.753134282741129,1.154887702630714,285.5260469693668,34.308444545680736,LayerLoomPhotos100NCZ_5/centered_4x3_tif/DSC_4563vcm.tif,DSC_4563vcm.tif,DSC_4563,vcm,capture_number,4563,v,c,m,CMY+OVG,full__vcm__DSC_4563vcm,0.5497861942577886
6,vcm_full_006_vcmcmc,vcm,full,cymymy,vcmcmc,0.16666666666666666,0.5,0.3333333333333333,0.16666666666666666,0.5,0.3333333333333333,0.5833333333333333,0.4330127018922193,#717bcb,0.4431372549019608,0.48169934640522877,0.7941176470588237,53.94423211795521,17.11052902068122,-42.56226998751076,"[[0.6166666666666668, 0.5099927377841692], [0.5916666666666663, 0.5244264945139101], [0.5416666666666666, 0.47631397208144155], [0.5416666666666665, 0.3800889272165036], [0.6666666666666667, 0.40414518843273833], [0.6666666666666667, 0.44263520637871284]]",6,5,5,full,3640,15229,6480,3715,3640,3715,1.0,0.65,0.65,8,98.0,6.374627978561857,75,0.020188425302826378,#8888cf,0.53333336,0.53333336,0.8117647,59.28200541834819,16.794353374666226,-36.70595514197481,58.706196235894,17.15040637382301,-36.83701740619691,5.8275124825337015,7.93020897679033,1.6667755852341626,4.540120528267643,1.379397435072883,294.5858745131606,40.36554778716412,LayerLoomPhotos100NCZ_5/centered_4x3_tif/DSC_4563vcm.tif,DSC_4563vcm.tif,DSC_4563,vcm,capture_number,4563,v,c,m,CMY+OVG,full__vcm__DSC_4563vcm,0.5497861942577886
7,vcm_full_007_mccc,vcm,full,myyy,mccc,0.0,0.75,0.25,0.0,0.75,0.25,0.625,0.649519052838329,#5c9ccb,0.36176470588235293,0.6127450980392156,0.7941176470588236,62.027609648941635,-7.296634181354289,-30.004299401504554,"[[0.55, 0.6350852961085884], [0.5833333333333334, 0.5773502691896258], [0.6458333333333334, 0.6134346610139774], [0.6125, 0.6711696879329399]]",6,5,5,full,755,5800,2468,771,755,771,1.0,0.65,0.65,8,98.0,4.680847095809371,16,0.020752269779507133,#88a1dd,0.53333336,0.6313726,0.8666667,66.44565397519085,6.915801285754142,-33.0135381953637,65.79509384357983,7.085091525791889,-33.19925860027285,10.611022956563689,15.184464287352762,1.857895192842295,3.9723911679035115,1.1347757417583082,281.8314490712338,33.73013506644728,LayerLoomPhotos100NCZ_5/centered_4x3_tif/DSC_4563vcm.tif,DSC_4563vcm.tif,DSC_4563,vcm,capture_number,4563,v,c,m,CMY+OVG,full__vcm__DSC_4563vcm,0.5497861942577886
8,vcm_full_008_mcccc,vcm,full,myyyy,mcccc,0.0,0.8,0.2,0.0,0.8,0.2,0.6000000000000001,0.6928203230275509,#55a5ce,0.3349019607843137,0.6470588235294117,0.807843137254902,64.41427157262386,-12.44504966424509,-28.289394293942706,"[[0.5166666666666657, 0.6639528095680706], [0.55, 0.6350852961085883], [0.6125, 0.6711696879329399], [0.5916666666666659, 0.7072540797572928]]",6,5,5,full,272,3986,1710,276,272,276,1.0,0.65,0.65,8,98.0,7.680013133126318,4,0.014492753623188406,#87a6e1,0.5294118,0.6509804,0.88235295,68.1236857395105,3.491151773633683,-32.85096820067592,66.97159099390947,4.490620142427161,-33.53502923679503,11.333081743378413,16.98617750515807,1.5297883229813518,6.790125658781403,2.064752574897027,276.0661924733687,33.03595393549831,LayerLoomPhotos100NCZ_5/centered_4x3_tif/DSC_4563vcm.tif,DSC_4563vcm.tif,DSC_4563,vcm,capture_number,4563,v,c,m,CMY+OVG,full__vcm__DSC_4563vcm,0.5497861942577886
9,vcm_full_009_mccccc,vcm,full,myyyyy,mccccc,0.0,0.8333333333333334,0.16666666666666666,0.0,0.8333333333333334,0.16666666666666666,0.5833333333333334,0.7216878364870322,#51abd0,0.3169934640522876,0.6699346405228758,0.8169934640522877,66.03760492781542,-15.722572041625526,-27.095443691372466,"[[0.5000000000000002, 0.7698003589195007], [0.5000000000000001, 0.6735753140545636], [0.5166666666666656, 0.6639528095680706], [0.5916666666666659, 0.7072540797572928], [0.5416666666666669, 0.7938566201357351]]",6,5,5,full,1702,9068,3873,1736,1702,1736,1.0,0.65,0.65,8,98.0,5.573621882916905,34,0.019585253456221197,#87a5e0,0.5294118,0.64705884,0.8784314,67.5451260358769,4.035440627546267,-33.333270938261215,67.12534213781726,4.9700036856193615,-33.4072495083017,13.36154587174639,20.774074547099122,1.6782905738917964,4.6724020873081225,1.418424346804332,276.9028318203943,33.57665457579091,LayerLoomPhotos100NCZ_5/centered_4x3_tif/DSC_4563vcm.tif,DSC_4563vcm.tif,DSC_4563,vcm,capture_number,4563,v,c,m,CMY+OVG,full__vcm__DSC_4563vcm,0.5497861942577886
10,vcm_full_010_c,vcm,full,y,c,0.0,1.0,0.0,0.0,1.0,0.0,0.5,0.8660254037844386,#3ac8dc,0.22745098039215686,0.7843137254901961,0.8627450980392157,74.42655654335444,-30.326087604312878,-20.705156122725967,"[[0.4583333333333333, 0.7938566201357353], [0.5000000000000002, 0.7698003589195007], [0.5416666666666667, 0.7938566201357351], [0.5, 0.8660254037844386]]",6,5,5,full,530,4841,2109,541,530,541,1.0,0.65,0.65,8,98.0,1.365704879233259,11,0.02033271719038817,#88b1eb,0.53333336,0.69411767,0.92156863,71.33335007196578,0.9175165793126605,-33.33760162551322,71.45813373331058,0.8911964472901646,-33.355271368792195,19.418226523605842,33.84242024499125,0.358240209498868,0.8713551883869257,0.29462140582305296,271.57649494658125,33.35022516887608,LayerLoomPhotos100NCZ_5/centered_4x3_tif/DSC_4563vcm.tif,DSC_4563vcm.tif,DSC_4563,vcm,capture_number,4563,v,c,m,CMY+OVG,full__vcm__DSC_4563vcm,0.5497861942577886
11,vcm_full_011_vcmc,vcm,full,cymy,vcmc,0.25,0.5,0.25,0.25,0.5,0.25,0.5,0.4330127018922193,#6a80d3,0.4166666666666667,0.5019607843137255,0.8284313725490197,55.31044973022857,15.016515787675822,-45.38529756895946,"[[0.5416666666666665, 0.47631397208144155], [0.4583333333333335, 0.47631397208144155], [0.4583333333333335, 0.3800889272165036], [0.475, 0.3608439182435162], [0.5249999999999999, 0.3608439182435162], [0.5416666666666665, 0.38008892721650367]]",6,5,5,full,2714,11228,4799,2767,2714,2767,1.0,0.65,0.65,8,98.0,6.5558014758596785,53,0.01915431875677629,#8383ce,0.5137255,0.5137255,0.80784315,57.61812389427384,18.48836035018639,-38.875742177119456,57.161228378808836,18.524326037397387,-38.97935748634577,6.009815062482904,7.730030796385582,2.3419029723418943,4.309208397748391,1.3202189915910485,295.43462751582695,43.048145119856315,LayerLoomPhotos100NCZ_5/centered_4x3_tif/DSC_4563vcm.tif,DSC_4563vcm.tif,DSC_4563,vcm,capture_number,4563,v,c,m,CMY+OVG,full__vcm__DSC_4563vcm,0.5497861942577886
12,vcm_full_012_vcmcc,vcm,full,cymyy,vcmcc,0.2,0.6,0.2,0.2,0.6,0.2,0.5,0.5196152422706631,#618ed5,0.3788235294117647,0.5584313725490195,0.8352941176470589,58.776384248891205,4.847106670298973,-40.937265282453275,"[[0.4083333333333336, 0.5244264945139103], [0.45833333333333354, 0.4763139720814415], [0.5416666666666665, 0.47631397208144144], [0.5916666666666665, 0.5244264945139102], [0.5833333333333335, 0.5484827557301435], [0.4166666666666665, 0.5484827557301435]]",6,5,5,full,2742,12688,5401,2797,2742,2797,1.0,0.65,0.65,8,98.0,3.547115340467049,55,0.01966392563460851,#828cd3,0.50980395,0.54901963,0.827451,60.19154373451627,14.393458593039588,-37.81005670061005,59.91390829146368,14.120556395740163,-37.747082617347864,8.401711290057488,10.144700336477268,1.305940745537965,2.6315082060994617,0.7724309210460727,290.8407306839389,40.45703941186122,LayerLoomPhotos100NCZ_5/centered_4x3_tif/DSC_4563vcm.tif,DSC_4563vcm.tif,DSC_4563,vcm,capture_number,4563,v,c,m,CMY+OVG,full__vcm__DSC_4563vcm,0.5497861942577886
13,vcm_full_013_vcmccc,vcm,full,cymyyy,vcmccc,0.16666666666666666,0.6666666666666666,0.16666666666666666,0.16666666666666666,0.6666666666666666,0.16666666666666666,0.5,0.5773502691896257,#5a98d6,0.3535947712418301,0.596078431372549,0.8398692810457516,61.220062205242726,-1.6825810534789598,-37.77890676781717,"[[0.5499999999999997, 0.6350852961085888], [0.5166666666666663, 0.6639528095680701], [0.5000000000000001, 0.6735753140545636], [0.4833333333333337, 0.66395280956807], [0.44999999999999996, 0.6350852961085883], [0.4166666666666665, 0.5773502691896255], [0.41666666666666646, 0.5484827557301435], [0.5833333333333334, 0.5484827557301435], [0.5833333333333334, 0.5773502691896257]]",6,5,5,full,4288,17420,7413,4373,4288,4373,1.0,0.65,0.65,8,98.0,4.289715871118694,85,0.019437457123256344,#8191d7,0.5058824,0.5686275,0.84313726,61.707043329524595,11.219394973907892,-36.97281612257581,61.702208128771794,10.919963680058451,-36.8329618504394,9.807748880543615,12.936302337028826,1.5170409279658776,3.293821333621691,1.0522491735608976,286.88041199657,38.637597694659426,LayerLoomPhotos100NCZ_5/centered_4x3_tif/DSC_4563vcm.tif,DSC_4563vcm.tif,DSC_4563,vcm,capture_number,4563,v,c,m,CMY+OVG,full__vcm__DSC_4563vcm,0.5497861942577886
14,vcm_full_014_vccccc,vcm,full,cyyyyy,vccccc,0.16666666666666666,0.8333333333333334,0.0,0.16666666666666666,0.8333333333333334,0.0,0.4166666666666667,0.7216878364870322,#43b5e2,0.26405228758169935,0.7104575163398693,0.8856209150326798,69.32599965674956,-17.80812918878638,-31.67264899482809,"[[0.4583333333333333, 0.7938566201357353], [0.4083333333333336, 0.7072540797572919], [0.4833333333333335, 0.6639528095680699], [0.5000000000000002, 0.6735753140545637], [0.5000000000000002, 0.7698003589195006]]",6,5,5,full,1689,9199,3859,1723,1689,1723,1.0,0.65,0.65,8,98.0,4.560797962019529,34,0.019733023795705164,#7f9edf,0.49803922,0.61960787,0.8745098,65.12552852591591,5.515021504324647,-36.30136602660101,64.97571313107085,6.414761455800438,-36.334099693741855,15.498592662727058,24.146186807335795,1.7928898506864066,3.9804321750336356,1.180816762512717,278.6385043814114,36.71790622557916,LayerLoomPhotos100NCZ_5/centered_4x3_tif/DSC_4563vcm.tif,DSC_4563vcm.tif,DSC_4563,vcm,capture_number,4563,v,c,m,CMY+OVG,full__vcm__DSC_4563vcm,0.5497861942577886
15,vcm_full_015_vcccc,vcm,full,cyyyy,vcccc,0.2,0.8,0.0,0.2,0.8,0.0,0.4,0.6928203230275509,#45b1e3,0.27137254901960783,0.6956862745098038,0.8901960784313726,68.32722199238262,-15.175958796575962,-33.85255153955444,"[[0.45000000000000007, 0.6350852961085884], [0.48333333333333367, 0.66395280956807], [0.40833333333333355, 0.7072540797572919], [0.38750000000000007, 0.6711696879329401]]",6,5,5,full,288,3990,1739,293,288,293,1.0,0.65,0.65,8,98.0,4.095448471869157,5,0.017064846416382253,#7e9add,0.49411765,0.6039216,0.8666667,63.92729176773136,6.926403818728277,-36.876356102744154,64.10860147431063,7.241232504014884,-36.74929538133323,15.09646489787845,22.738012516413235,1.973457145491483,3.6926080344633356,1.0311999444154056,280.6377963597738,37.52120346252889,LayerLoomPhotos100NCZ_5/centered_4x3_tif/DSC_4563vcm.tif,DSC_4563vcm.tif,DSC_4563,vcm,capture_number,4563,v,c,m,CMY+OVG,full__vcm__DSC_4563vcm,0.5497861942577886
16,vcm_full_016_vccc,vcm,full,cyyy,vccc,0.25,0.75,0.0,0.25,0.75,0.0,0.375,0.649519052838329,#48ace5,0.2823529411764706,0.6735294117647058,0.8970588235294118,66.84522755777502,-11.150676416141703,-37.10830404442107,"[[0.41666666666666646, 0.5773502691896255], [0.45000000000000007, 0.6350852961085885], [0.3875000000000001, 0.6711696879329401], [0.3541666666666666, 0.6134346610139771]]",6,5,5,full,731,5811,2426,746,731,746,1.0,0.65,0.65,8,98.0,3.532314219933647,15,0.020107238605898123,#7e93d9,0.49411765,0.5764706,0.8509804,62.060186779407786,9.705690666321098,-37.939262424415254,62.25586615609314,9.904752094596668,-37.83966592415616,15.021733362190437,21.414367956079346,1.7020838062917474,2.7609333932648457,0.7523288179920725,284.3497543725473,39.161052904881906,LayerLoomPhotos100NCZ_5/centered_4x3_tif/DSC_4563vcm.tif,DSC_4563vcm.tif,DSC_4563,vcm,capture_number,4563,v,c,m,CMY+OVG,full__vcm__DSC_4563vcm,0.5497861942577886
17,vcm_full_017_vcc,vcm,full,cyy,vcc,0.3333333333333333,0.6666666666666666,0.0,0.3333333333333333,0.6666666666666666,0.0,0.3333333333333333,0.5773502691896257,#4da2e8,0.3006535947712418,0.6366013071895424,0.9084967320261438,64.4242227167021,-4.2472141948939335,-42.48559172864355,"[[0.3833333333333331, 0.5099927377841694], [0.4083333333333336, 0.5244264945139103], [0.4166666666666664, 0.5484827557301433], [0.4166666666666664, 0.5773502691896256], [0.3541666666666665, 0.613434661013977], [0.3166666666666666, 0.5484827557301443]]",6,5,5,full,1254,7616,3192,1279,1254,1279,1.0,0.65,0.65,8,98.0,4.8861198698302255,25,0.019546520719311962,#7b8ad4,0.48235294,0.5411765,0.83137256,59.12565536327514,14.14242389638176,-39.90391871571277,58.87627440752721,14.000446818644816,-40.04096400129101,14.798501557175674,19.311101487812522,1.7103334370261378,3.3643836576566226,0.9908601038768754,289.51493267242995,42.33592897923892,LayerLoomPhotos100NCZ_5/centered_4x3_tif/DSC_4563vcm.tif,DSC_4563vcm.tif,DSC_4563,vcm,capture_number,4563,v,c,m,CMY+OVG,full__vcm__DSC_4563vcm,0.5497861942577886
18,vcm_full_018_vcvcmc,vcm,full,cycymy,vcvcmc,0.3333333333333333,0.5,0.16666666666666666,0.3333333333333333,0.5,0.16666666666666666,0.41666666666666663,0.4330127018922193,#6485dc,0.39019607843137255,0.5222222222222223,0.8627450980392156,56.749460635732135,13.16854337061024,-48.05057909740269,"[[0.45833333333333354, 0.38008892721650345], [0.45833333333333354, 0.47631397208144144], [0.40833333333333355, 0.5244264945139103], [0.3833333333333331, 0.5099927377841694], [0.3333333333333333, 0.4426352063787134], [0.3333333333333333, 0.40414518843273783]]",6,5,5,full,3679,15223,6509,3755,3679,3755,1.0,0.65,0.65,8,98.0,5.913135925172944,76,0.020239680426098534,#8080ce,0.5019608,0.5019608,0.80784315,56.56291168068694,19.184774083418567,-40.04013629959458,56.49436423072359,18.87646163910455,-40.15151415450592,7.961324152130129,10.019831651246564,2.225484568084863,4.112545082047509,1.2854786943164498,295.6008788203399,44.39896475732199,LayerLoomPhotos100NCZ_5/centered_4x3_tif/DSC_4563vcm.tif,DSC_4563vcm.tif,DSC_4563,vcm,capture_number,4563,v,c,m,CMY+OVG,full__vcm__DSC_4563vcm,0.5497861942577886
19,vcm_full_019_vcvcc,vcm,full,cycyy,vcvcc,0.4,0.6,0.0,0.4,0.6,0.0,0.3,0.5196152422706631,#509bea,0.31529411764705884,0.6070588235294118,0.9176470588235294,62.53851352418627,1.434861162781076,-46.72991676815164,"[[0.3333333333333333, 0.44263520637871334], [0.383333333333333, 0.5099927377841693], [0.31666666666666654, 0.5484827557301443], [0.2750000000000001, 0.4763139720814414]]",6,5,5,full,1101,7282,3096,1121,1101,1121,1.0,0.65,0.65,8,98.0,5.041081132865864,20,0.01784121320249777,#7a86d1,0.47843137,0.5254902,0.81960785,57.91717293108378,16.133131314291504,-40.299021016120086,57.6689187917227,15.7708560228883,-40.55451106653858,13.735346817074847,16.69587836855961,1.7612481785609968,3.067770440573356,0.9395075105530661,291.8179820606005,43.4083980453306,LayerLoomPhotos100NCZ_5/centered_4x3_tif/DSC_4563vcm.tif,DSC_4563vcm.tif,DSC_4563,vcm,capture_number,4563,v,c,m,CMY+OVG,full__vcm__DSC_4563vcm,0.5497861942577886
20,vcm_full_020_vc,vcm,full,cy,vc,0.5,0.5,0.0,0.5,0.5,0.0,0.25,0.4330127018922193,#5690ee,0.33725490196078434,0.5627450980392157,0.9313725490196079,59.81163391751927,10.177625879693009,-52.969272073506076,"[[0.2833333333333334, 0.3560326660002692], [0.3166666666666668, 0.3752776749732568], [0.3333333333333333, 0.40414518843273783], [0.3333333333333333, 0.44263520637871334], [0.27500000000000013, 0.47631397208144144], [0.225, 0.3897114317029974]]",6,5,5,full,1841,9645,4107,1879,1841,1879,1.0,0.65,0.65,8,98.0,4.7640499597796175,38,0.020223523150612027,#7b79cd,0.48235294,0.4745098,0.8039216,54.335965243649696,21.30729189554326,-43.17011783701885,54.35717640000198,21.312677717002583,-43.08583506136625,12.992550150639483,15.807461428098888,1.512610396460503,3.4112562204657744,1.124583802886666,296.2693688296857,48.1420789121531,LayerLoomPhotos100NCZ_5/centered_4x3_tif/DSC_4563vcm.tif,DSC_4563vcm.tif,DSC_4563,vcm,capture_number,4563,v,c,m,CMY+OVG,full__vcm__DSC_4563vcm,0.5497861942577886
21,vcm_full_021_vmcvc,vcm,full,cmycy,vmcvc,0.4,0.4,0.2,0.4,0.4,0.2,0.4,0.34641016151377546,#6c78dc,0.42274509803921567,0.4698039215686275,0.8627450980392158,53.735299567322926,23.017910749143276,-52.81698091006728,"[[0.4000000000000001, 0.2790526301083191], [0.42499999999999993, 0.27424137786507224], [0.475, 0.36084391824351614], [0.45833333333333337, 0.38008892721650356], [0.33333333333333326, 0.4041451884327379], [0.31666666666666676, 0.37527767497325687]]",6,5,5,full,3002,13927,5971,3063,3002,3063,1.0,0.65,0.65,8,98.0,7.769277109447126,61,0.019915115899444988,#847bcb,0.5176471,0.48235294,0.79607844,55.40882560648233,22.543523615100426,-40.621531386561195,54.86008878172935,22.97805758705177,-40.631532997149364,6.335420527768449,12.318876638601214,2.353886005722873,6.146290870904566,1.8362272144692142,299.0287366376346,46.45771485096923,LayerLoomPhotos100NCZ_5/centered_4x3_tif/DSC_4563vcm.tif,DSC_4563vcm.tif,DSC_4563,vcm,capture_number,4563,v,c,m,CMY+OVG,full__vcm__DSC_4563vcm,0.5497861942577886
22,vcm_full_022_vvcvc,vcm,full,ccycy,vvcvc,0.6,0.4,0.0,0.6,0.4,0.0,0.2,0.34641016151377546,#5c84f1,0.35921568627450984,0.5184313725490196,0.9450980392156862,57.230916724072955,19.10439038254935,-59.01091171208801,"[[0.24999999999999994, 0.27905263010831904], [0.2833333333333333, 0.35603266600026917], [0.22500000000000003, 0.3897114317029973], [0.18333333333333335, 0.3175426480542941]]",6,5,5,full,1132,7232,3113,1156,1132,1156,1.0,0.65,0.65,8,98.0,5.220760242761822,24,0.020761245674740483,#7e79cb,0.49411765,0.4745098,0.79607844,54.42562884785923,22.281630896409276,-41.99028126617587,54.29290519235338,22.072453823234248,-41.95987877196405,10.6196522545088,17.54042069414687,1.81136223199013,3.561908224860206,1.0419273414712305,297.9521119900827,47.53582644928329,LayerLoomPhotos100NCZ_5/centered_4x3_tif/DSC_4563vcm.tif,DSC_4563vcm.tif,DSC_4563,vcm,capture_number,4563,v,c,m,CMY+OVG,full__vcm__DSC_4563vcm,0.5497861942577886
23,vcm_full_023_vvc,vcm,full,ccy,vvc,0.6666666666666666,0.3333333333333333,0.0,0.6666666666666666,0.3333333333333333,0.0,0.16666666666666666,0.28867513459481287,#5f7df3,0.3738562091503268,0.48888888888888893,0.954248366013072,55.60660835952862,25.101988035983457,-62.901087858384976,"[[0.20833333333333337, 0.21650635094610968], [0.2333333333333333, 0.2309401076758503], [0.24999999999999997, 0.2501851166488378], [0.24999999999999997, 0.27905263010831904], [0.1833333333333333, 0.3175426480542941], [0.14583333333333334, 0.2525907427704613]]",6,5,5,full,1262,7613,3232,1288,1262,1288,1.0,0.65,0.65,8,98.0,5.117750616784775,26,0.020186335403726708,#7f75c9,0.49803922,0.45882353,0.7882353,53.388830043335076,23.658336772380636,-42.29922358532357,53.38492012072092,23.576972035783232,-42.26503390019725,9.699587245870552,20.771121326407112,1.9886922721006663,3.6924722083420445,1.1545767696223386,299.2186781928459,48.4658768078797,LayerLoomPhotos100NCZ_5/centered_4x3_tif/DSC_4563vcm.tif,DSC_4563vcm.tif,DSC_4563,vcm,capture_number,4563,v,c,m,CMY+OVG,full__vcm__DSC_4563vcm,0.5497861942577886
24,vcm_full_024_vmvcvc,vcm,full,cmcycy,vmvcvc,0.5,0.3333333333333333,0.16666666666666666,0.5,0.3333333333333333,0.16666666666666666,0.3333333333333333,0.28867513459481287,#6d72e2,0.42679738562091507,0.4483660130718954,0.8856209150326798,52.76388228765671,28.35142200477997,-57.65066078331722,"[[0.31666666666666676, 0.23094010767585027], [0.4000000000000001, 0.2790526301083191], [0.31666666666666676, 0.3752776749732568], [0.2833333333333334, 0.3560326660002692], [0.24999999999999994, 0.279052630108319], [0.24999999999999994, 0.2501851166488378]]",6,5,5,full,3445,15220,6467,3516,3445,3516,1.0,0.65,0.65,8,98.0,9.190645322271724,71,0.020193401592719,#8276c8,0.50980395,0.4627451,0.78431374,53.632254914446435,23.571634740416957,-41.90721998385782,53.268746712079825,25.166634967250406,-41.90887124407125,6.0045758591741345,16.475932917974852,2.6768227067505608,6.395037660627201,2.0603811472063427,299.35653162729653,48.081566645764404,LayerLoomPhotos100NCZ_5/centered_4x3_tif/DSC_4563vcm.tif,DSC_4563vcm.tif,DSC_4563,vcm,capture_number,4563,v,c,m,CMY+OVG,full__vcm__DSC_4563vcm,0.5497861942577886
25,vcm_full_025_vvvc,vcm,full,cccy,vvvc,0.75,0.25,0.0,0.75,0.25,0.0,0.125,0.21650635094610965,#6473f6,0.3921568627450981,0.45196078431372544,0.9656862745098039,53.70174887928475,32.57975215233,-67.57713568042698,"[[0.175, 0.15877132402714708], [0.20833333333333334, 0.21650635094610968], [0.14583333333333334, 0.2525907427704613], [0.11249999999999999, 0.1948557158514987]]",6,5,5,full,750,5811,2461,766,750,766,1.0,0.65,0.65,8,98.0,6.330353112356608,16,0.020887728459530026,#8071c5,0.5019608,0.44313726,0.77254903,52.240533089285975,25.545612998734423,-42.180213922088825,52.64075415619441,25.25935571023176,-41.99319125133219,9.411504635636643,26.39352003837756,1.6479808168452155,3.811616336374587,1.3840610907111923,301.2003651692165,49.31276498021872,LayerLoomPhotos100NCZ_5/centered_4x3_tif/DSC_4563vcm.tif,DSC_4563vcm.tif,DSC_4563,vcm,capture_number,4563,v,c,m,CMY+OVG,full__vcm__DSC_4563vcm,0.5497861942577886
26,vcm_full_026_vvvvc,vcm,full,ccccy,vvvvc,0.8,0.2,0.0,0.8,0.2,0.0,0.1,0.17320508075688773,#676ef8,0.4031372549019608,0.42980392156862746,0.9725490196078432,52.6336143349329,37.02149791197279,-70.26885899612341,"[[0.16666666666666669, 0.11547005383792511], [0.175, 0.15877132402714705], [0.11249999999999999, 0.19485571585149866], [0.09166666666666666, 0.15877132402714705]]",6,5,5,full,299,4000,1735,306,299,306,1.0,0.65,0.65,8,98.0,4.687971865116406,7,0.02287581699346405,#826fc4,0.50980395,0.43529412,0.76862746,52.02796803265667,26.13132801869389,-42.051541833638126,52.018579792754956,26.332643789811858,-42.01197545283049,9.32483834032088,30.251935402486662,1.6520362078539808,3.6602351042483168,1.0606906790481307,301.8573093114147,49.509377643097004,LayerLoomPhotos100NCZ_5/centered_4x3_tif/DSC_4563vcm.tif,DSC_4563vcm.tif,DSC_4563,vcm,capture_number,4563,v,c,m,CMY+OVG,full__vcm__DSC_4563vcm,0.5497861942577886
27,vcm_full_027_vvvvvc,vcm,full,cccccy,vvvvvc,0.8333333333333334,0.16666666666666666,0.0,0.8333333333333334,0.16666666666666666,0.0,0.08333333333333333,0.14433756729740643,#696af9,0.4104575163398693,0.4150326797385621,0.977124183006536,51.9554756004721,39.95098139301578,-72.01077903677114,"[[0.16666666666666663, 0.0962250448649376], [0.16666666666666663, 0.11547005383792514], [0.09166666666666666, 0.15877132402714705], [0.041666666666666664, 0.07216878364870322], [0.08333333333333333, 0.048112522432468816]]",6,5,5,full,1533,9067,3861,1565,1533,1565,1.0,0.65,0.65,8,98.0,4.64194353560517,32,0.020447284345047924,#836ec4,0.5137255,0.43137255,0.76862746,51.642078047191234,27.488932837523016,-42.17473407100736,51.69610680914818,27.153454192867674,-42.11394489220121,9.569642043675534,32.335591094410816,1.9557497217705124,3.5396826622149447,1.0010471496322007,303.09577591911585,50.34232436534928,LayerLoomPhotos100NCZ_5/centered_4x3_tif/DSC_4563vcm.tif,DSC_4563vcm.tif,DSC_4563,vcm,capture_number,4563,v,c,m,CMY+OVG,full__vcm__DSC_4563vcm,0.5497861942577886
28,vcm_full_028_v,vcm,full,c,v,1.0,0.0,0.0,1.0,0.0,0.0,0.0,0.0,#7257ff,0.4470588235294118,0.3411764705882353,1.0,49.0221678957536,53.970442144664624,-79.9984025813113,"[[0.08333333333333333, 0.048112522432468816], [0.041666666666666664, 0.07216878364870322], [0.0, 0.0], [0.08333333333333333, 0.0]]",6,5,5,full,681,4882,2122,695,681,695,1.0,0.65,0.65,8,98.0,5.837873730394056,14,0.02014388489208633,#876bc0,0.5294118,0.41960785,0.7529412,51.18381285968631,29.632762173252004,-41.090536052305524,51.152148385657036,29.672319433013882,-41.17064615297973,11.256284113099568,45.94363343467648,1.3520832702702483,3.975010851522862,1.4059891978687746,305.79755352138596,50.660958805399005,LayerLoomPhotos100NCZ_5/centered_4x3_tif/DSC_4563vcm.tif,DSC_4563vcm.tif,DSC_4563,vcm,capture_number,4563,v,c,m,CMY+OVG,full__vcm__DSC_4563vcm,0.5497861942577886
29,vcm_full_029_vmvc,vcm,full,cmcy,vmvc,0.5,0.25,0.25,0.5,0.25,0.25,0.375,0.21650635094610965,#7864dc,0.4715686274509804,0.3911764705882353,0.8627450980392157,49.790380821639644,37.75191329599031,-59.090498348807216,"[[0.44166666666666676, 0.20688384645961588], [0.45, 0.23094010767585005], [0.4249999999999999, 0.27424137786507224], [0.4, 0.2790526301083191], [0.31666666666666676, 0.23094010767585027], [0.3583333333333334, 0.1587713240271471]]",6,5,5,full,2214,11084,4739,2259,2214,2259,1.0,0.65,0.65,8,98.0,8.615057638113552,45,0.0199203187250996,#8674c7,0.5254902,0.45490196,0.78039217,53.91506924234439,26.329608685618012,-40.82770398907984,53.06929574373292,27.000670520018833,-40.96266223940769,7.1920264225173804,21.931980188886683,2.9397289305770045,6.991936186100076,2.1701082486114265,302.8177936071167,48.5813720118905,LayerLoomPhotos100NCZ_5/centered_4x3_tif/DSC_4563vcm.tif,DSC_4563vcm.tif,DSC_4563,vcm,capture_number,4563,v,c,m,CMY+OVG,full__vcm__DSC_4563vcm,0.5497861942577886
30,vcm_full_030_vvmvc,vcm,full,ccmcy,vvmvc,0.6,0.2,0.2,0.6,0.2,0.2,0.30000000000000004,0.17320508075688773,#7761e3,0.4666666666666667,0.3811764705882353,0.8901960784313726,49.560615014212146,40.9927902585932,-63.42548872541016,"[[0.34166666666666673, 0.09141379262169073], [0.3583333333333334, 0.15877132402714716], [0.31666666666666676, 0.23094010767585027], [0.24999999999999997, 0.2501851166488378], [0.23333333333333336, 0.23094010767585035], [0.31666666666666665, 0.08660254037844387]]",6,5,5,full,2438,12878,5382,2488,2438,2488,1.0,0.65,0.65,8,98.0,8.165663131435622,50,0.02009646302250804,#8671c4,0.5254902,0.44313726,0.76862746,52.85220533821075,27.549027306744108,-41.08546537829389,52.31739286825619,27.9222748521415,-41.08139501620711,7.785914443815737,26.280144069549003,2.9736199021827723,5.9131855057503,1.796262988304534,303.843029154686,49.466800693987864,LayerLoomPhotos100NCZ_5/centered_4x3_tif/DSC_4563vcm.tif,DSC_4563vcm.tif,DSC_4563,vcm,capture_number,4563,v,c,m,CMY+OVG,full__vcm__DSC_4563vcm,0.5497861942577886
31,vcm_full_031_vvvmvc,vcm,full,cccmcy,vvvmvc,0.6666666666666666,0.16666666666666666,0.16666666666666666,0.6666666666666666,0.16666666666666666,0.16666666666666666,0.25,0.14433756729740643,#7660e8,0.4633986928104576,0.37450980392156863,0.9084967320261438,49.42817674546458,43.1598402408131,-66.27388548203577,"[[0.22499999999999992, 0.07216878364870322], [0.29166666666666674, 0.0721687836487032], [0.3166666666666667, 0.08660254037844384], [0.23333333333333334, 0.2309401076758503], [0.20833333333333331, 0.21650635094610965], [0.175, 0.1587713240271471], [0.16666666666666666, 0.11547005383792512], [0.16666666666666666, 0.09622504486493762], [0.1833333333333334, 0.0866025403784438]]",6,5,5,full,4194,17515,7433,4280,4194,4280,1.0,0.65,0.65,8,98.0,8.206835298581442,86,0.020093457943925235,#8670c4,0.5254902,0.4392157,0.76862746,52.321255088216034,27.974536248463856,-41.20375200306829,51.93298829440972,28.44685260713449,-41.256861510883375,8.287899714845732,29.452927737163943,3.2813717723680904,6.01279865741093,1.6876264200754016,304.17382883000465,49.802849892822124,LayerLoomPhotos100NCZ_5/centered_4x3_tif/DSC_4563vcm.tif,DSC_4563vcm.tif,DSC_4563,vcm,capture_number,4563,v,c,m,CMY+OVG,full__vcm__DSC_4563vcm,0.5497861942577886
32,vcm_full_032_vvvvvm,vcm,full,cccccm,vvvvvm,0.8333333333333334,0.0,0.16666666666666666,0.8333333333333334,0.0,0.16666666666666666,0.16666666666666666,0.0,#804ded,0.5,0.30065359477124187,0.9313725490196078,46.91475865389191,56.73748978257559,-73.60279609059697,"[[0.18333333333333338, 0.08660254037844385], [0.16666666666666669, 0.09622504486493762], [0.08333333333333334, 0.04811252243246881], [0.08333333333333333, 0.0], [0.18333333333333335, 0.0]]",6,5,5,full,1866,9033,3868,1905,1866,1905,1.0,0.65,0.65,8,98.0,5.900046656743378,39,0.02047244094488189,#8a67be,0.5411765,0.40392157,0.74509805,50.46760569848365,31.949486559590653,-40.458067597087165,50.60342144731326,32.023593770260774,-40.55999294578524,10.449182989244765,41.54083355944433,1.9879626215812323,4.148437024019569,1.2968955679774092,308.29793292480895,51.55215732742848,LayerLoomPhotos100NCZ_5/centered_4x3_tif/DSC_4563vcm.tif,DSC_4563vcm.tif,DSC_4563,vcm,capture_number,4563,v,c,m,CMY+OVG,full__vcm__DSC_4563vcm,0.5497861942577886
33,vcm_full_033_vvvvm,vcm,full,ccccm,vvvvm,0.8,0.0,0.2,0.8,0.0,0.2,0.2,0.0,#824bea,0.5105882352941176,0.2925490196078432,0.9176470588235294,46.55113040139975,57.32465652541086,-72.21111280381838,"[[0.225, 0.07216878364870322], [0.18333333333333338, 0.08660254037844384], [0.18333333333333335, 0.0], [0.22499999999999998, 0.0]]",6,5,5,full,534,4080,1731,545,534,545,1.0,0.65,0.65,8,98.0,5.006539407074657,11,0.02018348623853211,#8a67be,0.5411765,0.40392157,0.74509805,50.36124709522938,32.392290258146105,-40.82778719290463,50.3606570853228,32.43592413612896,-40.6813248882656,10.165124282524603,40.26230250875222,2.0644203438444917,3.820181635608537,1.1260933780162472,308.42807414784585,52.116875148430516,LayerLoomPhotos100NCZ_5/centered_4x3_tif/DSC_4563vcm.tif,DSC_4563vcm.tif,DSC_4563,vcm,capture_number,4563,v,c,m,CMY+OVG,full__vcm__DSC_4563vcm,0.5497861942577886
34,vcm_full_034_vvvm,vcm,full,cccm,vvvm,0.75,0.0,0.25,0.75,0.0,0.25,0.25,0.0,#8648e5,0.5264705882352941,0.2803921568627451,0.8970588235294118,46.04496773045418,58.22162368876366,-70.04778407563721,"[[0.2916666666666667, 0.07216878364870322], [0.22499999999999998, 0.0721687836487032], [0.22499999999999998, 0.0], [0.29166666666666674, 0.0]]",6,5,5,full,1138,5845,2522,1162,1138,1162,1.0,0.65,0.65,8,98.0,5.53826254736791,24,0.020654044750430294,#8b65bd,0.54509807,0.39607844,0.7411765,49.986693649800074,33.31744041429438,-40.49765509163274,50.21176361391289,33.40218078043128,-40.554592864129546,9.906202569630723,38.845407331664056,2.158808483742373,4.003380910107276,1.2384621374851534,309.4441477226983,52.44150935738695,LayerLoomPhotos100NCZ_5/centered_4x3_tif/DSC_4563vcm.tif,DSC_4563vcm.tif,DSC_4563,vcm,capture_number,4563,v,c,m,CMY+OVG,full__vcm__DSC_4563vcm,0.5497861942577886
35,vcm_full_035_vvm,vcm,full,ccm,vvm,0.6666666666666666,0.0,0.3333333333333333,0.6666666666666666,0.0,0.3333333333333333,0.3333333333333333,0.0,#8d42dc,0.5529411764705882,0.2601307189542484,0.8627450980392157,45.31120392348,59.7498642644132,-66.23123816885285,"[[0.3666666666666667, 0.07698003589195004], [0.3416666666666667, 0.0914137926216907], [0.31666666666666665, 0.08660254037844384], [0.2916666666666667, 0.07216878364870323], [0.2916666666666667, 0.0], [0.3666666666666667, 0.0]]",6,5,5,full,1584,7618,3259,1617,1584,1617,1.0,0.65,0.65,8,98.0,5.8715370908739395,33,0.02040816326530612,#8f65bd,0.56078434,0.39607844,0.7411765,50.63315225946183,34.51507931470249,-39.806307301496076,50.53806495468067,34.4580262248166,-39.846205276725314,10.120394617131414,36.92417198656716,2.042998115209545,3.973617506300861,1.1557522031373184,310.92776193148393,52.68617276934569,LayerLoomPhotos100NCZ_5/centered_4x3_tif/DSC_4563vcm.tif,DSC_4563vcm.tif,DSC_4563,vcm,capture_number,4563,v,c,m,CMY+OVG,full__vcm__DSC_4563vcm,0.5497861942577886
36,vcm_full_036_vmvmvc,vcm,full,cmcmcy,vmvmvc,0.5,0.16666666666666666,0.3333333333333333,0.5,0.16666666666666666,0.3333333333333333,0.41666666666666663,0.14433756729740643,#8455d6,0.5163398692810458,0.33398692810457514,0.8398692810457516,47.32037362727549,46.91776856418939,-59.69893398259618,"[[0.44999999999999996, 0.06735753140545633], [0.4833333333333334, 0.08660254037844393], [0.44166666666666676, 0.20688384645961588], [0.3583333333333334, 0.1587713240271471], [0.3416666666666667, 0.09141379262169072], [0.3666666666666667, 0.07698003589195006]]",6,5,5,full,3589,15245,6476,3663,3589,3663,1.0,0.65,0.65,8,98.0,7.251166040702504,74,0.020202020202020204,#886bc2,0.53333336,0.41960785,0.7607843,51.885472292293215,32.422957610565575,-40.90968700727928,51.32555809531737,31.10359427480144,-40.92480029364206,7.650857789343992,24.165584460180032,3.697845929843041,5.978133812681156,1.697541468723713,308.39857141716305,52.20010221493908,LayerLoomPhotos100NCZ_5/centered_4x3_tif/DSC_4563vcm.tif,DSC_4563vcm.tif,DSC_4563,vcm,capture_number,4563,v,c,m,CMY+OVG,full__vcm__DSC_4563vcm,0.5497861942577886
37,vcm_full_037_vvmvm,vcm,full,ccmcm,vvmvm,0.6,0.0,0.4,0.6,0.0,0.4,0.4,0.0,#923ed5,0.5741176470588235,0.243921568627451,0.8352941176470589,44.8280240721982,60.991082424680044,-62.979505757944885,"[[0.44999999999999996, 0.06735753140545633], [0.3666666666666667, 0.07698003589195006], [0.3666666666666667, 0.0], [0.44999999999999996, 0.0]]",6,5,5,full,1482,7269,3091,1513,1482,1513,1.0,0.65,0.65,8,98.0,4.553089240277383,31,0.020489094514210177,#9163bb,0.5686275,0.3882353,0.73333335,50.059948741538,35.70399447649744,-39.18083479372132,50.355964057646176,35.60853792968726,-39.303766643762714,9.746521945431512,35.11675657443532,2.1335555580972994,3.7426005661625683,1.1512025699691202,312.34171365902324,53.00861285405083,LayerLoomPhotos100NCZ_5/centered_4x3_tif/DSC_4563vcm.tif,DSC_4563vcm.tif,DSC_4563,vcm,capture_number,4563,v,c,m,CMY+OVG,full__vcm__DSC_4563vcm,0.5497861942577886
38,vcm_full_038_vm,vcm,full,cm,vm,0.5,0.0,0.5,0.5,0.0,0.5,0.5,0.0,#9b38cb,0.6058823529411764,0.2196078431372549,0.7941176470588236,44.284845982298684,62.859789877610375,-57.75650193520261,"[[0.55, 0.06735753140545635], [0.5166666666666666, 0.08660254037844395], [0.4833333333333334, 0.08660254037844395], [0.44999999999999996, 0.06735753140545636], [0.44999999999999996, 0.0], [0.55, 0.0]]",6,5,5,full,2217,9650,4165,2261,2217,2261,1.0,0.65,0.65,8,98.0,6.197857412466319,44,0.019460415745245468,#9560ba,0.58431375,0.3764706,0.7294118,49.91017312961807,37.92635864613181,-38.96564472242385,49.98565432073399,37.76193078935125,-38.92320214014121,9.375935802473718,31.724069935622676,1.9352014661520314,4.329582743262924,1.4499969616755943,314.2256271454905,54.375823201025426,LayerLoomPhotos100NCZ_5/centered_4x3_tif/DSC_4563vcm.tif,DSC_4563vcm.tif,DSC_4563,vcm,capture_number,4563,v,c,m,CMY+OVG,full__vcm__DSC_4563vcm,0.5497861942577886
39,vcm_full_039_vmvmc,vcm,full,cmcmy,vmvmc,0.4,0.2,0.4,0.4,0.2,0.4,0.5,0.17320508075688773,#8755ce,0.5301960784313725,0.3325490196078431,0.807843137254902,47.09114547868604,45.80723913287971,-55.37340321398907,"[[0.5166666666666666, 0.08660254037844392], [0.5583333333333332, 0.20688384645961583], [0.5499999999999999, 0.23094010767585013], [0.45000000000000007, 0.23094010767585016], [0.44166666666666676, 0.20688384645961586], [0.4833333333333334, 0.08660254037844392]]",6,5,5,full,3206,13970,5949,3272,3206,3272,1.0,0.65,0.65,8,98.0,7.836804954046939,66,0.020171149144254278,#8d6dc2,0.5529412,0.42745098,0.7607843,52.49688384457612,30.654401144498717,-39.48139710680829,52.71016866831653,29.74940488515294,-39.34845287278449,7.903901054173132,22.613853375602517,3.335216567700953,6.216936806761195,1.809407109696422,307.826710216688,49.984727937974554,LayerLoomPhotos100NCZ_5/centered_4x3_tif/DSC_4563vcm.tif,DSC_4563vcm.tif,DSC_4563,vcm,capture_number,4563,v,c,m,CMY+OVG,full__vcm__DSC_4563vcm,0.5497861942577886
40,vcm_full_040_vmvmm,vcm,full,cmcmm,vmvmm,0.4,0.0,0.6,0.4,0.0,0.6,0.6,0.0,#a332c0,0.6376470588235293,0.1952941176470588,0.7529411764705883,43.967119452573655,64.70709587811146,-52.10656105438327,"[[0.6333333333333333, 0.07698003589195006], [0.55, 0.06735753140545635], [0.55, 0.0], [0.6333333333333334, 0.0]]",6,5,5,full,1498,7302,3093,1529,1498,1529,1.0,0.65,0.65,8,98.0,5.792802711552487,31,0.020274689339437543,#9e61b9,0.61960787,0.38039216,0.7254902,51.179626823993424,40.129847653567694,-36.112290777383585,51.1503298413236,40.0598509206768,-36.265275896070996,10.158871261249216,30.19731899635032,2.0978397804305375,4.5388763950461275,1.3456872155243234,318.01639426962055,53.98612986581698,LayerLoomPhotos100NCZ_5/centered_4x3_tif/DSC_4563vcm.tif,DSC_4563vcm.tif,DSC_4563,vcm,capture_number,4563,v,c,m,CMY+OVG,full__vcm__DSC_4563vcm,0.5497861942577886
41,vcm_full_041_vmm,vcm,full,cmm,vmm,0.3333333333333333,0.0,0.6666666666666666,0.3333333333333333,0.0,0.6666666666666666,0.6666666666666666,0.0,#a82eb9,0.6588235294117647,0.17908496732026144,0.7254901960784315,43.88265939050312,65.9120756649047,-48.09967666173325,"[[0.7083333333333331, 0.07216878364870336], [0.6833333333333338, 0.08660254037844362], [0.6583333333333332, 0.09141379262169061], [0.6333333333333334, 0.07698003589195007], [0.6333333333333334, 0.0], [0.7083333333333333, 0.0]]",6,5,5,full,1589,7558,3275,1622,1589,1622,1.0,0.65,0.65,8,98.0,6.866598846852875,33,0.020345252774352653,#a35fb7,0.6392157,0.37254903,0.7176471,50.958503376073125,41.95899907241157,-35.05704308005812,51.46537556639159,41.850873054193585,-35.09519491795632,9.777382526735485,28.176723320851366,2.809107267752745,5.034935121384663,1.501048978988933,320.1210027466852,54.67681293451262,LayerLoomPhotos100NCZ_5/centered_4x3_tif/DSC_4563vcm.tif,DSC_4563vcm.tif,DSC_4563,vcm,capture_number,4563,v,c,m,CMY+OVG,full__vcm__DSC_4563vcm,0.5497861942577886
42,vcm_full_042_vmvmcm,vcm,full,cmcmym,vmvmcm,0.3333333333333333,0.16666666666666666,0.5,0.3333333333333333,0.16666666666666666,0.5,0.5833333333333334,0.14433756729740643,#914bc5,0.569281045751634,0.2934640522875817,0.7712418300653594,45.71731105335628,51.09608841052415,-52.13688611893599,"[[0.6583333333333332, 0.09141379262169057], [0.6416666666666665, 0.15877132402714716], [0.5583333333333332, 0.20688384645961586], [0.5166666666666666, 0.0866025403784439], [0.55, 0.06735753140545633], [0.6333333333333334, 0.07698003589195007]]",6,5,5,full,3609,15153,6483,3682,3609,3682,1.0,0.65,0.65,8,98.0,7.116531759478754,73,0.019826181423139598,#8f6fbf,0.56078434,0.43529412,0.7490196,52.87390743783287,31.450818959378623,-38.21845614657862,52.759295055067106,30.804183782163474,-38.24388275247097,9.75679216795588,25.11724858565984,2.8338098555073685,5.466658773454852,1.5620034838954049,309.4517253678695,49.49549882002971,LayerLoomPhotos100NCZ_5/centered_4x3_tif/DSC_4563vcm.tif,DSC_4563vcm.tif,DSC_4563,vcm,capture_number,4563,v,c,m,CMY+OVG,full__vcm__DSC_4563vcm,0.5497861942577886
43,vcm_full_043_vmmm,vcm,full,cmmm,vmmm,0.25,0.0,0.75,0.25,0.0,0.75,0.75,0.0,#af29b0,0.6852941176470588,0.1588235294117647,0.6911764705882354,43.920086818262064,67.37604791481428,-42.8222223074697,"[[0.7750000000000006, 0.07216878364870336], [0.7083333333333333, 0.07216878364870336], [0.7083333333333331, 0.0], [0.7750000000000006, 0.0]]",6,5,5,full,1165,5845,2548,1188,1165,1188,1.0,0.65,0.65,8,98.0,5.706201539211331,23,0.01936026936026936,#b05fb5,0.6901961,0.37254903,0.70980394,52.659140642460784,45.32078219946656,-31.658360985176472,53.296479211617616,44.74050639492271,-31.99144952919012,10.64940736446692,26.219031392105805,2.1661462328164665,4.767768670576935,1.3480751412016527,325.06417596534163,55.283135940711865,LayerLoomPhotos100NCZ_5/centered_4x3_tif/DSC_4563vcm.tif,DSC_4563vcm.tif,DSC_4563,vcm,capture_number,4563,v,c,m,CMY+OVG,full__vcm__DSC_4563vcm,0.5497861942577886
44,vcm_full_044_vmmmm,vcm,full,cmmmm,vmmmm,0.2,0.0,0.8,0.2,0.0,0.8,0.8,0.0,#b325ab,0.7011764705882353,0.14666666666666667,0.6705882352941177,44.01776554377584,68.22803130910299,-39.514756479993764,"[[0.8166666666666662, 0.08660254037844367], [0.7750000000000006, 0.07216878364870337], [0.7750000000000006, 0.0], [0.8166666666666663, 0.0]]",6,5,5,full,522,4044,1721,533,522,533,1.0,0.65,0.65,8,98.0,6.706918204122458,11,0.020637898686679174,#ba62b5,0.7294118,0.38431373,0.70980394,54.641843234095816,47.48588782564511,-29.152715707581766,54.695382333139364,46.83972989536843,-29.285490462139048,12.08236276955826,25.504498270450988,1.6199983980856507,3.705709066122098,1.0889877503745387,328.4532466057297,55.72064586593407,LayerLoomPhotos100NCZ_5/centered_4x3_tif/DSC_4563vcm.tif,DSC_4563vcm.tif,DSC_4563,vcm,capture_number,4563,v,c,m,CMY+OVG,full__vcm__DSC_4563vcm,0.5497861942577886
45,vcm_full_045_vmmmmm,vcm,full,cmmmmm,vmmmmm,0.16666666666666666,0.0,0.8333333333333334,0.16666666666666666,0.0,0.8333333333333334,0.8333333333333334,0.0,#b623a8,0.711764705882353,0.13856209150326795,0.6568627450980393,44.11362122013136,68.78409705244675,-37.252341500297995,"[[0.8333333333333333, 0.0962250448649377], [0.8166666666666662, 0.0866025403784437], [0.8166666666666663, 0.0], [0.9166666666666666, 0.0], [0.9166666666666666, 0.048112522432468836]]",6,5,5,full,1870,9080,3851,1904,1870,1904,1.0,0.65,0.65,8,98.0,4.882545657504197,34,0.017857142857142856,#bf61b3,0.7490196,0.38039216,0.7019608,55.357741769672515,49.12930708346719,-26.567242897106745,55.53726898681696,48.35141750686923,-27.54775811645161,12.545748606806477,25.038217744424884,1.450301343651554,3.6752833686417663,1.1855062006873276,331.59717947780996,55.85254881968671,LayerLoomPhotos100NCZ_5/centered_4x3_tif/DSC_4563vcm.tif,DSC_4563vcm.tif,DSC_4563,vcm,capture_number,4563,v,c,m,CMY+OVG,full__vcm__DSC_4563vcm,0.5497861942577886
46,vcm_full_046_m,vcm,full,m,m,0.0,0.0,1.0,0.0,0.0,1.0,1.0,0.0,#c31996,0.7647058823529411,0.09803921568627451,0.5882352941176471,44.94517938493525,71.41561872915153,-25.286338363609783,"[[0.9166666666666667, 0.048112522432468885], [0.9166666666666667, 0.0], [1.0, 0.0], [0.9583333333333334, 0.07216878364870329]]",6,5,5,full,641,4868,2050,655,641,655,1.0,0.65,0.65,8,98.0,1.4663217021939792,14,0.021374045801526718,#e86db0,0.9098039,0.42745098,0.6901961,62.66964055742967,54.67538684920547,-12.630824457030233,62.6741477762728,54.73298299172158,-12.69840060217419,18.05293331108549,27.46914486272285,0.4818772643178247,0.9829215884596191,0.31803633526733327,346.99202436061313,56.115378048932214,LayerLoomPhotos100NCZ_5/centered_4x3_tif/DSC_4563vcm.tif,DSC_4563vcm.tif,DSC_4563,vcm,capture_number,4563,v,c,m,CMY+OVG,full__vcm__DSC_4563vcm,0.5497861942577886
47,vcm_full_047_vmcm,vcm,full,cmym,vmcm,0.25,0.25,0.5,0.25,0.25,0.5,0.625,0.21650635094610965,#8d54c2,0.5509803921568628,0.33039215686274515,0.7598039215686275,46.819934417559175,44.359880195115494,-48.71231365240505,"[[0.6833333333333332, 0.23094010767585077], [0.6000000000000006, 0.27905263010831916], [0.575, 0.2742413778650722], [0.5499999999999999, 0.23094010767585016], [0.5583333333333332, 0.20688384645961583], [0.6416666666666664, 0.1587713240271472]]",6,5,5,full,2220,11173,4755,2266,2220,2266,1.0,0.65,0.65,8,98.0,6.344564751730882,46,0.02030008826125331,#9076c4,0.5647059,0.4627451,0.76862746,55.053574271429504,28.017671491418263,-37.38661638135863,54.91948748055631,26.850132813644922,-37.33696274818567,10.126705142362765,21.520502532093154,2.3699695412864523,4.796908755086828,1.3841769521962393,306.8480282754055,46.719899403229725,LayerLoomPhotos100NCZ_5/centered_4x3_tif/DSC_4563vcm.tif,DSC_4563vcm.tif,DSC_4563,vcm,capture_number,4563,v,c,m,CMY+OVG,full__vcm__DSC_4563vcm,0.5497861942577886
48,vcm_full_048_vmmcm,vcm,full,cmmym,vmmcm,0.2,0.2,0.6,0.2,0.2,0.6,0.7,0.17320508075688773,#9748b9,0.5937254901960783,0.283921568627451,0.7254901960784315,45.36980880327992,51.22197306570253,-45.86048476889324,"[[0.766666666666667, 0.23094010767584996], [0.7499999999999998, 0.25018511664883825], [0.6833333333333333, 0.23094010767585071], [0.6416666666666665, 0.15877132402714722], [0.6583333333333332, 0.0914137926216906], [0.6833333333333339, 0.08660254037844359]]",6,5,5,full,2423,12758,5374,2473,2423,2473,1.0,0.65,0.65,8,98.0,6.987849761224585,50,0.020218358269308533,#9974c2,0.6,0.45490196,0.7607843,55.462655533165844,30.985246821023605,-35.52959328045573,54.99418408533046,30.695396935823567,-35.290913867372375,12.251218671476936,24.86197826322186,2.991890642393465,5.423950348152152,1.517040827508227,311.09158064652996,47.14273559345446,LayerLoomPhotos100NCZ_5/centered_4x3_tif/DSC_4563vcm.tif,DSC_4563vcm.tif,DSC_4563,vcm,capture_number,4563,v,c,m,CMY+OVG,full__vcm__DSC_4563vcm,0.5497861942577886
49,vcm_full_049_vmmmcm,vcm,full,cmmmym,vmmmcm,0.16666666666666666,0.16666666666666666,0.6666666666666666,0.16666666666666666,0.16666666666666666,0.6666666666666666,0.75,0.14433756729740643,#9f41b3,0.6222222222222222,0.2529411764705882,0.7026143790849674,44.69248223338733,55.501498363625664,-43.4616223710075,"[[0.8250000000000003, 0.1587713240271464], [0.7916666666666666, 0.21650635094610957], [0.7666666666666672, 0.2309401076758499], [0.6833333333333339, 0.08660254037844357], [0.7083333333333331, 0.07216878364870336], [0.7750000000000006, 0.07216878364870336], [0.8166666666666662, 0.08660254037844367], [0.8333333333333333, 0.09622504486493769], [0.8333333333333333, 0.11547005383792629]]",6,5,5,full,4170,17523,7402,4253,4170,4253,1.0,0.65,0.65,8,98.0,7.846387164328494,83,0.01951563602163179,#9e6fbf,0.61960787,0.43529412,0.7490196,54.680788788370734,35.13840197886614,-34.60955971688762,54.87459532502819,33.50213650207272,-34.20826351268699,11.975171240088033,24.347093778186235,3.352797032078328,6.331887061638118,1.7463484738638284,315.43441913239775,49.32067434073863,LayerLoomPhotos100NCZ_5/centered_4x3_tif/DSC_4563vcm.tif,DSC_4563vcm.tif,DSC_4563,vcm,capture_number,4563,v,c,m,CMY+OVG,full__vcm__DSC_4563vcm,0.5497861942577886
50,vcm_full_050_mmmmmc,vcm,full,mmmmmy,mmmmmc,0.0,0.16666666666666666,0.8333333333333334,0.0,0.16666666666666666,0.8333333333333334,0.9166666666666667,0.14433756729740643,#ac36a2,0.6751633986928104,0.21241830065359477,0.6339869281045752,44.29329499365149,59.912836127730685,-33.59685277421012,"[[0.8333333333333334, 0.11547005383792527], [0.8333333333333334, 0.09622504486493769], [0.9166666666666666, 0.0481125224324689], [0.9583333333333333, 0.07216878364870329], [0.9083333333333332, 0.15877132402714716]]",6,5,5,full,1560,9102,3885,1590,1560,1590,1.0,0.65,0.65,8,98.0,8.605691162859886,30,0.018867924528301886,#b971bc,0.7254902,0.44313726,0.7372549,58.12082664829758,41.085797254757416,-27.10908067860336,58.726410633837084,38.906016777783925,-27.264009038896777,14.88653705427709,24.243539575507942,2.227354149190092,7.061531084912507,2.2463058047637166,326.5825191335148,49.22341913457514,LayerLoomPhotos100NCZ_5/centered_4x3_tif/DSC_4563vcm.tif,DSC_4563vcm.tif,DSC_4563,vcm,capture_number,4563,v,c,m,CMY+OVG,full__vcm__DSC_4563vcm,0.5497861942577886
51,vcm_full_051_mmmmc,vcm,full,mmmmy,mmmmc,0.0,0.2,0.8,0.0,0.2,0.8,0.9,0.17320508075688773,#a83ca4,0.6572549019607843,0.23529411764705882,0.6431372549019608,44.510929531904225,56.86520806107603,-34.69393627011519,"[[0.8250000000000001, 0.15877132402714667], [0.8333333333333333, 0.11547005383792514], [0.9083333333333332, 0.15877132402714725], [0.8875000000000002, 0.19485571585149836]]",6,5,5,full,297,4000,1736,304,297,304,1.0,0.65,0.65,8,98.0,8.289369030448775,7,0.023026315789473683,#b271be,0.69803923,0.44313726,0.74509805,57.694214074557436,36.927908678206165,-28.475796730777404,58.85815379300098,35.3165284479107,-28.375473934905948,14.592580060775633,24.697371466320423,2.6241740663940707,7.05434755105498,2.259188924744494,322.36351564360126,46.63197871416661,LayerLoomPhotos100NCZ_5/centered_4x3_tif/DSC_4563vcm.tif,DSC_4563vcm.tif,DSC_4563,vcm,capture_number,4563,v,c,m,CMY+OVG,full__vcm__DSC_4563vcm,0.5497861942577886
52,vcm_full_052_mmmc,vcm,full,mmmy,mmmc,0.0,0.25,0.75,0.0,0.25,0.75,0.875,0.21650635094610965,#a145a8,0.6303921568627451,0.2696078431372549,0.6568627450980392,45.06263653556892,51.86511691404066,-35.97102947994762,"[[0.7916666666666665, 0.21650635094610965], [0.8250000000000001, 0.1587713240271467], [0.8875000000000002, 0.19485571585149844], [0.8541666666666666, 0.2525907427704614]]",6,5,5,full,761,5722,2475,777,761,777,1.0,0.65,0.65,8,98.0,7.486335937819628,16,0.02059202059202059,#ab79c1,0.67058825,0.4745098,0.75686276,58.30444205731676,32.41727264119532,-29.925996068443126,58.938260476486604,31.59331297296217,-29.786865643913266,14.756714182086462,24.292107551277653,2.9316612668630246,5.699595980268373,1.9276873512080313,317.2883581635398,44.11853132394668,LayerLoomPhotos100NCZ_5/centered_4x3_tif/DSC_4563vcm.tif,DSC_4563vcm.tif,DSC_4563,vcm,capture_number,4563,v,c,m,CMY+OVG,full__vcm__DSC_4563vcm,0.5497861942577886
53,vcm_full_053_mmc,vcm,full,mmy,mmc,0.0,0.3333333333333333,0.6666666666666666,0.0,0.3333333333333333,0.6666666666666666,0.8333333333333333,0.28867513459481287,#9553ad,0.5856209150326798,0.32679738562091504,0.6797385620915032,46.56431782014134,42.571600369637416,-37.144930571145984,"[[0.7499999999999999, 0.2790526301083193], [0.7499999999999999, 0.25018511664883825], [0.7666666666666673, 0.23094010767584988], [0.7916666666666665, 0.2165063509461097], [0.8541666666666666, 0.25259074277046145], [0.8166666666666667, 0.3175426480542943]]",6,5,5,full,1259,7648,3228,1283,1259,1283,1.0,0.65,0.65,8,98.0,5.773398223955288,24,0.018706157443491817,#9f82c6,0.62352943,0.50980395,0.7764706,59.343880925539466,25.245639135857644,-31.517475077432945,59.38749808584729,24.847796599559278,-31.476850685536277,14.31663745527804,22.252514940406478,2.864961462363625,4.470295347536728,1.2836479281013045,308.6948844727025,40.38184654810319,LayerLoomPhotos100NCZ_5/centered_4x3_tif/DSC_4563vcm.tif,DSC_4563vcm.tif,DSC_4563,vcm,capture_number,4563,v,c,m,CMY+OVG,full__vcm__DSC_4563vcm,0.5497861942577886
54,vcm_full_054_vmcmcm,vcm,full,cmymym,vmcmcm,0.16666666666666666,0.3333333333333333,0.5,0.16666666666666666,0.3333333333333333,0.5,0.6666666666666666,0.28867513459481287,#885ebf,0.5326797385620915,0.3673202614379085,0.7483660130718954,48.16003460798254,37.191505524713286,-44.917225605633114,"[[0.7499999999999998, 0.2790526301083193], [0.7166666666666667, 0.35603266600026906], [0.6833333333333338, 0.3752776749732563], [0.6000000000000006, 0.27905263010831927], [0.6833333333333333, 0.23094010767585077], [0.7499999999999998, 0.2501851166488382]]",6,5,5,full,3489,15240,6526,3561,3489,3561,1.0,0.65,0.65,8,98.0,5.876735672232723,72,0.020219039595619208,#8e7ec7,0.5568628,0.49411765,0.78039217,56.96022047554682,22.402495970870017,-35.84191019474279,56.76615100852225,22.807435967015767,-36.0272029249259,10.473737010252373,19.45557567111518,2.83580914229748,4.5413352541078975,1.1110863205673724,302.00687998962485,42.267178189853816,LayerLoomPhotos100NCZ_5/centered_4x3_tif/DSC_4563vcm.tif,DSC_4563vcm.tif,DSC_4563,vcm,capture_number,4563,v,c,m,CMY+OVG,full__vcm__DSC_4563vcm,0.5497861942577886
55,vcm_full_055_mmcmc,vcm,full,mmymy,mmcmc,0.0,0.4,0.6,0.0,0.4,0.6,0.8,0.34641016151377546,#8c5fb2,0.5498039215686275,0.37254901960784315,0.6980392156862745,48.249788201706025,34.52823134339417,-37.289592968905396,"[[0.7166666666666666, 0.356032666000269], [0.7499999999999999, 0.2790526301083194], [0.8166666666666665, 0.3175426480542942], [0.775, 0.38971143170299727]]",6,5,5,full,1144,7254,3114,1167,1144,1167,1.0,0.65,0.65,8,98.0,6.6254189223527336,23,0.01970865467009426,#9888ca,0.59607846,0.53333336,0.7921569,60.12416882746258,19.15301723026841,-32.285315046685355,60.0126316695103,20.684999785097613,-32.25916626518197,13.455653917963376,20.06093023248481,2.442316039555066,5.543298510662947,1.6619364207882026,300.67821426267915,37.53904149930691,LayerLoomPhotos100NCZ_5/centered_4x3_tif/DSC_4563vcm.tif,DSC_4563vcm.tif,DSC_4563,vcm,capture_number,4563,v,c,m,CMY+OVG,full__vcm__DSC_4563vcm,0.5497861942577886
