region_index,label,corner_label,condition,local_stack_token,stack_token,f_bottom_left,f_top,f_bottom_right,f_c,f_y,f_m,site_x,site_y,expected_hex,expected_R,expected_G,expected_B,expected_L,expected_a,expected_b,polygon_xy,max_height,max_run,distinct_lte,preset,sample_pixels,raw_region_pixels,core_region_pixels,candidate_mask_pixels,sample_mask_pixels,old_color_mask_pixels,old_color_mask_fraction,sample_core_fraction_requested,sample_core_fraction_used,erosion_px_used,lab_trim_percentile,lab_trim_cutoff_deltaE00,lab_trimmed_pixels,lab_trimmed_fraction,measured_hex,measured_R,measured_G,measured_B,measured_L,measured_a,measured_b,measured_L_mean,measured_a_mean,measured_b_mean,deltaE00_to_expected,deltaE76_to_expected,within_region_deltaE00_median,within_region_deltaE00_p90,within_region_deltaE00_sd,hue_angle_degrees,measured_chroma,source_path,filename,photo_id,filename_label,condition_source,capture_number,bottom_left_anchor,top_anchor,bottom_right_anchor,palette_family,analysis_id,analysis_scale
1,cym_full_001_my,cym,full,my,my,0.0,0.5,0.5,0.0,0.5,0.5,0.75,0.4330127018922193,#e17c4b,0.8823529411764706,0.48627450980392156,0.29411764705882354,62.45289702748056,35.06929839281481,43.41945673452145,"[[0.6666666666666666, 0.44263520637871306], [0.6666666666666666, 0.4041451884327384], [0.6833333333333337, 0.3752776749732563], [0.7166666666666667, 0.356032666000269], [0.7750000000000001, 0.38971143170299727], [0.7250000000000001, 0.47631397208144116]]",6,5,5,full,1833,9552,4084,1870,1833,1870,1.0,0.65,0.65,8,98.0,3.254322448333871,37,0.019786096256684493,#dd7268,0.8666667,0.44705883,0.40784314,60.27597312851769,40.768546377954515,24.73710362766457,60.31895636182371,40.730688208905285,24.905507810050025,11.902193552946695,19.65326290637968,0.5549340943219886,1.0697844746389238,0.39295840657921155,31.248091884236146,47.68646212141601,LayerLoomPhotos100NCZ_5/centered_4x3_tif/cmyfullDSC_4513.tif,cmyfullDSC_4513.tif,DSC_4513,cmy,filename_prefix,4513,c,y,m,CMY,full__cym__cmyfullDSC_4513,0.5452893062708271
2,cym_full_002_cmy,cym,full,cmy,cmy,0.3333333333333333,0.3333333333333333,0.3333333333333333,0.3333333333333333,0.3333333333333333,0.3333333333333333,0.5,0.28867513459481287,#a9957b,0.6640522875816993,0.5856209150326798,0.4836601307189543,62.93735885110826,3.297719034612956,16.4669704461315,"[[0.55, 0.23094010767585016], [0.5750000000000001, 0.2742413778650722], [0.525, 0.3608439182435162], [0.475, 0.3608439182435162], [0.42499999999999993, 0.27424137786507224], [0.45, 0.23094010767585016]]",6,5,5,full,4149,16790,7085,4234,4149,4234,1.0,0.65,0.65,8,98.0,5.357905583952848,85,0.020075578649031648,#948571,0.5803922,0.52156866,0.44313726,56.35099291177103,1.9712421257168655,13.05184660765275,56.422467417903896,2.0012207687471117,13.117754816490205,6.298471874500834,7.5367650957716545,1.5160710041817538,3.4196478027735657,1.0621279317068035,81.41143381192944,13.199867248874035,LayerLoomPhotos100NCZ_5/centered_4x3_tif/cmyfullDSC_4513.tif,cmyfullDSC_4513.tif,DSC_4513,cmy,filename_prefix,4513,c,y,m,CMY,full__cym__cmyfullDSC_4513,0.5452893062708271
3,cym_full_003_cmymy,cym,full,cmymy,cmymy,0.2,0.4,0.4,0.2,0.4,0.4,0.6000000000000001,0.34641016151377546,#c08b68,0.7513725490196078,0.5458823529411765,0.407843137254902,62.2359264949453,15.607946703126874,26.656057718997307,"[[0.6000000000000006, 0.27905263010831916], [0.6833333333333337, 0.3752776749732563], [0.6666666666666666, 0.40414518843273833], [0.5416666666666666, 0.3800889272165036], [0.5249999999999999, 0.36084391824351614], [0.575, 0.2742413778650722]]",6,5,5,full,2932,13872,5873,2992,2932,2992,1.0,0.65,0.65,8,98.0,4.699968290298266,60,0.020053475935828877,#a98367,0.6627451,0.5137255,0.40392157,57.66360449944227,10.99368465943501,20.325392569129953,57.61895219074304,11.162045910252822,20.2673218334271,5.447922291038306,9.070549260004121,2.3880756808978787,3.494579768974252,0.8458639884592163,61.59174272537837,23.10806537727336,LayerLoomPhotos100NCZ_5/centered_4x3_tif/cmyfullDSC_4513.tif,cmyfullDSC_4513.tif,DSC_4513,cmy,filename_prefix,4513,c,y,m,CMY,full__cym__cmyfullDSC_4513,0.5452893062708271
4,cym_full_004_mymyy,cym,full,mymyy,mymyy,0.0,0.6,0.4,0.0,0.6,0.4,0.7,0.5196152422706631,#e7903c,0.9058823529411765,0.5639215686274509,0.23529411764705882,67.43094787588788,26.34285180880125,56.23381246555199,"[[0.6166666666666667, 0.5099927377841692], [0.6666666666666667, 0.442635206378713], [0.7250000000000001, 0.47631397208144116], [0.6833333333333335, 0.5484827557301443]]",6,5,5,full,1089,7223,3069,1108,1089,1108,1.0,0.65,0.65,8,98.0,4.541853912296784,19,0.017148014440433214,#e28161,0.8862745,0.5058824,0.38039216,63.91701279066389,34.24451187359922,33.655051848304396,63.79904000442225,34.42448932551832,32.982530672335805,13.637153196168098,24.178180299058123,2.0533907514358027,3.853804927702008,1.1608863464675567,44.50260765504345,48.01405115560585,LayerLoomPhotos100NCZ_5/centered_4x3_tif/cmyfullDSC_4513.tif,cmyfullDSC_4513.tif,DSC_4513,cmy,filename_prefix,4513,c,y,m,CMY,full__cym__cmyfullDSC_4513,0.5452893062708271
5,cym_full_005_myy,cym,full,myy,myy,0.0,0.6666666666666666,0.3333333333333333,0.0,0.6666666666666666,0.3333333333333333,0.6666666666666666,0.5773502691896257,#eb9d32,0.9215686274509803,0.615686274509804,0.19607843137254902,70.87834005274337,20.623964460334378,63.79337035503971,"[[0.5833333333333334, 0.5773502691896258], [0.5833333333333334, 0.5484827557301436], [0.5916666666666665, 0.52442649451391], [0.6166666666666667, 0.5099927377841692], [0.6833333333333335, 0.5484827557301444], [0.6458333333333334, 0.6134346610139774]]",6,5,5,full,1294,7602,3250,1320,1294,1320,1.0,0.65,0.65,8,98.0,1.7954904968891872,26,0.019696969696969695,#e48761,0.89411765,0.5294118,0.38039216,65.3634274125979,31.66282255772862,35.56031844407153,65.4497332020514,31.742609607555103,35.58756998721137,16.753343663035366,30.8119436214314,0.7593883766009004,1.3278626381374858,0.3806218753147671,48.31820777504754,47.613764608209486,LayerLoomPhotos100NCZ_5/centered_4x3_tif/cmyfullDSC_4513.tif,cmyfullDSC_4513.tif,DSC_4513,cmy,filename_prefix,4513,c,y,m,CMY,full__cym__cmyfullDSC_4513,0.5452893062708271
6,cym_full_006_cymymy,cym,full,cymymy,cymymy,0.16666666666666666,0.5,0.3333333333333333,0.16666666666666666,0.5,0.3333333333333333,0.5833333333333333,0.4330127018922193,#ca9957,0.7928104575163398,0.6006535947712418,0.3398692810457517,66.59787656431783,10.790448866138059,41.62015697365364,"[[0.6166666666666668, 0.5099927377841692], [0.5916666666666663, 0.5244264945139101], [0.5416666666666666, 0.47631397208144155], [0.5416666666666665, 0.3800889272165036], [0.6666666666666667, 0.40414518843273833], [0.6666666666666667, 0.44263520637871284]]",6,5,5,full,3638,15062,6453,3713,3638,3713,1.0,0.65,0.65,8,98.0,8.26589423385886,75,0.020199299757608404,#b18b61,0.69411767,0.54509807,0.38039216,60.20654859957678,9.168155054570693,27.481149542699576,60.35050513507976,9.010335245019917,27.59992012925166,7.804052789524751,15.601039756904187,4.377025586083745,6.8661608864955115,2.0613674044460817,71.55046910888791,28.970133712029487,LayerLoomPhotos100NCZ_5/centered_4x3_tif/cmyfullDSC_4513.tif,cmyfullDSC_4513.tif,DSC_4513,cmy,filename_prefix,4513,c,y,m,CMY,full__cym__cmyfullDSC_4513,0.5452893062708271
7,cym_full_007_myyy,cym,full,myyy,myyy,0.0,0.75,0.25,0.0,0.75,0.25,0.625,0.649519052838329,#f0ae26,0.9411764705882353,0.6803921568627451,0.14705882352941177,75.29275943833024,13.646301897515034,71.93335971602419,"[[0.55, 0.6350852961085884], [0.5833333333333334, 0.5773502691896258], [0.6458333333333334, 0.6134346610139774], [0.6125, 0.6711696879329399]]",6,5,5,full,756,5773,2468,772,756,772,1.0,0.65,0.65,8,98.0,4.535743593342121,16,0.02072538860103627,#e89460,0.9098039,0.5803922,0.3764706,68.88465354335682,26.806132543512497,40.47084453859704,68.89971723265005,26.792020969245833,40.39222299355502,17.34259311856968,34.700645888547385,1.481899372524388,3.1634744633509175,0.9503334677872678,56.48123563925196,48.54336205504981,LayerLoomPhotos100NCZ_5/centered_4x3_tif/cmyfullDSC_4513.tif,cmyfullDSC_4513.tif,DSC_4513,cmy,filename_prefix,4513,c,y,m,CMY,full__cym__cmyfullDSC_4513,0.5452893062708271
8,cym_full_008_myyyy,cym,full,myyyy,myyyy,0.0,0.8,0.2,0.0,0.8,0.2,0.6000000000000001,0.6928203230275509,#f3b71e,0.9529411764705882,0.7192156862745098,0.11764705882352941,77.98402366630827,9.564777772315624,76.10333175007294,"[[0.5166666666666657, 0.6639528095680706], [0.55, 0.6350852961085883], [0.6125, 0.6711696879329399], [0.5916666666666659, 0.7072540797572928]]",6,5,5,full,246,3951,1670,252,246,252,1.0,0.65,0.65,8,98.0,5.492465328336831,6,0.023809523809523808,#ec9f5f,0.9254902,0.6254902,0.37254903,71.93558750510863,22.383034780974338,44.65146684807371,71.54895793003266,22.679457070182018,44.328604705296144,15.798200324986544,34.4979868767693,2.7208748184502,4.265105765168632,1.3128736091291753,63.37615675073289,49.947509824724314,LayerLoomPhotos100NCZ_5/centered_4x3_tif/cmyfullDSC_4513.tif,cmyfullDSC_4513.tif,DSC_4513,cmy,filename_prefix,4513,c,y,m,CMY,full__cym__cmyfullDSC_4513,0.5452893062708271
9,cym_full_009_myyyyy,cym,full,myyyyy,myyyyy,0.0,0.8333333333333334,0.16666666666666666,0.0,0.8333333333333334,0.16666666666666666,0.5833333333333334,0.7216878364870322,#f5be19,0.9607843137254902,0.7450980392156863,0.09803921568627451,79.79204921266052,6.88998560197307,78.60061215554556,"[[0.5000000000000002, 0.7698003589195007], [0.5000000000000001, 0.6735753140545636], [0.5166666666666656, 0.6639528095680706], [0.5916666666666659, 0.7072540797572928], [0.5416666666666669, 0.7938566201357351]]",6,5,5,full,1674,9080,3844,1709,1674,1709,1.0,0.65,0.65,8,98.0,5.889211640251512,35,0.02047981275599766,#eda85b,0.92941177,0.65882355,0.35686275,74.01318612056602,18.206091301811444,48.734134583321804,73.56890153653576,18.675838597262025,48.45231930914257,13.585976929040314,32.456986758157804,2.5714553630445973,5.02821173256933,1.496486099243433,69.51532428829006,52.02381794981234,LayerLoomPhotos100NCZ_5/centered_4x3_tif/cmyfullDSC_4513.tif,cmyfullDSC_4513.tif,DSC_4513,cmy,filename_prefix,4513,c,y,m,CMY,full__cym__cmyfullDSC_4513,0.5452893062708271
10,cym_full_010_y,cym,full,y,y,0.0,1.0,0.0,0.0,1.0,0.0,0.5,0.8660254037844386,#ffdf00,1.0,0.8745098039215686,0.0,88.94096720886532,-5.949434572648293,88.5567575521992,"[[0.4583333333333333, 0.7938566201357353], [0.5000000000000002, 0.7698003589195007], [0.5416666666666667, 0.7938566201357351], [0.5, 0.8660254037844386]]",6,5,5,full,513,4883,2075,523,513,93,0.17782026768642448,0.65,0.65,8,98.0,0.5826621241648887,10,0.019120458891013385,#ffe03e,1.0,0.8784314,0.24313726,89.26289976953757,-5.253796962995272,77.36982255220977,89.21766525728466,-5.329904926583239,77.33263607516946,2.372681037032743,11.213164894514543,0.2910650549864826,0.4699574456080503,0.13572413902262037,93.8847057059346,77.54799690700467,LayerLoomPhotos100NCZ_5/centered_4x3_tif/cmyfullDSC_4513.tif,cmyfullDSC_4513.tif,DSC_4513,cmy,filename_prefix,4513,c,y,m,CMY,full__cym__cmyfullDSC_4513,0.5452893062708271
11,cym_full_011_cymy,cym,full,cymy,cymy,0.25,0.5,0.25,0.25,0.5,0.25,0.5,0.4330127018922193,#bfa85d,0.7480392156862745,0.657843137254902,0.36274509803921573,69.28405204760621,-1.4239610886986331,41.6289471640567,"[[0.5416666666666665, 0.47631397208144155], [0.4583333333333335, 0.47631397208144155], [0.4583333333333335, 0.3800889272165036], [0.475, 0.3608439182435162], [0.5249999999999999, 0.3608439182435162], [0.5416666666666665, 0.38008892721650367]]",6,5,5,full,2681,11185,4752,2736,2681,2736,1.0,0.65,0.65,8,98.0,4.130400491331921,55,0.02010233918128655,#a19363,0.6313726,0.5764706,0.3882353,61.08600343992762,-1.8083971787843378,27.234858726464783,61.07825477676281,-1.8385977580258033,27.222156137995682,8.81035475661062,16.5694168283147,1.7321320799824007,3.0825969722382407,0.8869281871564613,93.79886865715315,27.29483156582451,LayerLoomPhotos100NCZ_5/centered_4x3_tif/cmyfullDSC_4513.tif,cmyfullDSC_4513.tif,DSC_4513,cmy,filename_prefix,4513,c,y,m,CMY,full__cym__cmyfullDSC_4513,0.5452893062708271
12,cym_full_012_cymyy,cym,full,cymyy,cymyy,0.2,0.6,0.2,0.2,0.6,0.2,0.5,0.5196152422706631,#ccb34a,0.7984313725490196,0.7011764705882353,0.2901960784313726,73.1790254156686,-3.2212558733070717,55.20039454436346,"[[0.4083333333333336, 0.5244264945139103], [0.45833333333333354, 0.4763139720814415], [0.5416666666666665, 0.47631397208144144], [0.5916666666666665, 0.5244264945139102], [0.5833333333333335, 0.5484827557301435], [0.4166666666666665, 0.5484827557301435]]",6,5,5,full,2792,12692,5435,2841,2792,2841,1.0,0.65,0.65,8,98.0,5.231137622204659,49,0.017247448081661388,#aba15b,0.67058825,0.6313726,0.35686275,65.61584743136125,-6.276836831419052,37.16256391364702,65.50546024025195,-6.044206405386013,37.006668248798015,8.867279858835397,19.79650398621687,2.8726503891594115,4.244116964551804,1.1307447829501778,99.58689871862498,37.68892194324691,LayerLoomPhotos100NCZ_5/centered_4x3_tif/cmyfullDSC_4513.tif,cmyfullDSC_4513.tif,DSC_4513,cmy,filename_prefix,4513,c,y,m,CMY,full__cym__cmyfullDSC_4513,0.5452893062708271
13,cym_full_013_cymyyy,cym,full,cymyyy,cymyyy,0.16666666666666666,0.6666666666666666,0.16666666666666666,0.16666666666666666,0.6666666666666666,0.16666666666666666,0.5,0.5773502691896257,#d4ba3e,0.8320261437908497,0.7300653594771243,0.24183006535947715,75.79617245452674,-4.090430020091517,63.269250247781606,"[[0.5499999999999997, 0.6350852961085888], [0.5166666666666663, 0.6639528095680701], [0.5000000000000001, 0.6735753140545636], [0.4833333333333337, 0.66395280956807], [0.44999999999999996, 0.6350852961085883], [0.4166666666666665, 0.5773502691896255], [0.41666666666666646, 0.5484827557301435], [0.5833333333333334, 0.5484827557301435], [0.5833333333333334, 0.5773502691896257]]",6,5,5,full,4266,17372,7385,4354,4266,4354,1.0,0.65,0.65,8,98.0,5.3670815273623305,88,0.020211299954065228,#b6aa55,0.7137255,0.6666667,0.33333334,68.77933350853348,-6.309089412909918,44.12953516755226,68.54544495471144,-6.600642650516911,44.04695307620602,8.07367133253315,20.505783858407064,3.0524880461178467,4.505035792721128,1.3180100802697956,98.13629891635196,44.578251236722195,LayerLoomPhotos100NCZ_5/centered_4x3_tif/cmyfullDSC_4513.tif,cmyfullDSC_4513.tif,DSC_4513,cmy,filename_prefix,4513,c,y,m,CMY,full__cym__cmyfullDSC_4513,0.5452893062708271
14,cym_full_014_cyyyyy,cym,full,cyyyyy,cyyyyy,0.16666666666666666,0.8333333333333334,0.0,0.16666666666666666,0.8333333333333334,0.0,0.4166666666666667,0.7216878364870322,#dedb25,0.8712418300653595,0.8594771241830065,0.14379084967320263,85.22002960492412,-17.423035804343623,79.69705339328037,"[[0.4583333333333333, 0.7938566201357353], [0.4083333333333336, 0.7072540797572919], [0.4833333333333335, 0.6639528095680699], [0.5000000000000002, 0.6735753140545637], [0.5000000000000002, 0.7698003589195006]]",6,5,5,full,1716,8975,3887,1750,1716,1750,1.0,0.65,0.65,8,98.0,2.5674737843627313,34,0.019428571428571427,#b4d153,0.7058824,0.81960785,0.3254902,79.6432937218286,-28.022842745172138,57.949872710782316,79.53228432530037,-28.018409527614363,57.66118473367747,10.303779110363342,24.82731878253989,1.2375551743292987,2.0057118571629413,0.5363628534467132,115.80703586407128,64.36977134273913,LayerLoomPhotos100NCZ_5/centered_4x3_tif/cmyfullDSC_4513.tif,cmyfullDSC_4513.tif,DSC_4513,cmy,filename_prefix,4513,c,y,m,CMY,full__cym__cmyfullDSC_4513,0.5452893062708271
15,cym_full_015_cyyyy,cym,full,cyyyy,cyyyy,0.2,0.8,0.0,0.2,0.8,0.0,0.4,0.6928203230275509,#d8da2c,0.8454901960784313,0.8564705882352941,0.17254901960784313,84.52082667829146,-19.591593417616572,77.13877361131732,"[[0.45000000000000007, 0.6350852961085884], [0.48333333333333367, 0.66395280956807], [0.40833333333333355, 0.7072540797572919], [0.38750000000000007, 0.6711696879329401]]",6,5,5,full,252,3955,1673,257,252,257,1.0,0.65,0.65,8,98.0,2.321658964314098,5,0.019455252918287938,#add055,0.6784314,0.8156863,0.33333334,78.77676204888786,-29.105138181120815,55.841353206870046,78.48817597641929,-29.19323567266302,55.54045853300291,10.004825219911767,24.022529598644095,1.0040667441134912,1.907554878862515,0.49913476942353724,117.52902993605073,62.971150509710014,LayerLoomPhotos100NCZ_5/centered_4x3_tif/cmyfullDSC_4513.tif,cmyfullDSC_4513.tif,DSC_4513,cmy,filename_prefix,4513,c,y,m,CMY,full__cym__cmyfullDSC_4513,0.5452893062708271
16,cym_full_016_cyyy,cym,full,cyyy,cyyy,0.25,0.75,0.0,0.25,0.75,0.0,0.375,0.649519052838329,#ced937,0.8068627450980392,0.8519607843137255,0.21568627450980393,83.5042416800598,-22.722707681334942,72.79352079044212,"[[0.41666666666666646, 0.5773502691896255], [0.45000000000000007, 0.6350852961085885], [0.3875000000000001, 0.6711696879329401], [0.3541666666666666, 0.6134346610139771]]",6,5,5,full,739,5812,2435,754,739,754,1.0,0.65,0.65,8,98.0,1.5180012605669952,15,0.01989389920424403,#a3cb58,0.6392157,0.79607844,0.34509805,76.78179445193409,-31.042942497092383,52.04599341703704,76.74278895654454,-31.0390656055286,51.8791682417035,10.016784694601112,23.342611170014173,0.739872745151547,1.171852492604027,0.3228837448369402,120.81405252932876,60.600740174060974,LayerLoomPhotos100NCZ_5/centered_4x3_tif/cmyfullDSC_4513.tif,cmyfullDSC_4513.tif,DSC_4513,cmy,filename_prefix,4513,c,y,m,CMY,full__cym__cmyfullDSC_4513,0.5452893062708271
17,cym_full_017_cyy,cym,full,cyy,cyy,0.3333333333333333,0.6666666666666666,0.0,0.3333333333333333,0.6666666666666666,0.0,0.3333333333333333,0.5773502691896257,#bdd749,0.742483660130719,0.8444444444444444,0.28758169934640526,81.90233054832865,-27.535536020099894,64.35586331832887,"[[0.3833333333333331, 0.5099927377841694], [0.4083333333333336, 0.5244264945139103], [0.4166666666666664, 0.5484827557301433], [0.4166666666666664, 0.5773502691896256], [0.3541666666666665, 0.613434661013977], [0.3166666666666666, 0.5484827557301443]]",6,5,5,full,1247,7546,3183,1273,1247,1273,1.0,0.65,0.65,8,98.0,0.9288539620265851,26,0.0204241948153967,#92c460,0.57254905,0.76862746,0.3764706,73.81646960265823,-32.84207999283528,44.24927551188671,73.71800021151063,-32.84976458880759,44.0997922051349,9.982236969118475,22.31177781767874,0.47806048202202484,0.7491916665568369,0.19881083884349635,126.58302814542157,55.105359100387396,LayerLoomPhotos100NCZ_5/centered_4x3_tif/cmyfullDSC_4513.tif,cmyfullDSC_4513.tif,DSC_4513,cmy,filename_prefix,4513,c,y,m,CMY,full__cym__cmyfullDSC_4513,0.5452893062708271
18,cym_full_018_cycymy,cym,full,cycymy,cycymy,0.3333333333333333,0.5,0.16666666666666666,0.3333333333333333,0.5,0.16666666666666666,0.41666666666666663,0.4330127018922193,#b3b662,0.7032679738562092,0.7150326797385621,0.38562091503267976,72.29860338741358,-13.275987293673408,42.141698634153336,"[[0.45833333333333354, 0.38008892721650345], [0.45833333333333354, 0.47631397208144144], [0.40833333333333355, 0.5244264945139103], [0.3833333333333331, 0.5099927377841694], [0.3333333333333333, 0.4426352063787134], [0.3333333333333333, 0.40414518843273783]]",6,5,5,full,3668,15096,6495,3743,3668,3743,1.0,0.65,0.65,8,98.0,6.992480685785897,75,0.02003740315255143,#96a065,0.5882353,0.627451,0.39607844,63.883938818565056,-13.579144227996165,29.252796790779968,63.803067907754524,-13.172080528271197,29.40195512687629,8.59983884233764,15.39552774870599,3.527681230717175,6.040076561255791,1.744767751076735,114.90072199794326,32.25088026779096,LayerLoomPhotos100NCZ_5/centered_4x3_tif/cmyfullDSC_4513.tif,cmyfullDSC_4513.tif,DSC_4513,cmy,filename_prefix,4513,c,y,m,CMY,full__cym__cmyfullDSC_4513,0.5452893062708271
19,cym_full_019_cycyy,cym,full,cycyy,cycyy,0.4,0.6,0.0,0.4,0.6,0.0,0.3,0.5196152422706631,#b0d658,0.6909803921568628,0.8384313725490194,0.34509803921568627,80.71081715514305,-30.926605445549537,56.74685739894987,"[[0.3333333333333333, 0.44263520637871334], [0.383333333333333, 0.5099927377841693], [0.31666666666666654, 0.5484827557301443], [0.2750000000000001, 0.4763139720814414]]",6,5,5,full,1080,7207,3063,1103,1080,1103,1.0,0.65,0.65,8,98.0,2.141038663012404,23,0.02085222121486854,#8bc066,0.54509807,0.7529412,0.4,72.26670785842023,-33.28075632014193,39.81368657886441,72.19459521156399,-33.29150382139505,39.72872337634684,8.995211647369425,19.06770259306397,0.9367702014589392,1.7532142824601888,0.49625052854451707,129.89267057061204,51.891602213081796,LayerLoomPhotos100NCZ_5/centered_4x3_tif/cmyfullDSC_4513.tif,cmyfullDSC_4513.tif,DSC_4513,cmy,filename_prefix,4513,c,y,m,CMY,full__cym__cmyfullDSC_4513,0.5452893062708271
20,cym_full_020_cy,cym,full,cy,cy,0.5,0.5,0.0,0.5,0.5,0.0,0.25,0.4330127018922193,#9dd36e,0.6137254901960785,0.8294117647058823,0.43137254901960786,79.08731311025821,-35.04058229831547,44.36686585857201,"[[0.2833333333333334, 0.3560326660002692], [0.3166666666666668, 0.3752776749732568], [0.3333333333333333, 0.40414518843273783], [0.3333333333333333, 0.44263520637871334], [0.27500000000000013, 0.47631397208144144], [0.225, 0.3897114317029974]]",6,5,5,full,1855,9545,4108,1893,1855,1893,1.0,0.65,0.65,8,98.0,2.153968961814262,38,0.020073956682514528,#7ebb6f,0.49411765,0.73333335,0.43529412,70.26181307784816,-34.07950733952253,31.98727380938586,70.14522341152639,-34.032688595819884,32.47982743931865,8.05636366452387,15.233759063434134,0.6297091293959365,1.6295327353889857,0.5361456904504769,136.81386316665385,46.73968876940873,LayerLoomPhotos100NCZ_5/centered_4x3_tif/cmyfullDSC_4513.tif,cmyfullDSC_4513.tif,DSC_4513,cmy,filename_prefix,4513,c,y,m,CMY,full__cym__cmyfullDSC_4513,0.5452893062708271
21,cym_full_021_cmycy,cym,full,cmycy,cmycy,0.4,0.4,0.2,0.4,0.4,0.2,0.4,0.34641016151377546,#a4ae76,0.643921568627451,0.6831372549019608,0.4627450980392157,69.16322958450132,-12.858635906861815,27.732840799500536,"[[0.4000000000000001, 0.2790526301083191], [0.42499999999999993, 0.27424137786507224], [0.475, 0.36084391824351614], [0.45833333333333337, 0.38008892721650356], [0.33333333333333326, 0.4041451884327379], [0.31666666666666676, 0.37527767497325687]]",6,5,5,full,2917,13941,5856,2977,2917,2977,1.0,0.65,0.65,8,98.0,6.733836034842225,60,0.020154517971111858,#8d9a6c,0.5529412,0.6039216,0.42352942,61.31261995867527,-12.889799476078768,22.00953253080513,61.34792889852277,-12.384857171762809,22.363710494344964,7.0679349781074485,9.715415596034799,3.0013650509753496,4.636844759654477,1.1731237098904017,120.35521154353512,25.50620420129365,LayerLoomPhotos100NCZ_5/centered_4x3_tif/cmyfullDSC_4513.tif,cmyfullDSC_4513.tif,DSC_4513,cmy,filename_prefix,4513,c,y,m,CMY,full__cym__cmyfullDSC_4513,0.5452893062708271
22,cym_full_022_ccycy,cym,full,ccycy,ccycy,0.6,0.4,0.0,0.6,0.4,0.0,0.2,0.34641016151377546,#89d184,0.5364705882352941,0.820392156862745,0.5176470588235295,77.67664033697756,-37.72301156590308,31.332784159337134,"[[0.24999999999999994, 0.27905263010831904], [0.2833333333333333, 0.35603266600026917], [0.22500000000000003, 0.3897114317029973], [0.18333333333333335, 0.3175426480542941]]",6,5,5,full,1110,7194,3077,1133,1110,1133,1.0,0.65,0.65,8,98.0,2.955175179676757,23,0.02030008826125331,#78b779,0.47058824,0.7176471,0.4745098,68.88945557973072,-32.63896568003696,25.445554358006294,68.80503143588984,-32.63980442694358,25.491099750686946,7.049167324579532,11.735485216268701,1.5656986060211588,2.5367254375397086,0.6987894027010679,142.05978440909803,41.38572600847886,LayerLoomPhotos100NCZ_5/centered_4x3_tif/cmyfullDSC_4513.tif,cmyfullDSC_4513.tif,DSC_4513,cmy,filename_prefix,4513,c,y,m,CMY,full__cym__cmyfullDSC_4513,0.5452893062708271
23,cym_full_023_ccy,cym,full,ccy,ccy,0.6666666666666666,0.3333333333333333,0.0,0.6666666666666666,0.3333333333333333,0.0,0.16666666666666666,0.28867513459481287,#7cd093,0.4849673202614379,0.8143790849673204,0.5751633986928105,76.86250739489427,-38.58330122000342,22.49598611228505,"[[0.20833333333333337, 0.21650635094610968], [0.2333333333333333, 0.2309401076758503], [0.24999999999999997, 0.2501851166488378], [0.24999999999999997, 0.27905263010831904], [0.1833333333333333, 0.3175426480542941], [0.14583333333333334, 0.2525907427704613]]",6,5,5,full,1256,7554,3226,1282,1256,1282,1.0,0.65,0.65,8,98.0,2.770496959069405,26,0.0202808112324493,#71b384,0.44313726,0.7019608,0.5176471,67.56298836793286,-31.22627847826881,18.049421498737715,67.69576107462252,-31.20930557822034,18.025350694652335,7.648372494093474,12.664074171358473,0.8604258051863677,1.4562682167186316,0.5047509030291926,149.97121776422784,36.06746572801434,LayerLoomPhotos100NCZ_5/centered_4x3_tif/cmyfullDSC_4513.tif,cmyfullDSC_4513.tif,DSC_4513,cmy,filename_prefix,4513,c,y,m,CMY,full__cym__cmyfullDSC_4513,0.5452893062708271
24,cym_full_024_cmcycy,cym,full,cmcycy,cmcycy,0.5,0.3333333333333333,0.16666666666666666,0.5,0.3333333333333333,0.16666666666666666,0.3333333333333333,0.28867513459481287,#93b287,0.5745098039215687,0.6999999999999998,0.5294117647058824,69.43082604925137,-19.18970189930347,18.72807335754374,"[[0.31666666666666676, 0.23094010767585027], [0.4000000000000001, 0.2790526301083191], [0.31666666666666676, 0.3752776749732568], [0.2833333333333334, 0.3560326660002692], [0.24999999999999994, 0.279052630108319], [0.24999999999999994, 0.2501851166488378]]",6,5,5,full,3410,15106,6413,3480,3410,3480,1.0,0.65,0.65,8,98.0,14.980230864804845,70,0.020114942528735632,#819d7b,0.5058824,0.6156863,0.48235294,61.80767135023922,-16.56225403088002,14.893039861745372,61.28509159437829,-15.615577614212514,14.078478700348203,6.625433053807575,8.928799011079224,5.305387223964549,11.708980882058018,3.6389821531736173,138.03762237302203,22.273546976333567,LayerLoomPhotos100NCZ_5/centered_4x3_tif/cmyfullDSC_4513.tif,cmyfullDSC_4513.tif,DSC_4513,cmy,filename_prefix,4513,c,y,m,CMY,full__cym__cmyfullDSC_4513,0.5452893062708271
25,cym_full_025_cccy,cym,full,cccy,cccy,0.75,0.25,0.0,0.75,0.25,0.0,0.125,0.21650635094610965,#6bcea5,0.42058823529411765,0.8068627450980392,0.6470588235294118,75.99398463781759,-38.508338624210936,11.446263813771207,"[[0.175, 0.15877132402714708], [0.20833333333333334, 0.21650635094610968], [0.14583333333333334, 0.2525907427704613], [0.11249999999999999, 0.1948557158514987]]",6,5,5,full,753,5722,2461,766,753,766,1.0,0.65,0.65,8,98.0,5.12073559129802,13,0.016971279373368148,#68b098,0.40784314,0.6901961,0.59607846,66.72223960365741,-28.10890509002767,5.622255609649973,66.78589459926415,-28.023323802364743,5.317808026247695,8.611041899747542,15.100746517044804,1.979086261533577,3.638428387427691,1.1776475285310104,168.68913735231035,28.665664190812397,LayerLoomPhotos100NCZ_5/centered_4x3_tif/cmyfullDSC_4513.tif,cmyfullDSC_4513.tif,DSC_4513,cmy,filename_prefix,4513,c,y,m,CMY,full__cym__cmyfullDSC_4513,0.5452893062708271
26,cym_full_026_ccccy,cym,full,ccccy,ccccy,0.8,0.2,0.0,0.8,0.2,0.0,0.1,0.17320508075688773,#61cdb0,0.3819607843137255,0.8023529411764706,0.6901960784313725,75.5547352424016,-37.82289322407589,4.864422141720537,"[[0.16666666666666669, 0.11547005383792511], [0.175, 0.15877132402714705], [0.11249999999999999, 0.19485571585149866], [0.09166666666666666, 0.15877132402714705]]",6,5,5,full,288,4000,1709,294,288,294,1.0,0.65,0.65,8,98.0,8.000468065483444,6,0.02040816326530612,#64ada3,0.39215687,0.6784314,0.63725495,65.78729741270271,-25.38789558575505,-0.4553151642017417,65.91364798447239,-25.17075498468535,-1.287027535574137,9.677357637036533,16.68327345055817,3.7356058390004883,7.0181823901868166,2.261929834440378,181.02745187213722,25.391978146098676,LayerLoomPhotos100NCZ_5/centered_4x3_tif/cmyfullDSC_4513.tif,cmyfullDSC_4513.tif,DSC_4513,cmy,filename_prefix,4513,c,y,m,CMY,full__cym__cmyfullDSC_4513,0.5452893062708271
27,cym_full_027_cccccy,cym,full,cccccy,cccccy,0.8333333333333334,0.16666666666666666,0.0,0.8333333333333334,0.16666666666666666,0.0,0.08333333333333333,0.14433756729740643,#5bccb7,0.3562091503267974,0.7993464052287581,0.7189542483660132,75.29660301626511,-37.09575172861812,0.50977836820707,"[[0.16666666666666663, 0.0962250448649376], [0.16666666666666663, 0.11547005383792514], [0.09166666666666666, 0.15877132402714705], [0.041666666666666664, 0.07216878364870322], [0.08333333333333333, 0.048112522432468816]]",6,5,5,full,1529,9018,3834,1556,1529,1556,1.0,0.65,0.65,8,98.0,11.80063249168916,27,0.017352185089974295,#61aaaa,0.38039216,0.6666667,0.6666667,65.23680365436572,-22.707898356446265,-6.6823254296665135,65.56492594773863,-22.347838034784747,-6.360548682808246,11.47337652941369,18.971985792219435,6.6033860658262356,10.088402450384592,3.14094259887825,196.39774179338642,23.67070174106933,LayerLoomPhotos100NCZ_5/centered_4x3_tif/cmyfullDSC_4513.tif,cmyfullDSC_4513.tif,DSC_4513,cmy,filename_prefix,4513,c,y,m,CMY,full__cym__cmyfullDSC_4513,0.5452893062708271
28,cym_full_028_c,cym,full,c,c,1.0,0.0,0.0,1.0,0.0,0.0,0.0,0.0,#3ac8dc,0.22745098039215686,0.7843137254901961,0.8627450980392157,74.42655654335444,-30.326087604312878,-20.705156122725967,"[[0.08333333333333333, 0.048112522432468816], [0.041666666666666664, 0.07216878364870322], [0.0, 0.0], [0.08333333333333333, 0.0]]",6,5,5,full,657,4912,2079,670,657,670,1.0,0.65,0.65,8,98.0,0.9634885189942479,13,0.019402985074626865,#5e97dc,0.36862746,0.5921569,0.8627451,61.37518197626551,1.4688524405553904,-40.74000502648498,61.472416408125405,1.4762541584050108,-40.674324573606846,22.373602495219046,39.78255599058056,0.343804590310825,0.6898411824252515,0.22813913311709938,272.06486492728396,40.76647565157119,LayerLoomPhotos100NCZ_5/centered_4x3_tif/cmyfullDSC_4513.tif,cmyfullDSC_4513.tif,DSC_4513,cmy,filename_prefix,4513,c,y,m,CMY,full__cym__cmyfullDSC_4513,0.5452893062708271
29,cym_full_029_cmcy,cym,full,cmcy,cmcy,0.5,0.25,0.25,0.5,0.25,0.25,0.375,0.21650635094610965,#8ea294,0.5549019607843138,0.6352941176470588,0.5784313725490197,64.69908314775058,-10.097614694847156,5.120478837052933,"[[0.44166666666666676, 0.20688384645961588], [0.45, 0.23094010767585005], [0.4249999999999999, 0.27424137786507224], [0.4, 0.2790526301083191], [0.31666666666666676, 0.23094010767585027], [0.3583333333333334, 0.1587713240271471]]",6,5,5,full,2169,11086,4676,2214,2169,2138,0.9656729900632339,0.65,0.65,8,98.0,11.285788167890459,45,0.02032520325203252,#818d80,0.5058824,0.5529412,0.5019608,57.47816675872343,-6.965529604867959,5.421239402552702,57.49722539740355,-6.8727888192485285,5.622117939388418,6.958181054359739,7.8766774356927085,4.222179647312172,8.020503509138852,2.4052693277914954,142.10654330486506,8.826575742386284,LayerLoomPhotos100NCZ_5/centered_4x3_tif/cmyfullDSC_4513.tif,cmyfullDSC_4513.tif,DSC_4513,cmy,filename_prefix,4513,c,y,m,CMY,full__cym__cmyfullDSC_4513,0.5452893062708271
30,cym_full_030_ccmcy,cym,full,ccmcy,ccmcy,0.6,0.2,0.2,0.6,0.2,0.2,0.30000000000000004,0.17320508075688773,#7daaa2,0.4894117647058824,0.6650980392156863,0.6352941176470589,66.17614994525498,-16.645031739037474,-0.9531696760985087,"[[0.34166666666666673, 0.09141379262169073], [0.3583333333333334, 0.15877132402714716], [0.31666666666666676, 0.23094010767585027], [0.24999999999999997, 0.2501851166488378], [0.23333333333333336, 0.23094010767585035], [0.31666666666666665, 0.08660254037844387]]",6,5,5,full,2440,12816,5389,2490,2440,2490,1.0,0.65,0.65,8,98.0,13.184043151641832,50,0.020080321285140562,#789190,0.47058824,0.5686275,0.5647059,58.50123601968252,-8.610787138851384,-1.6075349693504992,58.270547206301565,-8.600341212425674,-2.4165882336098004,9.188213582906355,11.130210420184252,7.66986852823046,11.795677872288012,3.2253450868841353,190.57473247275075,8.75955614333815,LayerLoomPhotos100NCZ_5/centered_4x3_tif/cmyfullDSC_4513.tif,cmyfullDSC_4513.tif,DSC_4513,cmy,filename_prefix,4513,c,y,m,CMY,full__cym__cmyfullDSC_4513,0.5452893062708271
31,cym_full_031_cccmcy,cym,full,cccmcy,cccmcy,0.6666666666666666,0.16666666666666666,0.16666666666666666,0.6666666666666666,0.16666666666666666,0.16666666666666666,0.25,0.14433756729740643,#72afac,0.44575163398692813,0.6849673202614378,0.6732026143790849,67.31404148000995,-20.302360028611076,-4.717658241118139,"[[0.22499999999999992, 0.07216878364870322], [0.29166666666666674, 0.0721687836487032], [0.3166666666666667, 0.08660254037844384], [0.23333333333333334, 0.2309401076758503], [0.20833333333333331, 0.21650635094610965], [0.175, 0.1587713240271471], [0.16666666666666666, 0.11547005383792512], [0.16666666666666666, 0.09622504486493762], [0.1833333333333334, 0.0866025403784438]]",6,5,5,full,4198,17277,7435,4282,4198,4282,1.0,0.65,0.65,8,98.0,16.274898404651136,84,0.019617001401214387,#73939a,0.4509804,0.5764706,0.6039216,58.7989095091045,-9.664387944674612,-7.413333674509315,58.77711923151454,-9.138493431191225,-6.871791017839318,11.13000176916805,13.890305561172381,10.738568113153368,15.318556863419737,4.450282045821693,217.49099850940487,12.180226209508007,LayerLoomPhotos100NCZ_5/centered_4x3_tif/cmyfullDSC_4513.tif,cmyfullDSC_4513.tif,DSC_4513,cmy,filename_prefix,4513,c,y,m,CMY,full__cym__cmyfullDSC_4513,0.5452893062708271
32,cym_full_032_cccccm,cym,full,cccccm,cccccm,0.8333333333333334,0.0,0.16666666666666666,0.8333333333333334,0.0,0.16666666666666666,0.16666666666666666,0.0,#51abd0,0.31699346405228757,0.6699346405228758,0.8169934640522877,66.03760492781542,-15.722572041625526,-27.095443691372466,"[[0.18333333333333338, 0.08660254037844385], [0.16666666666666669, 0.09622504486493762], [0.08333333333333334, 0.04811252243246881], [0.08333333333333333, 0.0], [0.18333333333333335, 0.0]]",6,5,5,full,1889,9086,3887,1928,1889,1928,1.0,0.65,0.65,8,98.0,5.193763287657757,39,0.020228215767634856,#6683c8,0.4,0.5137255,0.78431374,55.45790165568087,8.214944922354029,-38.84204436541867,55.252509632302576,8.955325550828869,-38.849303408334634,17.37906002837803,28.68653808187259,2.8378672950540325,4.712250071770633,1.281779314145934,281.94185967024976,39.701256032554724,LayerLoomPhotos100NCZ_5/centered_4x3_tif/cmyfullDSC_4513.tif,cmyfullDSC_4513.tif,DSC_4513,cmy,filename_prefix,4513,c,y,m,CMY,full__cym__cmyfullDSC_4513,0.5452893062708271
33,cym_full_033_ccccm,cym,full,ccccm,ccccm,0.8,0.0,0.2,0.8,0.0,0.2,0.2,0.0,#55a5ce,0.33490196078431367,0.6470588235294118,0.807843137254902,64.41427157262386,-12.44504966424509,-28.289394293942706,"[[0.225, 0.07216878364870322], [0.18333333333333338, 0.08660254037844384], [0.18333333333333335, 0.0], [0.22499999999999998, 0.0]]",6,5,5,full,562,4057,1773,574,562,574,1.0,0.65,0.65,8,98.0,5.776049445005122,12,0.020905923344947737,#6880c4,0.40784314,0.5019608,0.76862746,54.2658378213131,9.547059008188196,-38.10874929162902,54.30986967969197,9.719005059542088,-38.10542788666574,16.22659235971886,26.135479410859215,2.206988919244026,3.88630283741605,1.1471469218098787,284.0643592638093,39.286423969076935,LayerLoomPhotos100NCZ_5/centered_4x3_tif/cmyfullDSC_4513.tif,cmyfullDSC_4513.tif,DSC_4513,cmy,filename_prefix,4513,c,y,m,CMY,full__cym__cmyfullDSC_4513,0.5452893062708271
34,cym_full_034_cccm,cym,full,cccm,cccm,0.75,0.0,0.25,0.75,0.0,0.25,0.25,0.0,#5c9ccb,0.36176470588235293,0.6127450980392157,0.7941176470588236,62.02760964894165,-7.296634181354344,-30.004299401504532,"[[0.2916666666666667, 0.07216878364870322], [0.22499999999999998, 0.0721687836487032], [0.22499999999999998, 0.0], [0.29166666666666674, 0.0]]",6,5,5,full,1138,5840,2522,1162,1138,1162,1.0,0.65,0.65,8,98.0,2.674253292149032,24,0.020654044750430294,#6b7abf,0.41960785,0.47843137,0.7490196,52.762918172025316,12.417928485576601,-37.863924298059295,52.81889092697334,12.436464877739708,-37.859303230275735,14.590871900994376,23.157551529152148,1.490663253371565,2.286580909196969,0.6105565218626164,288.157524886931,39.84823347555146,LayerLoomPhotos100NCZ_5/centered_4x3_tif/cmyfullDSC_4513.tif,cmyfullDSC_4513.tif,DSC_4513,cmy,filename_prefix,4513,c,y,m,CMY,full__cym__cmyfullDSC_4513,0.5452893062708271
35,cym_full_035_ccm,cym,full,ccm,ccm,0.6666666666666666,0.0,0.3333333333333333,0.6666666666666666,0.0,0.3333333333333333,0.3333333333333333,0.0,#688ec5,0.40653594771241824,0.5555555555555556,0.7712418300653595,58.21165026866812,1.8861516758218455,-32.60539208245304,"[[0.3666666666666667, 0.07698003589195004], [0.3416666666666667, 0.0914137926216907], [0.31666666666666665, 0.08660254037844384], [0.2916666666666667, 0.07216878364870323], [0.2916666666666667, 0.0], [0.3666666666666667, 0.0]]",6,5,5,full,1575,7677,3245,1608,1575,1608,1.0,0.65,0.65,8,98.0,3.1680933793964225,33,0.020522388059701493,#7171b7,0.44313726,0.44313726,0.7176471,50.3805503167207,17.228566239433196,-37.11452633926835,50.4595410237071,17.428625241319335,-37.137393420893886,11.883960968548429,17.80584462599542,1.0353429244500325,2.2152858701676887,0.7159757565551694,294.90073246515976,40.91835236241535,LayerLoomPhotos100NCZ_5/centered_4x3_tif/cmyfullDSC_4513.tif,cmyfullDSC_4513.tif,DSC_4513,cmy,filename_prefix,4513,c,y,m,CMY,full__cym__cmyfullDSC_4513,0.5452893062708271
36,cym_full_036_cmcmcy,cym,full,cmcmcy,cmcmcy,0.5,0.16666666666666666,0.3333333333333333,0.5,0.16666666666666666,0.3333333333333333,0.41666666666666663,0.14433756729740643,#8992a0,0.5352941176470588,0.5705882352941176,0.627450980392157,60.08498420632439,-0.16211406952687524,-8.743563258364295,"[[0.44999999999999996, 0.06735753140545633], [0.4833333333333334, 0.08660254037844393], [0.44166666666666676, 0.20688384645961588], [0.3583333333333334, 0.1587713240271471], [0.3416666666666667, 0.09141379262169072], [0.3666666666666667, 0.07698003589195006]]",6,5,5,full,3592,15175,6478,3666,3592,3666,1.0,0.65,0.65,8,98.0,20.772161039968584,74,0.020185488270594652,#817e8f,0.5058824,0.49411765,0.56078434,53.53738708173313,3.908942971816459,-8.205121162567742,53.95888975785228,4.3563770252593965,-8.333489385239337,8.292080756579002,7.728806727454938,10.008811794946999,16.766836781261013,5.1763667029484575,295.4732624099897,9.08866593342116,LayerLoomPhotos100NCZ_5/centered_4x3_tif/cmyfullDSC_4513.tif,cmyfullDSC_4513.tif,DSC_4513,cmy,filename_prefix,4513,c,y,m,CMY,full__cym__cmyfullDSC_4513,0.5452893062708271
37,cym_full_037_ccmcm,cym,full,ccmcm,ccmcm,0.6,0.0,0.4,0.6,0.0,0.4,0.4,0.0,#7182c0,0.4423529411764706,0.5098039215686275,0.7529411764705883,55.346614328532084,9.718729906051603,-34.38506179838539,"[[0.44999999999999996, 0.06735753140545633], [0.3666666666666667, 0.07698003589195006], [0.3666666666666667, 0.0], [0.44999999999999996, 0.0]]",6,5,5,full,1475,7195,3069,1505,1475,1505,1.0,0.65,0.65,8,98.0,3.877357870982027,30,0.019933554817275746,#776bb2,0.46666667,0.41960785,0.69803923,48.99125494302298,20.603180479900118,-36.11236504656547,49.11051021288488,20.869065634712186,-36.12137236819346,9.222378144271701,12.721848675593629,1.6922075087095494,2.414771165499378,0.6754102030729342,299.70604643602854,41.576362937897066,LayerLoomPhotos100NCZ_5/centered_4x3_tif/cmyfullDSC_4513.tif,cmyfullDSC_4513.tif,DSC_4513,cmy,filename_prefix,4513,c,y,m,CMY,full__cym__cmyfullDSC_4513,0.5452893062708271
38,cym_full_038_cm,cym,full,cm,cm,0.5,0.0,0.5,0.5,0.0,0.5,0.5,0.0,#7e71b9,0.496078431372549,0.4411764705882353,0.7254901960784315,51.467797581737514,22.037982855022285,-36.3763344153146,"[[0.55, 0.06735753140545635], [0.5166666666666666, 0.08660254037844395], [0.4833333333333334, 0.08660254037844395], [0.44999999999999996, 0.06735753140545636], [0.44999999999999996, 0.0], [0.55, 0.0]]",6,5,5,full,2172,9658,4104,2216,2172,2216,1.0,0.65,0.65,8,98.0,2.474320086403056,44,0.019855595667870037,#7e65ad,0.49411765,0.39607844,0.6784314,48.01307089210836,25.630494319600295,-34.74061136216618,47.96448023483605,25.819523166760376,-34.7508523206072,4.482338943748953,5.245652011881999,0.8229463498524642,1.718874239427605,0.49281466929382,306.4187008187688,43.17212430358428,LayerLoomPhotos100NCZ_5/centered_4x3_tif/cmyfullDSC_4513.tif,cmyfullDSC_4513.tif,DSC_4513,cmy,filename_prefix,4513,c,y,m,CMY,full__cym__cmyfullDSC_4513,0.5452893062708271
39,cym_full_039_cmcmy,cym,full,cmcmy,cmcmy,0.4,0.2,0.4,0.4,0.2,0.4,0.5,0.17320508075688773,#988794,0.5968627450980393,0.527843137254902,0.5803921568627451,58.0842609094331,9.108607076904086,-4.712263075904821,"[[0.5166666666666666, 0.08660254037844392], [0.5583333333333332, 0.20688384645961583], [0.5499999999999999, 0.23094010767585013], [0.45000000000000007, 0.23094010767585016], [0.44166666666666676, 0.20688384645961586], [0.4833333333333334, 0.08660254037844392]]",6,5,5,full,3163,13948,5904,3226,3163,3226,1.0,0.65,0.65,8,98.0,14.13000693881211,63,0.01952882827030378,#8c7a89,0.54901963,0.47843137,0.5372549,53.171507653837864,9.666679074436303,-4.932428778563747,53.184008892001046,9.541385223188428,-4.510225456499257,4.636799833403602,4.949248613821948,5.476022648687542,10.31767139697587,2.965760096465837,332.967025065137,10.852351725950857,LayerLoomPhotos100NCZ_5/centered_4x3_tif/cmyfullDSC_4513.tif,cmyfullDSC_4513.tif,DSC_4513,cmy,filename_prefix,4513,c,y,m,CMY,full__cym__cmyfullDSC_4513,0.5452893062708271
40,cym_full_040_cmcmm,cym,full,cmcmm,cmcmm,0.4,0.0,0.6,0.4,0.0,0.6,0.6,0.0,#8c5fb2,0.5498039215686275,0.37254901960784315,0.6980392156862746,48.249788201706025,34.528231343394225,-37.28959296890542,"[[0.6333333333333333, 0.07698003589195006], [0.55, 0.06735753140545635], [0.55, 0.0], [0.6333333333333334, 0.0]]",6,5,5,full,1471,7195,3065,1501,1471,1501,1.0,0.65,0.65,8,98.0,2.751894886139893,30,0.019986675549633577,#8760a7,0.5294118,0.3764706,0.654902,47.26741035845014,30.216514950002548,-32.40530589315469,47.28786853257658,30.259011738104103,-32.40360144613765,2.3017120146614545,6.5887953923542195,1.2663434382954177,2.2205676983310587,0.6046353766103962,312.9981825927857,44.30735408205565,LayerLoomPhotos100NCZ_5/centered_4x3_tif/cmyfullDSC_4513.tif,cmyfullDSC_4513.tif,DSC_4513,cmy,filename_prefix,4513,c,y,m,CMY,full__cym__cmyfullDSC_4513,0.5452893062708271
41,cym_full_041_cmm,cym,full,cmm,cmm,0.3333333333333333,0.0,0.6666666666666666,0.3333333333333333,0.0,0.6666666666666666,0.6666666666666666,0.0,#9553ad,0.5856209150326798,0.32679738562091504,0.6797385620915034,46.564317820141355,42.571600369637416,-37.144930571146006,"[[0.7083333333333331, 0.07216878364870336], [0.6833333333333338, 0.08660254037844362], [0.6583333333333332, 0.09141379262169061], [0.6333333333333334, 0.07698003589195007], [0.6333333333333334, 0.0], [0.7083333333333333, 0.0]]",6,5,5,full,1550,7669,3219,1582,1550,1582,1.0,0.65,0.65,8,98.0,3.7288877714935396,32,0.020227560050568902,#8e5da5,0.5568628,0.3647059,0.64705884,47.4094193064425,33.66613835997212,-30.919673989404338,47.31736145688167,33.36263698348061,-30.91469114123265,3.4182661888611117,10.898406747605733,1.0467485660603288,2.163916468101754,0.7572252742959223,317.4349940261212,45.710339220835294,LayerLoomPhotos100NCZ_5/centered_4x3_tif/cmyfullDSC_4513.tif,cmyfullDSC_4513.tif,DSC_4513,cmy,filename_prefix,4513,c,y,m,CMY,full__cym__cmyfullDSC_4513,0.5452893062708271
42,cym_full_042_cmcmym,cym,full,cmcmym,cmcmym,0.3333333333333333,0.16666666666666666,0.5,0.3333333333333333,0.16666666666666666,0.5,0.5833333333333334,0.14433756729740643,#9f7494,0.6248366013071895,0.4562091503267974,0.5816993464052288,54.15670887277048,22.256744354946846,-10.68184361106237,"[[0.6583333333333332, 0.09141379262169057], [0.6416666666666665, 0.15877132402714716], [0.5583333333333332, 0.20688384645961586], [0.5166666666666666, 0.0866025403784439], [0.55, 0.06735753140545633], [0.6333333333333334, 0.07698003589195007]]",6,5,5,full,3593,15241,6478,3666,3593,3666,1.0,0.65,0.65,8,98.0,14.084969207084507,73,0.019912711402073104,#936e8b,0.5764706,0.43137255,0.54509807,51.02932652105045,19.056718148925846,-9.80696483261232,51.603217113808064,19.004871550682946,-9.033511756296644,3.5606698055848223,4.559177663795667,6.009367929636464,10.629013490821897,3.1792730438817114,332.76875178207257,21.43210362600215,LayerLoomPhotos100NCZ_5/centered_4x3_tif/cmyfullDSC_4513.tif,cmyfullDSC_4513.tif,DSC_4513,cmy,filename_prefix,4513,c,y,m,CMY,full__cym__cmyfullDSC_4513,0.5452893062708271
43,cym_full_043_cmmm,cym,full,cmmm,cmmm,0.25,0.0,0.75,0.25,0.0,0.75,0.75,0.0,#a145a8,0.6303921568627451,0.2696078431372549,0.6568627450980393,45.06263653556892,51.86511691404066,-35.97102947994762,"[[0.7750000000000006, 0.07216878364870336], [0.7083333333333333, 0.07216878364870336], [0.7083333333333331, 0.0], [0.7750000000000006, 0.0]]",6,5,5,full,1138,5840,2522,1162,1138,1162,1.0,0.65,0.65,8,98.0,2.229985098931802,24,0.020654044750430294,#9b58a1,0.60784316,0.34509805,0.6313726,47.75319130842835,38.84217710207105,-28.226503919018988,47.67848535063408,38.653680421720786,-28.205584747306386,5.067399478400791,15.388753116994785,1.0463681117994328,1.8082565819646077,0.48973184369744105,323.99419765027676,48.01510434768466,LayerLoomPhotos100NCZ_5/centered_4x3_tif/cmyfullDSC_4513.tif,cmyfullDSC_4513.tif,DSC_4513,cmy,filename_prefix,4513,c,y,m,CMY,full__cym__cmyfullDSC_4513,0.5452893062708271
44,cym_full_044_cmmmm,cym,full,cmmmm,cmmmm,0.2,0.0,0.8,0.2,0.0,0.8,0.8,0.0,#a83ca4,0.6572549019607843,0.23529411764705882,0.6431372549019609,44.510929531904225,56.86520806107603,-34.69393627011521,"[[0.8166666666666662, 0.08660254037844367], [0.7750000000000006, 0.07216878364870337], [0.7750000000000006, 0.0], [0.8166666666666663, 0.0]]",6,5,5,full,519,4049,1711,528,519,528,1.0,0.65,0.65,8,98.0,2.47038928590098,9,0.017045454545454544,#a3559f,0.6392157,0.33333334,0.62352943,47.994520232145106,42.95006096339943,-26.198081317565467,47.97147679780766,42.85989519195342,-26.14628385427552,5.610173959899465,16.671720795753096,1.3401979364338463,2.066841152823754,0.553634563105583,328.618224418817,50.30951402549522,LayerLoomPhotos100NCZ_5/centered_4x3_tif/cmyfullDSC_4513.tif,cmyfullDSC_4513.tif,DSC_4513,cmy,filename_prefix,4513,c,y,m,CMY,full__cym__cmyfullDSC_4513,0.5452893062708271
45,cym_full_045_cmmmmm,cym,full,cmmmmm,cmmmmm,0.16666666666666666,0.0,0.8333333333333334,0.16666666666666666,0.0,0.8333333333333334,0.8333333333333334,0.0,#ac36a2,0.6751633986928104,0.2124183006535948,0.6339869281045752,44.29329499365149,59.912836127730685,-33.59685277421012,"[[0.8333333333333333, 0.0962250448649377], [0.8166666666666662, 0.0866025403784437], [0.8166666666666663, 0.0], [0.9166666666666666, 0.0], [0.9166666666666666, 0.048112522432468836]]",6,5,5,full,1871,9107,3869,1910,1871,1910,1.0,0.65,0.65,8,98.0,3.0041206819436113,39,0.020418848167539267,#aa539e,0.6666667,0.3254902,0.61960787,48.31973607452757,46.48730862730266,-24.780442244295276,48.37798787977856,45.838438481871115,-24.944345570890103,5.82438194156143,16.55856609355137,1.5948067538868873,2.6259066172630865,0.6694273805008172,331.9397863231534,52.67959928884181,LayerLoomPhotos100NCZ_5/centered_4x3_tif/cmyfullDSC_4513.tif,cmyfullDSC_4513.tif,DSC_4513,cmy,filename_prefix,4513,c,y,m,CMY,full__cym__cmyfullDSC_4513,0.5452893062708271
46,cym_full_046_m,cym,full,m,m,0.0,0.0,1.0,0.0,0.0,1.0,1.0,0.0,#c31996,0.7647058823529411,0.09803921568627451,0.5882352941176471,44.94517938493525,71.41561872915153,-25.286338363609783,"[[0.9166666666666667, 0.048112522432468885], [0.9166666666666667, 0.0], [1.0, 0.0], [0.9583333333333334, 0.07216878364870329]]",6,5,5,full,656,4872,2079,670,656,670,1.0,0.65,0.65,8,98.0,2.0138195778791808,14,0.020895522388059702,#d24596,0.8235294,0.27058825,0.5882353,52.02161431594078,62.17281542457626,-14.206307841972254,52.24730490209409,62.00009200941116,-14.156470944027651,8.245431739023896,16.070856250375773,0.6801050174901107,1.5212278147431675,0.4923818102324779,347.12904592910337,63.775215878265044,LayerLoomPhotos100NCZ_5/centered_4x3_tif/cmyfullDSC_4513.tif,cmyfullDSC_4513.tif,DSC_4513,cmy,filename_prefix,4513,c,y,m,CMY,full__cym__cmyfullDSC_4513,0.5452893062708271
47,cym_full_047_cmym,cym,full,cmym,cmym,0.25,0.25,0.5,0.25,0.25,0.5,0.625,0.21650635094610965,#b07682,0.6892156862745098,0.46372549019607845,0.5098039215686275,55.917435534328845,24.224769886950103,2.8156308308044276,"[[0.6833333333333332, 0.23094010767585077], [0.6000000000000006, 0.27905263010831916], [0.575, 0.2742413778650722], [0.5499999999999999, 0.23094010767585016], [0.5583333333333332, 0.20688384645961583], [0.6416666666666664, 0.1587713240271472]]",6,5,5,full,2148,11060,4652,2191,2148,2191,1.0,0.65,0.65,8,98.0,6.356530606627219,43,0.019625741670470105,#a1747c,0.6313726,0.45490196,0.4862745,53.491541614727765,18.576428962889025,3.157840767081632,53.44142655088439,18.54080865046903,2.9811672809300327,3.9754993270314434,6.156770593750224,3.1986291977187458,4.794198141455012,1.4482144040961278,9.647589196593401,18.84292098703131,LayerLoomPhotos100NCZ_5/centered_4x3_tif/cmyfullDSC_4513.tif,cmyfullDSC_4513.tif,DSC_4513,cmy,filename_prefix,4513,c,y,m,CMY,full__cym__cmyfullDSC_4513,0.5452893062708271
48,cym_full_048_cmmym,cym,full,cmmym,cmmym,0.2,0.2,0.6,0.2,0.2,0.6,0.7,0.17320508075688773,#b46486,0.7043137254901961,0.3905882352941177,0.5254901960784315,52.30487709344533,36.49172561436376,-4.765266417264091,"[[0.766666666666667, 0.23094010767584996], [0.7499999999999998, 0.25018511664883825], [0.6833333333333333, 0.23094010767585071], [0.6416666666666665, 0.15877132402714722], [0.6583333333333332, 0.0914137926216906], [0.6833333333333339, 0.08660254037844359]]",6,5,5,full,2452,12739,5402,2503,2452,2503,1.0,0.65,0.65,8,98.0,10.024690174576799,51,0.02037554934079105,#a56d81,0.64705884,0.42745098,0.5058824,52.541024643640895,25.336962516081446,-0.5998615453061795,52.68314315911239,24.856609186496616,-1.300147041149441,5.23603274129786,11.90945436162358,5.591732484930844,7.876378100823456,2.347089912837461,358.6437555273543,25.344062488378878,LayerLoomPhotos100NCZ_5/centered_4x3_tif/cmyfullDSC_4513.tif,cmyfullDSC_4513.tif,DSC_4513,cmy,filename_prefix,4513,c,y,m,CMY,full__cym__cmyfullDSC_4513,0.5452893062708271
49,cym_full_049_cmmmym,cym,full,cmmmym,cmmmym,0.16666666666666666,0.16666666666666666,0.6666666666666666,0.16666666666666666,0.16666666666666666,0.6666666666666666,0.75,0.14433756729740643,#b65789,0.7143790849673203,0.3418300653594771,0.5359477124183007,50.225070838518505,44.221526647837905,-9.409399754904491,"[[0.8250000000000003, 0.1587713240271464], [0.7916666666666666, 0.21650635094610957], [0.7666666666666672, 0.2309401076758499], [0.6833333333333339, 0.08660254037844357], [0.7083333333333331, 0.07216878364870336], [0.7750000000000006, 0.07216878364870336], [0.8166666666666662, 0.08660254037844367], [0.8333333333333333, 0.09622504486493769], [0.8333333333333333, 0.11547005383792629]]",6,5,5,full,4178,17363,7414,4261,4178,4261,1.0,0.65,0.65,8,98.0,11.754148390967359,83,0.019478995540952827,#ab6586,0.67058825,0.39607844,0.5254902,51.51510008211379,32.54614536589012,-6.118249842007728,52.0029641669125,31.805156915772955,-5.651917320205307,4.60473886609662,12.198785647651496,5.45551097667377,9.107450829202076,2.8759024333965844,349.35339576791154,33.116228035615386,LayerLoomPhotos100NCZ_5/centered_4x3_tif/cmyfullDSC_4513.tif,cmyfullDSC_4513.tif,DSC_4513,cmy,filename_prefix,4513,c,y,m,CMY,full__cym__cmyfullDSC_4513,0.5452893062708271
50,cym_full_050_mmmmmy,cym,full,mmmmmy,mmmmmy,0.0,0.16666666666666666,0.8333333333333334,0.0,0.16666666666666666,0.8333333333333334,0.9166666666666667,0.14433756729740643,#cd3a7d,0.8039215686274509,0.22745098039215686,0.4901960784313726,48.87116714116331,62.29780497489007,-4.023754337227636,"[[0.8333333333333334, 0.11547005383792527], [0.8333333333333334, 0.09622504486493769], [0.9166666666666666, 0.0481125224324689], [0.9583333333333333, 0.07216878364870329], [0.9083333333333332, 0.15877132402714716]]",6,5,5,full,1498,8953,3804,1529,1498,1529,1.0,0.65,0.65,8,98.0,8.559021600504467,31,0.020274689339437543,#d45c82,0.83137256,0.36078432,0.50980395,55.295244752487505,51.108818072249875,2.837554282834387,55.443179579446095,51.20630662047625,2.8975834340773075,7.766931958807069,14.612999590895361,4.267424174101498,6.227683529503292,1.9936513266546394,3.177791046170057,51.18752776849423,LayerLoomPhotos100NCZ_5/centered_4x3_tif/cmyfullDSC_4513.tif,cmyfullDSC_4513.tif,DSC_4513,cmy,filename_prefix,4513,c,y,m,CMY,full__cym__cmyfullDSC_4513,0.5452893062708271
51,cym_full_051_mmmmy,cym,full,mmmmy,mmmmy,0.0,0.2,0.8,0.0,0.2,0.8,0.9,0.17320508075688773,#cf4178,0.8117647058823529,0.2533333333333333,0.47058823529411764,49.930016111003084,59.9627816908268,0.597488729997786,"[[0.8250000000000001, 0.15877132402714667], [0.8333333333333333, 0.11547005383792514], [0.9083333333333332, 0.15877132402714725], [0.8875000000000002, 0.19485571585149836]]",6,5,5,full,286,3957,1709,292,286,292,1.0,0.65,0.65,8,98.0,5.387417865025083,6,0.02054794520547945,#d55d7f,0.8352941,0.3647059,0.49803922,55.542205890636616,49.919646102802474,3.8224384201488215,55.77834021390111,49.96142339032248,5.006738497611616,6.4374258215588895,11.948286365252093,2.8661000037980124,4.335166150122619,1.3249803702660279,4.378697966279731,50.06577775791436,LayerLoomPhotos100NCZ_5/centered_4x3_tif/cmyfullDSC_4513.tif,cmyfullDSC_4513.tif,DSC_4513,cmy,filename_prefix,4513,c,y,m,CMY,full__cym__cmyfullDSC_4513,0.5452893062708271
52,cym_full_052_mmmy,cym,full,mmmy,mmmy,0.0,0.25,0.75,0.0,0.25,0.75,0.875,0.21650635094610965,#d24b71,0.8235294117647058,0.29215686274509806,0.4411764705882353,51.668565525830644,56.21727015606698,7.685778968975887,"[[0.7916666666666665, 0.21650635094610965], [0.8250000000000001, 0.1587713240271467], [0.8875000000000002, 0.19485571585149844], [0.8541666666666666, 0.2525907427704614]]",6,5,5,full,777,5722,2503,791,777,791,1.0,0.65,0.65,8,98.0,3.8746686431165585,14,0.017699115044247787,#d76579,0.84313726,0.39607844,0.4745098,57.23430205977033,46.787605394469466,10.056785458387374,56.936589314916326,47.020507203680864,10.2939496837811,6.294489865793616,11.203466983669664,2.0304682143981694,3.2821662482070857,0.9272528638248442,12.130895743978385,47.85623211562544,LayerLoomPhotos100NCZ_5/centered_4x3_tif/cmyfullDSC_4513.tif,cmyfullDSC_4513.tif,DSC_4513,cmy,filename_prefix,4513,c,y,m,CMY,full__cym__cmyfullDSC_4513,0.5452893062708271
53,cym_full_053_mmy,cym,full,mmy,mmy,0.0,0.3333333333333333,0.6666666666666666,0.0,0.3333333333333333,0.6666666666666666,0.8333333333333333,0.28867513459481287,#d75b64,0.8431372549019608,0.3568627450980392,0.39215686274509803,54.92109472478978,49.47976671792647,19.744343642877826,"[[0.7499999999999999, 0.2790526301083193], [0.7499999999999999, 0.25018511664883825], [0.7666666666666673, 0.23094010767584988], [0.7916666666666665, 0.2165063509461097], [0.8541666666666666, 0.25259074277046145], [0.8166666666666667, 0.3175426480542943]]",6,5,5,full,1253,7554,3218,1275,1253,1275,1.0,0.65,0.65,8,98.0,2.831334289984281,22,0.017254901960784313,#d96970,0.8509804,0.4117647,0.4392157,57.897932611990655,44.45086685659672,17.05361647896162,58.07983156572654,44.23610150259281,16.8815533894234,3.2819033914944216,6.4336156469432915,1.1269720325556585,2.1220118927016043,0.6502461969899291,20.989357404288228,47.60992962937878,LayerLoomPhotos100NCZ_5/centered_4x3_tif/cmyfullDSC_4513.tif,cmyfullDSC_4513.tif,DSC_4513,cmy,filename_prefix,4513,c,y,m,CMY,full__cym__cmyfullDSC_4513,0.5452893062708271
54,cym_full_054_cmymym,cym,full,cmymym,cmymym,0.16666666666666666,0.3333333333333333,0.5,0.16666666666666666,0.3333333333333333,0.5,0.6666666666666666,0.28867513459481287,#c07870,0.75359477124183,0.4712418300653595,0.4379084967320262,57.90991663091462,27.160819511738044,16.52510350832772,"[[0.7499999999999998, 0.2790526301083193], [0.7166666666666667, 0.35603266600026906], [0.6833333333333338, 0.3752776749732563], [0.6000000000000006, 0.27905263010831927], [0.6833333333333333, 0.23094010767585077], [0.7499999999999998, 0.2501851166488382]]",6,5,5,full,3429,15194,6441,3493,3429,3493,1.0,0.65,0.65,8,98.0,11.488388128414297,64,0.018322359003721728,#af7672,0.6862745,0.4627451,0.44705883,55.46344287483868,21.94865668566476,11.430860551264054,55.21788479041356,22.004534977912684,10.08496923757674,4.096936285428586,7.687859680708368,5.396871299382836,9.933519006062394,2.9520418260321732,27.510500583033775,24.746880677120117,LayerLoomPhotos100NCZ_5/centered_4x3_tif/cmyfullDSC_4513.tif,cmyfullDSC_4513.tif,DSC_4513,cmy,filename_prefix,4513,c,y,m,CMY,full__cym__cmyfullDSC_4513,0.5452893062708271
55,cym_full_055_mmymy,cym,full,mmymy,mmymy,0.0,0.4,0.6,0.0,0.4,0.6,0.8,0.34641016151377546,#db685a,0.8588235294117647,0.4086274509803921,0.3529411764705882,57.79272001589632,43.79980661784783,29.40157737957495,"[[0.7166666666666666, 0.356032666000269], [0.7499999999999999, 0.2790526301083194], [0.8166666666666665, 0.3175426480542942], [0.775, 0.38971143170299727]]",6,5,5,full,1099,7162,3051,1122,1099,1122,1.0,0.65,0.65,8,98.0,4.397061763419414,23,0.020499108734402853,#da6d6b,0.85490197,0.42745098,0.41960785,58.86989576852986,42.77673535435339,20.842707469510337,59.01293869759954,42.55466449084807,20.88485964712002,4.672419471724787,8.6868427261957,1.7163113820811606,3.0455753862302783,0.9510170670707581,25.977380996926684,47.58432034017056,LayerLoomPhotos100NCZ_5/centered_4x3_tif/cmyfullDSC_4513.tif,cmyfullDSC_4513.tif,DSC_4513,cmy,filename_prefix,4513,c,y,m,CMY,full__cym__cmyfullDSC_4513,0.5452893062708271
