region_index,label,corner_label,condition,local_stack_token,stack_token,f_bottom_left,f_top,f_bottom_right,f_c,f_l,f_y,site_x,site_y,expected_hex,expected_R,expected_G,expected_B,expected_L,expected_a,expected_b,polygon_xy,max_height,max_run,distinct_lte,preset
1,cly_full_001_yl,cly,full,my,yl,0.0,0.5,0.5,0.0,0.5,0.5,0.75,0.4330127018922193,#e3d461,0.892156862745098,0.8313725490196078,0.3803921568627451,84.15520736693792,-8.730104128588545,57.68148747093511,"[[0.6666666666666666, 0.44263520637871306], [0.6666666666666666, 0.4041451884327384], [0.6833333333333337, 0.3752776749732563], [0.7166666666666667, 0.356032666000269], [0.7750000000000001, 0.38971143170299727], [0.7250000000000001, 0.47631397208144116]]",6,5,5,full
2,cly_full_002_cyl,cly,full,cmy,cyl,0.3333333333333333,0.3333333333333333,0.3333333333333333,0.3333333333333333,0.3333333333333333,0.3333333333333333,0.5,0.28867513459481287,#abd08a,0.6705882352941176,0.8156862745098038,0.5411764705882353,79.38789520388868,-24.54952347198891,30.85905415787149,"[[0.55, 0.23094010767585016], [0.5750000000000001, 0.2742413778650722], [0.525, 0.3608439182435162], [0.475, 0.3608439182435162], [0.42499999999999993, 0.27424137786507224], [0.45, 0.23094010767585016]]",6,5,5,full
3,cly_full_003_cylyl,cly,full,cmymy,cylyl,0.2,0.4,0.4,0.2,0.4,0.4,0.6000000000000001,0.34641016151377546,#c2d27a,0.7592156862745097,0.8219607843137254,0.4768627450980392,81.13082548122276,-18.892444368404092,41.73669473805563,"[[0.6000000000000006, 0.27905263010831916], [0.6833333333333337, 0.3752776749732563], [0.6666666666666666, 0.40414518843273833], [0.5416666666666666, 0.3800889272165036], [0.5249999999999999, 0.36084391824351614], [0.575, 0.2742413778650722]]",6,5,5,full
4,cly_full_004_ylyll,cly,full,mymyy,ylyll,0.0,0.6,0.4,0.0,0.6,0.4,0.7,0.5196152422706631,#ded274,0.8705882352941176,0.8227450980392156,0.4564705882352941,83.33502282263355,-8.257930520914059,47.51106638204572,"[[0.6166666666666667, 0.5099927377841692], [0.6666666666666667, 0.442635206378713], [0.7250000000000001, 0.47631397208144116], [0.6833333333333335, 0.5484827557301443]]",6,5,5,full
5,cly_full_005_yll,cly,full,myy,yll,0.0,0.6666666666666666,0.3333333333333333,0.0,0.6666666666666666,0.3333333333333333,0.6666666666666666,0.5773502691896257,#dad081,0.8562091503267973,0.8169934640522875,0.5071895424836601,82.82120022881202,-7.696665638264988,40.40751441229884,"[[0.5833333333333334, 0.5773502691896258], [0.5833333333333334, 0.5484827557301436], [0.5916666666666665, 0.52442649451391], [0.6166666666666667, 0.5099927377841692], [0.6833333333333335, 0.5484827557301444], [0.6458333333333334, 0.6134346610139774]]",6,5,5,full
6,cly_full_006_clylyl,cly,full,cymymy,clylyl,0.16666666666666666,0.5,0.3333333333333333,0.16666666666666666,0.5,0.3333333333333333,0.5833333333333333,0.4330127018922193,#c3d086,0.7633986928104575,0.8163398692810456,0.5241830065359477,80.99558143942201,-16.36014488025389,35.49842690411356,"[[0.6166666666666668, 0.5099927377841692], [0.5916666666666663, 0.5244264945139101], [0.5416666666666666, 0.47631397208144155], [0.5416666666666665, 0.3800889272165036], [0.6666666666666667, 0.40414518843273833], [0.6666666666666667, 0.44263520637871284]]",6,5,5,full
7,cly_full_007_ylll,cly,full,myyy,ylll,0.0,0.75,0.25,0.0,0.75,0.25,0.625,0.649519052838329,#d6ce92,0.838235294117647,0.8098039215686273,0.5705882352941176,82.21898292692846,-6.699939912165275,31.297230565592926,"[[0.55, 0.6350852961085884], [0.5833333333333334, 0.5773502691896258], [0.6458333333333334, 0.6134346610139774], [0.6125, 0.6711696879329399]]",6,5,5,full
8,cly_full_008_yllll,cly,full,myyyy,yllll,0.0,0.8,0.2,0.0,0.8,0.2,0.6000000000000001,0.6928203230275509,#d3cd9b,0.8274509803921568,0.8054901960784313,0.6086274509803922,81.88025664560861,-5.938165053471501,25.752071288290068,"[[0.5166666666666657, 0.6639528095680706], [0.55, 0.6350852961085883], [0.6125, 0.6711696879329399], [0.5916666666666659, 0.7072540797572928]]",6,5,5,full
9,cly_full_009_ylllll,cly,full,myyyyy,ylllll,0.0,0.8333333333333334,0.16666666666666666,0.0,0.8333333333333334,0.16666666666666666,0.5833333333333334,0.7216878364870322,#d1cda2,0.8202614379084966,0.8026143790849672,0.6339869281045751,81.66427814884557,-5.360285362129014,22.03485415141888,"[[0.5000000000000002, 0.7698003589195007], [0.5000000000000001, 0.6735753140545636], [0.5166666666666656, 0.6639528095680706], [0.5916666666666659, 0.7072540797572928], [0.5416666666666669, 0.7938566201357351]]",6,5,5,full
10,cly_full_010_l,cly,full,y,l,0.0,1.0,0.0,0.0,1.0,0.0,0.5,0.8660254037844386,#c8c9c2,0.7843137254901961,0.788235294117647,0.7607843137254902,80.70973829085915,-1.6093340068246142,3.370929344299589,"[[0.4583333333333333, 0.7938566201357353], [0.5000000000000002, 0.7698003589195007], [0.5416666666666667, 0.7938566201357351], [0.5, 0.8660254037844386]]",6,5,5,full
11,cly_full_011_clyl,cly,full,cymy,clyl,0.25,0.5,0.25,0.25,0.5,0.25,0.5,0.4330127018922193,#b2ce98,0.6990196078431372,0.8088235294117647,0.596078431372549,79.62757502512954,-19.01197259071591,23.9667028468747,"[[0.5416666666666665, 0.47631397208144155], [0.4583333333333335, 0.47631397208144155], [0.4583333333333335, 0.3800889272165036], [0.475, 0.3608439182435162], [0.5249999999999999, 0.3608439182435162], [0.5416666666666665, 0.38008892721650367]]",6,5,5,full
12,cly_full_012_clyll,cly,full,cymyy,clyll,0.2,0.6,0.2,0.2,0.6,0.2,0.5,0.5196152422706631,#b7cda0,0.716078431372549,0.8047058823529412,0.6290196078431373,79.80035994488038,-15.61433022698,19.822583634102543,"[[0.4083333333333336, 0.5244264945139103], [0.45833333333333354, 0.4763139720814415], [0.5416666666666665, 0.47631397208144144], [0.5916666666666665, 0.5244264945139102], [0.5833333333333335, 0.5484827557301435], [0.4166666666666665, 0.5484827557301435]]",6,5,5,full
13,cly_full_013_clylll,cly,full,cymyyy,clylll,0.16666666666666666,0.6666666666666666,0.16666666666666666,0.16666666666666666,0.6666666666666666,0.16666666666666666,0.5,0.5773502691896257,#bacca6,0.7274509803921568,0.8019607843137254,0.6509803921568628,79.92766882210589,-13.322150669874688,17.062278614374105,"[[0.5499999999999997, 0.6350852961085888], [0.5166666666666663, 0.6639528095680701], [0.5000000000000001, 0.6735753140545636], [0.4833333333333337, 0.66395280956807], [0.44999999999999996, 0.6350852961085883], [0.4166666666666665, 0.5773502691896255], [0.41666666666666646, 0.5484827557301435], [0.5833333333333334, 0.5484827557301435], [0.5833333333333334, 0.5773502691896257]]",6,5,5,full
14,cly_full_014_clllll,cly,full,cyyyyy,clllll,0.16666666666666666,0.8333333333333334,0.0,0.16666666666666666,0.8333333333333334,0.0,0.4166666666666667,0.7216878364870322,#b0c9c6,0.6915032679738561,0.7875816993464052,0.7777777777777777,79.07364345112796,-8.72690115396657,-1.5461176684616218,"[[0.4583333333333333, 0.7938566201357353], [0.4083333333333336, 0.7072540797572919], [0.4833333333333335, 0.6639528095680699], [0.5000000000000002, 0.6735753140545637], [0.5000000000000002, 0.7698003589195006]]",6,5,5,full
15,cly_full_015_cllll,cly,full,cyyyy,cllll,0.2,0.8,0.0,0.2,0.8,0.0,0.4,0.6928203230275509,#acc9c7,0.6729411764705882,0.7874509803921568,0.7811764705882352,78.77391370177266,-10.073441984677133,-2.4885812696774368,"[[0.45000000000000007, 0.6350852961085884], [0.48333333333333367, 0.66395280956807], [0.40833333333333355, 0.7072540797572919], [0.38750000000000007, 0.6711696879329401]]",6,5,5,full
16,cly_full_016_clll,cly,full,cyyy,clll,0.25,0.75,0.0,0.25,0.75,0.0,0.375,0.649519052838329,#a4c9c9,0.6450980392156862,0.7872549019607843,0.7862745098039216,78.3418577878161,-12.037612649278051,-3.8758385778769444,"[[0.41666666666666646, 0.5773502691896255], [0.45000000000000007, 0.6350852961085885], [0.3875000000000001, 0.6711696879329401], [0.3541666666666666, 0.6134346610139771]]",6,5,5,full
17,cly_full_017_cll,cly,full,cyy,cll,0.3333333333333333,0.6666666666666666,0.0,0.3333333333333333,0.6666666666666666,0.0,0.3333333333333333,0.5773502691896257,#99c9cb,0.5986928104575163,0.7869281045751634,0.7947712418300653,77.66903448349201,-15.149348105007398,-6.116170938595333,"[[0.3833333333333331, 0.5099927377841694], [0.4083333333333336, 0.5244264945139103], [0.4166666666666664, 0.5484827557301433], [0.4166666666666664, 0.5773502691896256], [0.3541666666666665, 0.613434661013977], [0.3166666666666666, 0.5484827557301443]]",6,5,5,full
18,cly_full_018_clclyl,cly,full,cycymy,clclyl,0.3333333333333333,0.5,0.16666666666666666,0.3333333333333333,0.5,0.16666666666666666,0.41666666666666663,0.4330127018922193,#a2ccaa,0.634640522875817,0.8013071895424836,0.6679738562091503,78.41619172482496,-20.693242258423727,12.404460296892793,"[[0.45833333333333354, 0.38008892721650345], [0.45833333333333354, 0.47631397208144144], [0.40833333333333355, 0.5244264945139103], [0.3833333333333331, 0.5099927377841694], [0.3333333333333333, 0.4426352063787134], [0.3333333333333333, 0.40414518843273783]]",6,5,5,full
19,cly_full_019_clcll,cly,full,cycyy,clcll,0.4,0.6,0.0,0.4,0.6,0.0,0.3,0.5196152422706631,#8fc9cc,0.5615686274509804,0.7866666666666666,0.8015686274509803,77.17374299550487,-17.478635502505004,-7.842693674630041,"[[0.3333333333333333, 0.44263520637871334], [0.383333333333333, 0.5099927377841693], [0.31666666666666654, 0.5484827557301443], [0.2750000000000001, 0.4763139720814414]]",6,5,5,full
20,cly_full_020_cl,cly,full,cy,cl,0.5,0.5,0.0,0.5,0.5,0.0,0.25,0.4330127018922193,#81c9cf,0.5058823529411764,0.7862745098039216,0.8117647058823529,76.50296436848879,-20.676899839808417,-10.321095386057056,"[[0.2833333333333334, 0.3560326660002692], [0.3166666666666668, 0.3752776749732568], [0.3333333333333333, 0.40414518843273783], [0.3333333333333333, 0.44263520637871334], [0.27500000000000013, 0.47631397208144144], [0.225, 0.3897114317029974]]",6,5,5,full
21,cly_full_021_cylcl,cly,full,cmycy,cylcl,0.4,0.4,0.2,0.4,0.4,0.2,0.4,0.34641016151377546,#9acda6,0.6047058823529412,0.803921568627451,0.6494117647058824,78.04550688511553,-24.409275924481665,14.342469281986169,"[[0.4000000000000001, 0.2790526301083191], [0.42499999999999993, 0.27424137786507224], [0.475, 0.36084391824351614], [0.45833333333333337, 0.38008892721650356], [0.33333333333333326, 0.4041451884327379], [0.31666666666666676, 0.37527767497325687]]",6,5,5,full
22,cly_full_022_cclcl,cly,full,ccycy,cclcl,0.6,0.4,0.0,0.6,0.4,0.0,0.2,0.34641016151377546,#73c8d2,0.45019607843137255,0.7858823529411765,0.8219607843137254,75.91892577141277,-23.486585930190984,-12.664493303691327,"[[0.24999999999999994, 0.27905263010831904], [0.2833333333333333, 0.35603266600026917], [0.22500000000000003, 0.3897114317029973], [0.18333333333333335, 0.3175426480542941]]",6,5,5,full
23,cly_full_023_ccl,cly,full,ccy,ccl,0.6666666666666666,0.3333333333333333,0.0,0.6666666666666666,0.3333333333333333,0.0,0.16666666666666666,0.28867513459481287,#69c8d3,0.41307189542483663,0.7856209150326797,0.8287581699346406,75.57752358876611,-25.127508791505605,-14.151564442941812,"[[0.20833333333333337, 0.21650635094610968], [0.2333333333333333, 0.2309401076758503], [0.24999999999999997, 0.2501851166488378], [0.24999999999999997, 0.27905263010831904], [0.1833333333333333, 0.3175426480542941], [0.14583333333333334, 0.2525907427704613]]",6,5,5,full
24,cly_full_024_cyclcl,cly,full,cmcycy,cyclcl,0.5,0.3333333333333333,0.16666666666666666,0.5,0.3333333333333333,0.16666666666666666,0.3333333333333333,0.28867513459481287,#8accaf,0.5418300653594771,0.8006535947712418,0.6849673202614378,77.13858677458921,-27.25335580358251,8.084621785362046,"[[0.31666666666666676, 0.23094010767585027], [0.4000000000000001, 0.2790526301083191], [0.31666666666666676, 0.3752776749732568], [0.2833333333333334, 0.3560326660002692], [0.24999999999999994, 0.279052630108319], [0.24999999999999994, 0.2501851166488378]]",6,5,5,full
25,cly_full_025_cccl,cly,full,cccy,cccl,0.75,0.25,0.0,0.75,0.25,0.0,0.125,0.21650635094610965,#5ec8d6,0.3666666666666667,0.7852941176470588,0.8372549019607843,75.20410346817063,-26.903791665477627,-15.926264019264202,"[[0.175, 0.15877132402714708], [0.20833333333333334, 0.21650635094610968], [0.14583333333333334, 0.2525907427704613], [0.11249999999999999, 0.1948557158514987]]",6,5,5,full
26,cly_full_026_ccccl,cly,full,ccccy,ccccl,0.8,0.2,0.0,0.8,0.2,0.0,0.1,0.17320508075688773,#56c8d7,0.3388235294117647,0.7850980392156862,0.8423529411764706,75.00808609551619,-27.818736517711272,-16.94665722176596,"[[0.16666666666666669, 0.11547005383792511], [0.175, 0.15877132402714705], [0.11249999999999999, 0.19485571585149866], [0.09166666666666666, 0.15877132402714705]]",6,5,5,full
27,cly_full_027_cccccl,cly,full,cccccy,cccccl,0.8333333333333334,0.16666666666666666,0.0,0.8333333333333334,0.16666666666666666,0.0,0.08333333333333333,0.14433756729740643,#52c8d8,0.3202614379084967,0.7849673202614379,0.8457516339869282,74.88890569394864,-28.364876898192335,-17.608635469954613,"[[0.16666666666666663, 0.0962250448649376], [0.16666666666666663, 0.11547005383792514], [0.09166666666666666, 0.15877132402714705], [0.041666666666666664, 0.07216878364870322], [0.08333333333333333, 0.048112522432468816]]",6,5,5,full
28,cly_full_028_c,cly,full,c,c,1.0,0.0,0.0,1.0,0.0,0.0,0.0,0.0,#3ac8dc,0.22745098039215686,0.7843137254901961,0.8627450980392157,74.42655654335444,-30.326087604312878,-20.705156122725967,"[[0.08333333333333333, 0.048112522432468816], [0.041666666666666664, 0.07216878364870322], [0.0, 0.0], [0.08333333333333333, 0.0]]",6,5,5,full
29,cly_full_029_cycl,cly,full,cmcy,cycl,0.5,0.25,0.25,0.5,0.25,0.25,0.375,0.21650635094610965,#8fce9f,0.5598039215686275,0.8078431372549019,0.6215686274509804,77.54559243271768,-29.87197434347033,17.327250744035382,"[[0.44166666666666676, 0.20688384645961588], [0.45, 0.23094010767585005], [0.4249999999999999, 0.27424137786507224], [0.4, 0.2790526301083191], [0.31666666666666676, 0.23094010767585027], [0.3583333333333334, 0.1587713240271471]]",6,5,5,full
30,cly_full_030_ccycl,cly,full,ccmcy,ccycl,0.6,0.2,0.2,0.6,0.2,0.2,0.30000000000000004,0.17320508075688773,#7ecdab,0.49333333333333335,0.8031372549019608,0.6698039215686274,76.62912151256064,-31.935036719117406,9.34969625161386,"[[0.34166666666666673, 0.09141379262169073], [0.3583333333333334, 0.15877132402714716], [0.31666666666666676, 0.23094010767585027], [0.24999999999999997, 0.2501851166488378], [0.23333333333333336, 0.23094010767585035], [0.31666666666666665, 0.08660254037844387]]",6,5,5,full
31,cly_full_031_cccycl,cly,full,cccmcy,cccycl,0.6666666666666666,0.16666666666666666,0.16666666666666666,0.6666666666666666,0.16666666666666666,0.16666666666666666,0.25,0.14433756729740643,#73ccb3,0.44901960784313727,0.7999999999999999,0.7019607843137255,76.09911883965674,-32.78361998688334,4.117919124098446,"[[0.22499999999999992, 0.07216878364870322], [0.29166666666666674, 0.0721687836487032], [0.3166666666666667, 0.08660254037844384], [0.23333333333333334, 0.2309401076758503], [0.20833333333333331, 0.21650635094610965], [0.175, 0.1587713240271471], [0.16666666666666666, 0.11547005383792512], [0.16666666666666666, 0.09622504486493762], [0.1833333333333334, 0.0866025403784438]]",6,5,5,full
32,cly_full_032_cccccy,cly,full,cccccm,cccccy,0.8333333333333334,0.0,0.16666666666666666,0.8333333333333334,0.0,0.16666666666666666,0.16666666666666666,0.0,#5bccb7,0.3562091503267974,0.7993464052287581,0.7189542483660132,75.29660301626511,-37.09575172861812,0.50977836820707,"[[0.18333333333333338, 0.08660254037844385], [0.16666666666666669, 0.09622504486493762], [0.08333333333333334, 0.04811252243246881], [0.08333333333333333, 0.0], [0.18333333333333335, 0.0]]",6,5,5,full
33,cly_full_033_ccccy,cly,full,ccccm,ccccy,0.8,0.0,0.2,0.8,0.0,0.2,0.2,0.0,#61cdb0,0.3819607843137255,0.8023529411764706,0.6901960784313725,75.5547352424016,-37.82289322407589,4.864422141720537,"[[0.225, 0.07216878364870322], [0.18333333333333338, 0.08660254037844384], [0.18333333333333335, 0.0], [0.22499999999999998, 0.0]]",6,5,5,full
34,cly_full_034_cccy,cly,full,cccm,cccy,0.75,0.0,0.25,0.75,0.0,0.25,0.25,0.0,#6bcea5,0.42058823529411765,0.8068627450980392,0.6470588235294118,75.99398463781759,-38.508338624210936,11.446263813771207,"[[0.2916666666666667, 0.07216878364870322], [0.22499999999999998, 0.0721687836487032], [0.22499999999999998, 0.0], [0.29166666666666674, 0.0]]",6,5,5,full
35,cly_full_035_ccy,cly,full,ccm,ccy,0.6666666666666666,0.0,0.3333333333333333,0.6666666666666666,0.0,0.3333333333333333,0.3333333333333333,0.0,#7cd093,0.4849673202614379,0.8143790849673204,0.5751633986928105,76.86250739489427,-38.58330122000342,22.49598611228505,"[[0.3666666666666667, 0.07698003589195004], [0.3416666666666667, 0.0914137926216907], [0.31666666666666665, 0.08660254037844384], [0.2916666666666667, 0.07216878364870323], [0.2916666666666667, 0.0], [0.3666666666666667, 0.0]]",6,5,5,full
36,cly_full_036_cycycl,cly,full,cmcmcy,cycycl,0.5,0.16666666666666666,0.3333333333333333,0.5,0.16666666666666666,0.3333333333333333,0.41666666666666663,0.14433756729740643,#93d08e,0.5777777777777778,0.815032679738562,0.5581699346405229,78.00818182760099,-32.03775655545144,26.517832848308153,"[[0.44999999999999996, 0.06735753140545633], [0.4833333333333334, 0.08660254037844393], [0.44166666666666676, 0.20688384645961588], [0.3583333333333334, 0.1587713240271471], [0.3416666666666667, 0.09141379262169072], [0.3666666666666667, 0.07698003589195006]]",6,5,5,full
37,cly_full_037_ccycy,cly,full,ccmcm,ccycy,0.6,0.0,0.4,0.6,0.0,0.4,0.4,0.0,#89d184,0.5364705882352941,0.820392156862745,0.5176470588235295,77.67664033697756,-37.72301156590308,31.332784159337134,"[[0.44999999999999996, 0.06735753140545633], [0.3666666666666667, 0.07698003589195006], [0.3666666666666667, 0.0], [0.44999999999999996, 0.0]]",6,5,5,full
38,cly_full_038_cy,cly,full,cm,cy,0.5,0.0,0.5,0.5,0.0,0.5,0.5,0.0,#9dd36e,0.6137254901960785,0.8294117647058823,0.43137254901960786,79.08731311025821,-35.04058229831547,44.36686585857201,"[[0.55, 0.06735753140545635], [0.5166666666666666, 0.08660254037844395], [0.4833333333333334, 0.08660254037844395], [0.44999999999999996, 0.06735753140545636], [0.44999999999999996, 0.0], [0.55, 0.0]]",6,5,5,full
39,cly_full_039_cycyl,cly,full,cmcmy,cycyl,0.4,0.2,0.4,0.4,0.2,0.4,0.5,0.17320508075688773,#a5d17f,0.647843137254902,0.8211764705882352,0.4972549019607843,79.23929810102528,-28.848518844113713,36.32750420892164,"[[0.5166666666666666, 0.08660254037844392], [0.5583333333333332, 0.20688384645961583], [0.5499999999999999, 0.23094010767585013], [0.45000000000000007, 0.23094010767585016], [0.44166666666666676, 0.20688384645961586], [0.4833333333333334, 0.08660254037844392]]",6,5,5,full
40,cly_full_040_cycyy,cly,full,cmcmm,cycyy,0.4,0.0,0.6,0.4,0.0,0.6,0.6,0.0,#b0d658,0.6909803921568628,0.8384313725490194,0.34509803921568627,80.71081715514305,-30.926605445549537,56.74685739894987,"[[0.6333333333333333, 0.07698003589195006], [0.55, 0.06735753140545635], [0.55, 0.0], [0.6333333333333334, 0.0]]",6,5,5,full
41,cly_full_041_cyy,cly,full,cmm,cyy,0.3333333333333333,0.0,0.6666666666666666,0.3333333333333333,0.0,0.6666666666666666,0.6666666666666666,0.0,#bdd749,0.742483660130719,0.8444444444444444,0.28758169934640526,81.90233054832865,-27.535536020099894,64.35586331832887,"[[0.7083333333333331, 0.07216878364870336], [0.6833333333333338, 0.08660254037844362], [0.6583333333333332, 0.09141379262169061], [0.6333333333333334, 0.07698003589195007], [0.6333333333333334, 0.0], [0.7083333333333333, 0.0]]",6,5,5,full
42,cly_full_042_cycyly,cly,full,cmcmym,cycyly,0.3333333333333333,0.16666666666666666,0.5,0.3333333333333333,0.16666666666666666,0.5,0.5833333333333334,0.14433756729740643,#b4d46a,0.7065359477124183,0.8300653594771242,0.4143790849673203,80.55905526205493,-26.777101209037145,48.574448046396704,"[[0.6583333333333332, 0.09141379262169057], [0.6416666666666665, 0.15877132402714716], [0.5583333333333332, 0.20688384645961586], [0.5166666666666666, 0.0866025403784439], [0.55, 0.06735753140545633], [0.6333333333333334, 0.07698003589195007]]",6,5,5,full
43,cly_full_043_cyyy,cly,full,cmmm,cyyy,0.25,0.0,0.75,0.25,0.0,0.75,0.75,0.0,#ced937,0.8068627450980392,0.8519607843137255,0.21568627450980393,83.5042416800598,-22.722707681334942,72.79352079044212,"[[0.7750000000000006, 0.07216878364870336], [0.7083333333333333, 0.07216878364870336], [0.7083333333333331, 0.0], [0.7750000000000006, 0.0]]",6,5,5,full
44,cly_full_044_cyyyy,cly,full,cmmmm,cyyyy,0.2,0.0,0.8,0.2,0.0,0.8,0.8,0.0,#d8da2c,0.8454901960784313,0.8564705882352941,0.17254901960784313,84.52082667829146,-19.591593417616572,77.13877361131732,"[[0.8166666666666662, 0.08660254037844367], [0.7750000000000006, 0.07216878364870337], [0.7750000000000006, 0.0], [0.8166666666666663, 0.0]]",6,5,5,full
45,cly_full_045_cyyyyy,cly,full,cmmmmm,cyyyyy,0.16666666666666666,0.0,0.8333333333333334,0.16666666666666666,0.0,0.8333333333333334,0.8333333333333334,0.0,#dedb25,0.8712418300653595,0.8594771241830065,0.14379084967320263,85.22002960492412,-17.423035804343623,79.69705339328037,"[[0.8333333333333333, 0.0962250448649377], [0.8166666666666662, 0.0866025403784437], [0.8166666666666663, 0.0], [0.9166666666666666, 0.0], [0.9166666666666666, 0.048112522432468836]]",6,5,5,full
46,cly_full_046_y,cly,full,m,y,0.0,0.0,1.0,0.0,0.0,1.0,1.0,0.0,#ffdf00,1.0,0.8745098039215686,0.0,88.94096720886532,-5.949434572648293,88.5567575521992,"[[0.9166666666666667, 0.048112522432468885], [0.9166666666666667, 0.0], [1.0, 0.0], [0.9583333333333334, 0.07216878364870329]]",6,5,5,full
47,cly_full_047_cyly,cly,full,cmym,cyly,0.25,0.25,0.5,0.25,0.25,0.5,0.625,0.21650635094610965,#c0d468,0.7529411764705882,0.830392156862745,0.40588235294117647,81.3784985227707,-22.412923211170387,50.77080931526299,"[[0.6833333333333332, 0.23094010767585077], [0.6000000000000006, 0.27905263010831916], [0.575, 0.2742413778650722], [0.5499999999999999, 0.23094010767585016], [0.5583333333333332, 0.20688384645961583], [0.6416666666666664, 0.1587713240271472]]",6,5,5,full
48,cly_full_048_cyyly,cly,full,cmmym,cyyly,0.2,0.2,0.6,0.2,0.2,0.6,0.7,0.17320508075688773,#cdd653,0.8023529411764706,0.8392156862745097,0.3247058823529412,82.72048440025975,-20.10222697182157,61.7382681277646,"[[0.766666666666667, 0.23094010767584996], [0.7499999999999998, 0.25018511664883825], [0.6833333333333333, 0.23094010767585071], [0.6416666666666665, 0.15877132402714722], [0.6583333333333332, 0.0914137926216906], [0.6833333333333339, 0.08660254037844359]]",6,5,5,full
49,cly_full_049_cyyyly,cly,full,cmmmym,cyyyly,0.16666666666666666,0.16666666666666666,0.6666666666666666,0.16666666666666666,0.16666666666666666,0.6666666666666666,0.75,0.14433756729740643,#d5d845,0.8352941176470589,0.8450980392156863,0.27058823529411763,83.6697647007208,-18.211298027001277,68.35843717978565,"[[0.8250000000000003, 0.1587713240271464], [0.7916666666666666, 0.21650635094610957], [0.7666666666666672, 0.2309401076758499], [0.6833333333333339, 0.08660254037844357], [0.7083333333333331, 0.07216878364870336], [0.7750000000000006, 0.07216878364870336], [0.8166666666666662, 0.08660254037844367], [0.8333333333333333, 0.09622504486493769], [0.8333333333333333, 0.11547005383792629]]",6,5,5,full
50,cly_full_050_yyyyyl,cly,full,mmmmmy,yyyyyl,0.0,0.16666666666666666,0.8333333333333334,0.0,0.16666666666666666,0.8333333333333334,0.9166666666666667,0.14433756729740643,#f6db20,0.9640522875816994,0.8601307189542484,0.12679738562091503,87.24601639640227,-7.615804146286099,83.0681711112142,"[[0.8333333333333334, 0.11547005383792527], [0.8333333333333334, 0.09622504486493769], [0.9166666666666666, 0.0481125224324689], [0.9583333333333333, 0.07216878364870329], [0.9083333333333332, 0.15877132402714716]]",6,5,5,full
51,cly_full_051_yyyyl,cly,full,mmmmy,yyyyl,0.0,0.2,0.8,0.0,0.2,0.8,0.9,0.17320508075688773,#f4db27,0.9568627450980391,0.8572549019607842,0.15215686274509804,86.91636496560015,-7.881167241053033,81.37129826882345,"[[0.8250000000000001, 0.15877132402714667], [0.8333333333333333, 0.11547005383792514], [0.9083333333333332, 0.15877132402714725], [0.8875000000000002, 0.19485571585149836]]",6,5,5,full
52,cly_full_052_yyyl,cly,full,mmmy,yyyl,0.0,0.25,0.75,0.0,0.25,0.75,0.875,0.21650635094610965,#f1da31,0.946078431372549,0.8529411764705882,0.19019607843137254,86.4293383471445,-8.224065116570255,78.42019236804148,"[[0.7916666666666665, 0.21650635094610965], [0.8250000000000001, 0.1587713240271467], [0.8875000000000002, 0.19485571585149844], [0.8541666666666666, 0.2525907427704614]]",6,5,5,full
53,cly_full_053_yyl,cly,full,mmy,yyl,0.0,0.3333333333333333,0.6666666666666666,0.0,0.3333333333333333,0.6666666666666666,0.8333333333333333,0.28867513459481287,#edd841,0.9281045751633986,0.8457516339869281,0.25359477124183005,85.6395345111988,-8.632014537106992,72.49823506851614,"[[0.7499999999999999, 0.2790526301083193], [0.7499999999999999, 0.25018511664883825], [0.7666666666666673, 0.23094010767584988], [0.7916666666666665, 0.2165063509461097], [0.8541666666666666, 0.25259074277046145], [0.8166666666666667, 0.3175426480542943]]",6,5,5,full
54,cly_full_054_cylyly,cly,full,cmymym,cylyly,0.16666666666666666,0.3333333333333333,0.5,0.16666666666666666,0.3333333333333333,0.5,0.6666666666666666,0.28867513459481287,#ccd465,0.7993464052287581,0.8307189542483661,0.39738562091503266,82.252013484458,-17.932949239628403,53.02368023575155,"[[0.7499999999999998, 0.2790526301083193], [0.7166666666666667, 0.35603266600026906], [0.6833333333333338, 0.3752776749732563], [0.6000000000000006, 0.27905263010831927], [0.6833333333333333, 0.23094010767585077], [0.7499999999999998, 0.2501851166488382]]",6,5,5,full
55,cly_full_055_yylyl,cly,full,mmymy,yylyl,0.0,0.4,0.6,0.0,0.4,0.6,0.8,0.34641016151377546,#e9d64e,0.9137254901960784,0.8400000000000001,0.3043137254901961,85.02953160322268,-8.794139025000923,66.97830057317569,"[[0.7166666666666666, 0.356032666000269], [0.7499999999999999, 0.2790526301083194], [0.8166666666666665, 0.3175426480542942], [0.775, 0.38971143170299727]]",6,5,5,full
