region_index,label,corner_label,condition,local_stack_token,stack_token,f_bottom_left,f_top,f_bottom_right,f_c,f_g,f_y,site_x,site_y,expected_hex,expected_R,expected_G,expected_B,expected_L,expected_a,expected_b,polygon_xy,max_height,max_run,distinct_lte,preset,sample_pixels,raw_region_pixels,core_region_pixels,candidate_mask_pixels,sample_mask_pixels,old_color_mask_pixels,old_color_mask_fraction,sample_core_fraction_requested,sample_core_fraction_used,erosion_px_used,lab_trim_percentile,lab_trim_cutoff_deltaE00,lab_trimmed_pixels,lab_trimmed_fraction,measured_hex,measured_R,measured_G,measured_B,measured_L,measured_a,measured_b,measured_L_mean,measured_a_mean,measured_b_mean,deltaE00_to_expected,deltaE76_to_expected,within_region_deltaE00_median,within_region_deltaE00_p90,within_region_deltaE00_sd,hue_angle_degrees,measured_chroma,source_path,filename,photo_id,filename_label,condition_source,capture_number,bottom_left_anchor,top_anchor,bottom_right_anchor,palette_family,analysis_id,analysis_scale
1,cgy_full_001_yg,cgy,full,my,yg,0.0,0.5,0.5,0.0,0.5,0.5,0.75,0.4330127018922193,#90cf32,0.5627450980392157,0.8117647058823529,0.19411764705882353,76.5181876914217,-42.83550403159575,66.51630663705663,"[[0.6666666666666666, 0.44263520637871306], [0.6666666666666666, 0.4041451884327384], [0.6833333333333337, 0.3752776749732563], [0.7166666666666667, 0.356032666000269], [0.7750000000000001, 0.38971143170299727], [0.7250000000000001, 0.47631397208144116]]",6,5,5,full,1817,9597,4054,1854,1817,1854,1.0,0.65,0.65,8,98.0,1.6144780788444297,37,0.019956850053937433,#95e56d,0.58431375,0.8980392,0.42745098,83.75502163477475,-45.573850903081414,50.7806387136893,83.7755125474914,-45.5861836177531,50.70557054204886,7.480762414341228,17.53515195562142,0.6819651953861722,1.209873347522915,0.32932254292396884,131.9068686369926,68.23231752114634,LayerLoomPhotos100NCZ_5/centered_4x3_tif/DSC_4566cgy.tif,DSC_4566cgy.tif,DSC_4566,cgy,capture_number,4566,c,g,y,CMY+OVG,full__cgy__DSC_4566cgy,0.5462822458270106
2,cgy_full_002_cyg,cgy,full,cmy,cyg,0.3333333333333333,0.3333333333333333,0.3333333333333333,0.3333333333333333,0.3333333333333333,0.3333333333333333,0.5,0.28867513459481287,#73cd6a,0.45098039215686275,0.8026143790849672,0.4169934640522876,74.94694210269297,-46.22042312408819,40.57762857567124,"[[0.55, 0.23094010767585016], [0.5750000000000001, 0.2742413778650722], [0.525, 0.3608439182435162], [0.475, 0.3608439182435162], [0.42499999999999993, 0.27424137786507224], [0.45, 0.23094010767585016]]",6,5,5,full,4266,16776,7236,4352,4266,4352,1.0,0.65,0.65,8,98.0,3.969574426593265,86,0.019761029411764705,#86ce8f,0.5254902,0.80784315,0.56078434,76.65380291573159,-35.320256753400834,24.39744171588565,76.7426511071876,-35.170394201986646,24.28174341729825,6.359328466516202,19.5838057476408,1.5674361239223409,2.60783485176977,0.7544532885560196,145.36525107053933,42.9273304481678,LayerLoomPhotos100NCZ_5/centered_4x3_tif/DSC_4566cgy.tif,DSC_4566cgy.tif,DSC_4566,cgy,capture_number,4566,c,g,y,CMY+OVG,full__cgy__DSC_4566cgy,0.5462822458270106
3,cgy_full_003_cygyg,cgy,full,cmymy,cygyg,0.2,0.4,0.4,0.2,0.4,0.4,0.6000000000000001,0.34641016151377546,#7ece54,0.49568627450980396,0.8062745098039216,0.32784313725490194,75.48153167409976,-45.6782634539617,52.025744529991336,"[[0.6000000000000006, 0.27905263010831916], [0.6833333333333337, 0.3752776749732563], [0.6666666666666666, 0.40414518843273833], [0.5416666666666666, 0.3800889272165036], [0.5249999999999999, 0.36084391824351614], [0.575, 0.2742413778650722]]",6,5,5,full,2940,13802,5880,2998,2940,2998,1.0,0.65,0.65,8,98.0,5.3455109302179835,58,0.019346230820547032,#8cd57f,0.54901963,0.8352941,0.49803922,78.76297781188998,-39.000635137489496,34.61167681538967,78.69811145312264,-38.33255967801487,33.585131711945394,6.150973530249826,18.93695759769509,1.6027975180341216,3.6043456364786657,1.090696396730854,138.41208470664026,52.14420114548273,LayerLoomPhotos100NCZ_5/centered_4x3_tif/DSC_4566cgy.tif,DSC_4566cgy.tif,DSC_4566,cgy,capture_number,4566,c,g,y,CMY+OVG,full__cgy__DSC_4566cgy,0.5462822458270106
4,cgy_full_004_ygygg,cgy,full,mymyy,ygygg,0.0,0.6,0.4,0.0,0.6,0.4,0.7,0.5196152422706631,#79cc3b,0.4752941176470588,0.7992156862745098,0.23294117647058826,74.50114012845992,-48.68639350873899,60.78178216902822,"[[0.6166666666666667, 0.5099927377841692], [0.6666666666666667, 0.442635206378713], [0.7250000000000001, 0.47631397208144116], [0.6833333333333335, 0.5484827557301443]]",6,5,5,full,1100,7221,3098,1123,1100,1123,1.0,0.65,0.65,8,98.0,1.6640867368629892,23,0.020480854853072127,#8fe273,0.56078434,0.8862745,0.4509804,82.59456839666755,-45.68453128048147,46.414856142602815,82.53739381165605,-45.75875967668736,46.53440971670079,7.123697686571169,16.760767327865427,0.7983908417924322,1.3297978515360016,0.39438906423338355,134.54566847399246,65.12614888856706,LayerLoomPhotos100NCZ_5/centered_4x3_tif/DSC_4566cgy.tif,DSC_4566cgy.tif,DSC_4566,cgy,capture_number,4566,c,g,y,CMY+OVG,full__cgy__DSC_4566cgy,0.5462822458270106
5,cgy_full_005_ygg,cgy,full,myy,ygg,0.0,0.6666666666666666,0.3333333333333333,0.0,0.6666666666666666,0.3333333333333333,0.6666666666666666,0.5773502691896257,#6aca42,0.4169934640522876,0.7908496732026143,0.25882352941176473,73.25969245824507,-52.014165739953434,56.76698040935824,"[[0.5833333333333334, 0.5773502691896258], [0.5833333333333334, 0.5484827557301436], [0.5916666666666665, 0.52442649451391], [0.6166666666666667, 0.5099927377841692], [0.6833333333333335, 0.5484827557301444], [0.6458333333333334, 0.6134346610139774]]",6,5,5,full,1256,7548,3192,1279,1256,1279,1.0,0.65,0.65,8,98.0,1.3426314860033277,23,0.017982799061767005,#8ae077,0.5411765,0.8784314,0.46666667,81.8886433478607,-45.786255787295836,43.25956109201101,81.84156151763959,-45.79107761772699,43.384001840784116,7.301038390145676,17.195814387473913,0.6839218496747309,1.0558227593358591,0.2606459891199042,136.62534425834167,62.99024404535288,LayerLoomPhotos100NCZ_5/centered_4x3_tif/DSC_4566cgy.tif,DSC_4566cgy.tif,DSC_4566,cgy,capture_number,4566,c,g,y,CMY+OVG,full__cgy__DSC_4566cgy,0.5462822458270106
6,cgy_full_006_cgygyg,cgy,full,cymymy,cgygyg,0.16666666666666666,0.5,0.3333333333333333,0.16666666666666666,0.5,0.3333333333333333,0.5833333333333333,0.4330127018922193,#6fcb56,0.4339869281045752,0.7967320261437908,0.3379084967320261,74.07525136463373,-49.36446651848059,49.073070078521994,"[[0.6166666666666668, 0.5099927377841692], [0.5916666666666663, 0.5244264945139101], [0.5416666666666666, 0.47631397208144155], [0.5416666666666665, 0.3800889272165036], [0.6666666666666667, 0.40414518843273833], [0.6666666666666667, 0.44263520637871284]]",6,5,5,full,3624,15123,6435,3697,3624,3697,1.0,0.65,0.65,8,98.0,5.531035395498193,73,0.019745739789018123,#87d480,0.5294118,0.83137256,0.5019608,78.5662161341165,-40.30220789185701,34.454463662617606,78.58282819170383,-39.67961535248092,32.904255192371075,5.832985254245302,17.776303032961323,1.7245282684739263,4.291683437839867,1.3369614933508869,139.47278039977965,53.02242947316822,LayerLoomPhotos100NCZ_5/centered_4x3_tif/DSC_4566cgy.tif,DSC_4566cgy.tif,DSC_4566,cgy,capture_number,4566,c,g,y,CMY+OVG,full__cgy__DSC_4566cgy,0.5462822458270106
7,cgy_full_007_yggg,cgy,full,myyy,yggg,0.0,0.75,0.25,0.0,0.75,0.25,0.625,0.649519052838329,#58c74a,0.34411764705882353,0.7803921568627451,0.2911764705882353,71.82897302151117,-55.38767028341801,51.58503391875486,"[[0.55, 0.6350852961085884], [0.5833333333333334, 0.5773502691896258], [0.6458333333333334, 0.6134346610139774], [0.6125, 0.6711696879329399]]",6,5,5,full,757,5772,2468,772,757,772,1.0,0.65,0.65,8,98.0,1.5359763182673107,15,0.019430051813471502,#85de79,0.52156866,0.87058824,0.4745098,80.88279219858507,-45.968405057925764,40.84106194126185,80.99372832610666,-45.77183040532933,40.983361102719506,7.4132832453230595,16.915292871613943,0.6319694622071477,1.2630680446675293,0.3363061100950918,138.38020982393482,61.49054076896317,LayerLoomPhotos100NCZ_5/centered_4x3_tif/DSC_4566cgy.tif,DSC_4566cgy.tif,DSC_4566,cgy,capture_number,4566,c,g,y,CMY+OVG,full__cgy__DSC_4566cgy,0.5462822458270106
8,cgy_full_008_ygggg,cgy,full,myyyy,ygggg,0.0,0.8,0.2,0.0,0.8,0.2,0.6000000000000001,0.6928203230275509,#4dc54f,0.3003921568627451,0.7741176470588236,0.31058823529411766,71.03654604530183,-56.93654278886323,48.41164853265205,"[[0.5166666666666657, 0.6639528095680706], [0.55, 0.6350852961085883], [0.6125, 0.6711696879329399], [0.5916666666666659, 0.7072540797572928]]",6,5,5,full,260,3990,1696,264,260,264,1.0,0.65,0.65,8,98.0,1.4058579575851298,4,0.015151515151515152,#82dc7f,0.50980395,0.8627451,0.49803922,80.51354347758618,-45.4402517942854,37.77353807229771,80.49002144588903,-45.21202704631296,37.457131616294056,7.899949819800046,18.307036383047798,0.8267111285091123,1.2492522274996514,0.31922238219822624,140.26395595156634,59.09024167853253,LayerLoomPhotos100NCZ_5/centered_4x3_tif/DSC_4566cgy.tif,DSC_4566cgy.tif,DSC_4566,cgy,capture_number,4566,c,g,y,CMY+OVG,full__cgy__DSC_4566cgy,0.5462822458270106
9,cgy_full_009_yggggg,cgy,full,myyyyy,yggggg,0.0,0.8333333333333334,0.16666666666666666,0.0,0.8333333333333334,0.16666666666666666,0.5833333333333334,0.7216878364870322,#45c453,0.27124183006535946,0.7699346405228757,0.3235294117647059,70.53602375476497,-57.754472440015306,46.277001016038554,"[[0.5000000000000002, 0.7698003589195007], [0.5000000000000001, 0.6735753140545636], [0.5166666666666656, 0.6639528095680706], [0.5916666666666659, 0.7072540797572928], [0.5416666666666669, 0.7938566201357351]]",6,5,5,full,1681,9045,3836,1716,1681,1716,1.0,0.65,0.65,8,98.0,1.8313080532185906,35,0.020396270396270396,#80db7f,0.5019608,0.85882354,0.49803922,80.14520526088286,-45.636621140043744,37.03496696027613,80.21045350979621,-45.55423805619992,37.06355750615107,7.969590772335104,18.016489192781513,0.7232964366362354,1.3350632113762606,0.3884995496285928,140.94002769030783,58.77320789976188,LayerLoomPhotos100NCZ_5/centered_4x3_tif/DSC_4566cgy.tif,DSC_4566cgy.tif,DSC_4566,cgy,capture_number,4566,c,g,y,CMY+OVG,full__cgy__DSC_4566cgy,0.5462822458270106
10,cgy_full_010_g,cgy,full,y,g,0.0,1.0,0.0,0.0,1.0,0.0,0.5,0.8660254037844386,#20bf63,0.12549019607843137,0.7490196078431373,0.38823529411764707,68.36328344031337,-59.093631377102774,35.49547851450803,"[[0.4583333333333333, 0.7938566201357353], [0.5000000000000002, 0.7698003589195007], [0.5416666666666667, 0.7938566201357351], [0.5, 0.8660254037844386]]",6,5,5,full,513,4790,2075,523,513,523,1.0,0.65,0.65,8,98.0,0.9895420291829259,10,0.019120458891013385,#75d588,0.45882353,0.8352941,0.53333336,77.97764301780525,-44.74903821286996,29.933513607304118,78.0324934231607,-44.857653284307474,30.032311921651093,8.317973646474062,18.142180595552244,0.5109060921952099,0.733578068292815,0.18333637000017505,146.22065551994052,53.83764164462961,LayerLoomPhotos100NCZ_5/centered_4x3_tif/DSC_4566cgy.tif,DSC_4566cgy.tif,DSC_4566,cgy,capture_number,4566,c,g,y,CMY+OVG,full__cgy__DSC_4566cgy,0.5462822458270106
11,cgy_full_011_cgyg,cgy,full,cymy,cgyg,0.25,0.5,0.25,0.25,0.5,0.25,0.5,0.4330127018922193,#5ec969,0.3696078431372549,0.7892156862745098,0.40980392156862744,73.08257494257404,-50.85171124344012,38.98368586250627,"[[0.5416666666666665, 0.47631397208144155], [0.4583333333333335, 0.47631397208144155], [0.4583333333333335, 0.3800889272165036], [0.475, 0.3608439182435162], [0.5249999999999999, 0.3608439182435162], [0.5416666666666665, 0.38008892721650367]]",6,5,5,full,2689,11094,4759,2743,2689,2743,1.0,0.65,0.65,8,98.0,4.3970909002178065,54,0.01968647466277798,#80ce8d,0.5019608,0.80784315,0.5529412,76.63703912523891,-37.22249947702466,24.39742537677492,76.6857503345814,-37.235767158926336,24.20519508556544,6.518550710183684,20.276800140980157,1.897942197244789,3.628002906266937,1.084848865255292,146.7572291321286,44.50560450474077,LayerLoomPhotos100NCZ_5/centered_4x3_tif/DSC_4566cgy.tif,DSC_4566cgy.tif,DSC_4566,cgy,capture_number,4566,c,g,y,CMY+OVG,full__cgy__DSC_4566cgy,0.5462822458270106
12,cgy_full_012_cgygg,cgy,full,cymyy,cgygg,0.2,0.6,0.2,0.2,0.6,0.2,0.5,0.5196152422706631,#52c767,0.3207843137254902,0.7811764705882352,0.40549019607843134,72.03335515620071,-53.229978956075726,38.12959361180417,"[[0.4083333333333336, 0.5244264945139103], [0.45833333333333354, 0.4763139720814415], [0.5416666666666665, 0.47631397208144144], [0.5916666666666665, 0.5244264945139102], [0.5833333333333335, 0.5484827557301435], [0.4166666666666665, 0.5484827557301435]]",6,5,5,full,2726,12610,5372,2781,2726,2781,1.0,0.65,0.65,8,98.0,5.441928078689562,55,0.019777058612010068,#80d18b,0.5019608,0.81960785,0.54509807,77.51717674096922,-38.54939557313436,27.24889189632773,77.34225876380553,-38.93771054295592,25.960989251523934,6.546847300563086,19.07829912382755,2.0891059059573966,3.777541839702086,1.0280613705652097,144.74517042742804,47.207605410905416,LayerLoomPhotos100NCZ_5/centered_4x3_tif/DSC_4566cgy.tif,DSC_4566cgy.tif,DSC_4566,cgy,capture_number,4566,c,g,y,CMY+OVG,full__cgy__DSC_4566cgy,0.5462822458270106
13,cgy_full_013_cgyggg,cgy,full,cymyyy,cgyggg,0.16666666666666666,0.6666666666666666,0.16666666666666666,0.16666666666666666,0.6666666666666666,0.16666666666666666,0.5,0.5773502691896257,#4ac667,0.2882352941176471,0.7758169934640522,0.4026143790849673,71.36325024558609,-54.62802526703442,37.603666348924,"[[0.5499999999999997, 0.6350852961085888], [0.5166666666666663, 0.6639528095680701], [0.5000000000000001, 0.6735753140545636], [0.4833333333333337, 0.66395280956807], [0.44999999999999996, 0.6350852961085883], [0.4166666666666665, 0.5773502691896255], [0.41666666666666646, 0.5484827557301435], [0.5833333333333334, 0.5484827557301435], [0.5833333333333334, 0.5773502691896257]]",6,5,5,full,4321,17318,7428,4397,4321,4397,1.0,0.65,0.65,8,98.0,5.241809043555372,76,0.017284512167386856,#7cd188,0.4862745,0.81960785,0.53333336,77.29130456255749,-40.63739304277125,27.838478554289757,77.25288469894802,-40.3031448640959,26.838108888654766,6.4415423215498,18.0620738201356,1.9683940591184237,4.217373924227303,1.3064713460618926,145.5870675777095,49.25828459792651,LayerLoomPhotos100NCZ_5/centered_4x3_tif/DSC_4566cgy.tif,DSC_4566cgy.tif,DSC_4566,cgy,capture_number,4566,c,g,y,CMY+OVG,full__cgy__DSC_4566cgy,0.5462822458270106
14,cgy_full_014_cggggg,cgy,full,cyyyyy,cggggg,0.16666666666666666,0.8333333333333334,0.0,0.16666666666666666,0.8333333333333334,0.0,0.4166666666666667,0.7216878364870322,#24c177,0.14248366013071895,0.7549019607843137,0.46732026143790845,69.20760059093529,-55.532395145979685,26.201440610570415,"[[0.4583333333333333, 0.7938566201357353], [0.4083333333333336, 0.7072540797572919], [0.4833333333333335, 0.6639528095680699], [0.5000000000000002, 0.6735753140545637], [0.5000000000000002, 0.7698003589195006]]",6,5,5,full,1672,9029,3825,1706,1672,1706,1.0,0.65,0.65,8,98.0,5.69567688069352,34,0.01992966002344666,#71cd91,0.44313726,0.8039216,0.5686275,75.4281609654995,-40.06750392034364,20.36197139240886,75.66367044540797,-39.2634245126583,18.936022995845548,6.785184798482848,17.662322405171114,1.434673155407801,5.011467841289426,1.5067124925529494,153.06070233475384,44.94457419302167,LayerLoomPhotos100NCZ_5/centered_4x3_tif/DSC_4566cgy.tif,DSC_4566cgy.tif,DSC_4566,cgy,capture_number,4566,c,g,y,CMY+OVG,full__cgy__DSC_4566cgy,0.5462822458270106
15,cgy_full_015_cgggg,cgy,full,cyyyy,cgggg,0.2,0.8,0.0,0.2,0.8,0.0,0.4,0.6928203230275509,#25c17b,0.14588235294117646,0.756078431372549,0.48313725490196074,69.38451407457569,-54.74696762165026,24.313311520147906,"[[0.45000000000000007, 0.6350852961085884], [0.48333333333333367, 0.66395280956807], [0.40833333333333355, 0.7072540797572919], [0.38750000000000007, 0.6711696879329401]]",6,5,5,full,257,3994,1678,263,257,263,1.0,0.65,0.65,8,98.0,3.859054300969366,6,0.022813688212927757,#71cb95,0.44313726,0.79607844,0.58431375,75.22031328317877,-39.27627652600041,18.58766700058503,75.10283747105278,-39.06469107174639,19.119161585988575,6.646162397826003,17.49805247862037,1.5911414630242968,2.524527511508758,0.7252399601407803,154.67394514879743,43.45258637033575,LayerLoomPhotos100NCZ_5/centered_4x3_tif/DSC_4566cgy.tif,DSC_4566cgy.tif,DSC_4566,cgy,capture_number,4566,c,g,y,CMY+OVG,full__cgy__DSC_4566cgy,0.5462822458270106
16,cgy_full_016_cggg,cgy,full,cyyy,cggg,0.25,0.75,0.0,0.25,0.75,0.0,0.375,0.649519052838329,#27c181,0.15098039215686274,0.7578431372549019,0.5068627450980392,69.65493206278121,-53.52558376648942,21.47080457762005,"[[0.41666666666666646, 0.5773502691896255], [0.45000000000000007, 0.6350852961085885], [0.3875000000000001, 0.6711696879329401], [0.3541666666666666, 0.6134346610139771]]",6,5,5,full,757,5791,2471,773,757,773,1.0,0.65,0.65,8,98.0,3.1787916241984817,16,0.02069857697283312,#73cb9a,0.4509804,0.79607844,0.6039216,75.11203901687111,-37.0307826625525,15.769323889387632,74.91437559977258,-37.354023824499265,15.439067907165493,6.837437163818635,18.285660004634842,1.7781554858661976,2.478286278998768,0.6208445263341278,156.93357774798108,40.24860793281688,LayerLoomPhotos100NCZ_5/centered_4x3_tif/DSC_4566cgy.tif,DSC_4566cgy.tif,DSC_4566,cgy,capture_number,4566,c,g,y,CMY+OVG,full__cgy__DSC_4566cgy,0.5462822458270106
17,cgy_full_017_cgg,cgy,full,cyy,cgg,0.3333333333333333,0.6666666666666666,0.0,0.3333333333333333,0.6666666666666666,0.0,0.3333333333333333,0.5773502691896257,#29c28b,0.15947712418300652,0.7607843137254902,0.5464052287581699,70.11909101034699,-51.379409770592524,16.71680620874161,"[[0.3833333333333331, 0.5099927377841694], [0.4083333333333336, 0.5244264945139103], [0.4166666666666664, 0.5484827557301433], [0.4166666666666664, 0.5773502691896256], [0.3541666666666665, 0.613434661013977], [0.3166666666666666, 0.5484827557301443]]",6,5,5,full,1297,7498,3250,1320,1297,1320,1.0,0.65,0.65,8,98.0,3.9080017063313846,23,0.017424242424242425,#6fc79f,0.43529412,0.78039217,0.62352943,74.07917894129415,-35.76526102963468,12.171649202064527,74.12203372557879,-35.64810415527737,11.741120218079795,6.0993671523253905,16.737454691228727,1.4147100399017445,2.807337913972274,0.7905238726562873,161.20551124085682,37.779663058529565,LayerLoomPhotos100NCZ_5/centered_4x3_tif/DSC_4566cgy.tif,DSC_4566cgy.tif,DSC_4566,cgy,capture_number,4566,c,g,y,CMY+OVG,full__cgy__DSC_4566cgy,0.5462822458270106
18,cgy_full_018_cgcgyg,cgy,full,cycymy,cgcgyg,0.3333333333333333,0.5,0.16666666666666666,0.3333333333333333,0.5,0.16666666666666666,0.41666666666666663,0.4330127018922193,#4ec77b,0.3052287581699346,0.7816993464052286,0.48169934640522877,72.25274762463442,-50.94263488245676,28.483390989328484,"[[0.45833333333333354, 0.38008892721650345], [0.45833333333333354, 0.47631397208144144], [0.40833333333333355, 0.5244264945139103], [0.3833333333333331, 0.5099927377841694], [0.3333333333333333, 0.4426352063787134], [0.3333333333333333, 0.40414518843273783]]",6,5,5,full,3678,15213,6506,3754,3678,3754,1.0,0.65,0.65,8,98.0,4.964406309255671,76,0.020245071923281833,#7aca9a,0.47843137,0.7921569,0.6039216,75.25699999172821,-35.149644020994295,16.625742505371566,75.35306648280529,-35.44300950827654,17.297834748128007,6.706205389256854,19.976183824857824,2.696198577315586,4.467335910236724,1.3254265515443404,154.68590286684866,38.88332275741798,LayerLoomPhotos100NCZ_5/centered_4x3_tif/DSC_4566cgy.tif,DSC_4566cgy.tif,DSC_4566,cgy,capture_number,4566,c,g,y,CMY+OVG,full__cgy__DSC_4566cgy,0.5462822458270106
19,cgy_full_019_cgcgg,cgy,full,cycyy,cgcgg,0.4,0.6,0.0,0.4,0.6,0.0,0.3,0.5196152422706631,#2ac393,0.16627450980392156,0.7631372549019607,0.5780392156862745,70.5025168827149,-49.568329246796715,12.90872904585223,"[[0.3333333333333333, 0.44263520637871334], [0.383333333333333, 0.5099927377841693], [0.31666666666666654, 0.5484827557301443], [0.2750000000000001, 0.4763139720814414]]",6,5,5,full,1110,7231,3104,1128,1110,1128,1.0,0.65,0.65,8,98.0,3.8720278611076764,18,0.015957446808510637,#6ec5a5,0.43137255,0.77254903,0.64705884,73.56898168228356,-33.897045166968674,8.274389617135892,73.71536854454605,-33.841601006531484,8.239017760506648,6.041690384236996,16.627370598450625,1.8004939582484176,2.9033114426772295,0.8477934269189649,166.28216278570756,34.89233719010065,LayerLoomPhotos100NCZ_5/centered_4x3_tif/DSC_4566cgy.tif,DSC_4566cgy.tif,DSC_4566,cgy,capture_number,4566,c,g,y,CMY+OVG,full__cgy__DSC_4566cgy,0.5462822458270106
20,cgy_full_020_cg,cgy,full,cy,cg,0.5,0.5,0.0,0.5,0.5,0.0,0.25,0.4330127018922193,#2dc3a0,0.1764705882352941,0.7666666666666666,0.6254901960784314,71.09773669582923,-46.70624234791809,7.204954127429208,"[[0.2833333333333334, 0.3560326660002692], [0.3166666666666668, 0.3752776749732568], [0.3333333333333333, 0.40414518843273783], [0.3333333333333333, 0.44263520637871334], [0.27500000000000013, 0.47631397208144144], [0.225, 0.3897114317029974]]",6,5,5,full,1807,9594,4028,1843,1807,1843,1.0,0.65,0.65,8,98.0,3.7377304133959686,36,0.019533369506239826,#6dc2ae,0.42745098,0.7607843,0.68235296,72.76128899346838,-30.592697675666468,1.7481893094655643,72.90010567889716,-30.55168290258161,1.8828842930856833,6.584079499522675,17.093566346148922,1.245589952671672,2.6698352960092766,0.7759713932636779,176.72944644785434,30.6426062360312,LayerLoomPhotos100NCZ_5/centered_4x3_tif/DSC_4566cgy.tif,DSC_4566cgy.tif,DSC_4566,cgy,capture_number,4566,c,g,y,CMY+OVG,full__cgy__DSC_4566cgy,0.5462822458270106
21,cgy_full_021_cygcg,cgy,full,cmycy,cygcg,0.4,0.4,0.2,0.4,0.4,0.2,0.4,0.34641016151377546,#57c980,0.3411764705882353,0.788235294117647,0.5003921568627451,73.11841289296575,-48.74753519687091,27.198873925873567,"[[0.4000000000000001, 0.2790526301083191], [0.42499999999999993, 0.27424137786507224], [0.475, 0.36084391824351614], [0.45833333333333337, 0.38008892721650356], [0.33333333333333326, 0.4041451884327379], [0.31666666666666676, 0.37527767497325687]]",6,5,5,full,2921,13884,5873,2981,2921,2981,1.0,0.65,0.65,8,98.0,4.6869257791915775,60,0.020127474002012747,#7cc99e,0.4862745,0.7882353,0.61960787,75.21826393611029,-33.41046978198292,14.605217438716277,75.34315527931388,-33.516588921703224,15.385117886713953,6.865414820753394,19.95582956583032,1.6143617501924548,3.592953111918025,1.0452966290265597,156.38770017662546,36.46329479743946,LayerLoomPhotos100NCZ_5/centered_4x3_tif/DSC_4566cgy.tif,DSC_4566cgy.tif,DSC_4566,cgy,capture_number,4566,c,g,y,CMY+OVG,full__cgy__DSC_4566cgy,0.5462822458270106
22,cgy_full_022_ccgcg,cgy,full,ccycy,ccgcg,0.6,0.4,0.0,0.6,0.4,0.0,0.2,0.34641016151377546,#30c4ac,0.18666666666666665,0.7701960784313725,0.6729411764705883,71.71688235528099,-43.684436947561466,1.5272197876999183,"[[0.24999999999999994, 0.27905263010831904], [0.2833333333333333, 0.35603266600026917], [0.22500000000000003, 0.3897114317029973], [0.18333333333333335, 0.3175426480542941]]",6,5,5,full,1121,7171,3090,1144,1121,1144,1.0,0.65,0.65,8,98.0,6.498108607515111,23,0.020104895104895104,#6dc0b5,0.42745098,0.7529412,0.70980394,72.60016206614594,-28.201458424318037,-2.3080925688323095,72.51398975431424,-27.651252276190306,-3.1819020538595906,6.535553686214529,15.975369412661847,1.2099089763441468,4.150819202073729,1.534704246290693,184.67883160241834,28.29575142251638,LayerLoomPhotos100NCZ_5/centered_4x3_tif/DSC_4566cgy.tif,DSC_4566cgy.tif,DSC_4566,cgy,capture_number,4566,c,g,y,CMY+OVG,full__cgy__DSC_4566cgy,0.5462822458270106
23,cgy_full_023_ccg,cgy,full,ccy,ccg,0.6666666666666666,0.3333333333333333,0.0,0.6666666666666666,0.3333333333333333,0.0,0.16666666666666666,0.28867513459481287,#31c5b4,0.19346405228758168,0.7725490196078431,0.7045751633986929,72.14281218826366,-41.58939309555265,-2.2366494280815052,"[[0.20833333333333337, 0.21650635094610968], [0.2333333333333333, 0.2309401076758503], [0.24999999999999997, 0.2501851166488378], [0.24999999999999997, 0.27905263010831904], [0.1833333333333333, 0.3175426480542941], [0.14583333333333334, 0.2525907427704613]]",6,5,5,full,1256,7496,3226,1282,1256,1282,1.0,0.65,0.65,8,98.0,3.959763364250186,26,0.0202808112324493,#6dbebf,0.42745098,0.74509805,0.7490196,72.2944930356712,-24.96887509008905,-7.98799922318274,72.11900670558867,-24.71339913761656,-7.938611762859395,8.392782056317197,17.58813947849576,1.6407014385730994,2.877249535172365,0.7946764691101624,197.7404235087233,26.21550790761143,LayerLoomPhotos100NCZ_5/centered_4x3_tif/DSC_4566cgy.tif,DSC_4566cgy.tif,DSC_4566,cgy,capture_number,4566,c,g,y,CMY+OVG,full__cgy__DSC_4566cgy,0.5462822458270106
24,cgy_full_024_cycgcg,cgy,full,cmcycy,cycgcg,0.5,0.3333333333333333,0.16666666666666666,0.5,0.3333333333333333,0.16666666666666666,0.3333333333333333,0.28867513459481287,#52c98f,0.32222222222222224,0.7875816993464051,0.5607843137254902,73.20504300905542,-46.75112545731802,19.167382449177815,"[[0.31666666666666676, 0.23094010767585027], [0.4000000000000001, 0.2790526301083191], [0.31666666666666676, 0.3752776749732568], [0.2833333333333334, 0.3560326660002692], [0.24999999999999994, 0.279052630108319], [0.24999999999999994, 0.2501851166488378]]",6,5,5,full,3444,15173,6464,3515,3444,3515,1.0,0.65,0.65,8,98.0,4.084200664353296,71,0.020199146514935987,#79c6a3,0.4745098,0.7764706,0.6392157,74.41578265700005,-32.02369885829187,10.142718537825223,74.42769809624517,-31.986220505715647,10.413246443669031,6.222055106350964,17.31495144196708,1.7319271952977449,3.1926478260333977,0.953858666041813,162.42568327403887,33.59154697098822,LayerLoomPhotos100NCZ_5/centered_4x3_tif/DSC_4566cgy.tif,DSC_4566cgy.tif,DSC_4566,cgy,capture_number,4566,c,g,y,CMY+OVG,full__cgy__DSC_4566cgy,0.5462822458270106
25,cgy_full_025_cccg,cgy,full,cccy,cccg,0.75,0.25,0.0,0.75,0.25,0.0,0.125,0.21650635094610965,#34c6be,0.2019607843137255,0.7754901960784314,0.7441176470588236,72.68987247128358,-38.88855397306784,-6.912150447912335,"[[0.175, 0.15877132402714708], [0.20833333333333334, 0.21650635094610968], [0.14583333333333334, 0.2525907427704613], [0.11249999999999999, 0.1948557158514987]]",6,5,5,full,758,5772,2468,772,758,772,1.0,0.65,0.65,8,98.0,5.061991595893244,14,0.018134715025906734,#71bacb,0.44313726,0.7294118,0.79607844,71.66871602373931,-18.786534436006974,-14.89382616731132,71.39838066030967,-19.276422646374968,-14.889703748760105,11.937209068714349,21.65273879324233,2.8429188991624557,4.197256850731396,1.2438202294291052,218.40712179564335,23.974151372204258,LayerLoomPhotos100NCZ_5/centered_4x3_tif/DSC_4566cgy.tif,DSC_4566cgy.tif,DSC_4566,cgy,capture_number,4566,c,g,y,CMY+OVG,full__cgy__DSC_4566cgy,0.5462822458270106
26,cgy_full_026_ccccg,cgy,full,ccccy,ccccg,0.8,0.2,0.0,0.8,0.2,0.0,0.1,0.17320508075688773,#35c6c4,0.20705882352941174,0.7772549019607843,0.7678431372549019,73.02584082700399,-37.2278554452658,-9.700027346092321,"[[0.16666666666666669, 0.11547005383792511], [0.175, 0.15877132402714705], [0.11249999999999999, 0.19485571585149866], [0.09166666666666666, 0.15877132402714705]]",6,5,5,full,272,4000,1678,278,272,278,1.0,0.65,0.65,8,98.0,5.47992099030497,6,0.02158273381294964,#71b7d0,0.44313726,0.7176471,0.8156863,70.84597365552872,-15.117328952410801,-19.14587882552885,70.7298436343984,-15.808966582574627,-18.82970648971869,13.816688431520094,24.142313742640567,2.451098572405504,4.598421366503137,1.4302641705467556,231.70585225131546,24.394636924070664,LayerLoomPhotos100NCZ_5/centered_4x3_tif/DSC_4566cgy.tif,DSC_4566cgy.tif,DSC_4566,cgy,capture_number,4566,c,g,y,CMY+OVG,full__cgy__DSC_4566cgy,0.5462822458270106
27,cgy_full_027_cccccg,cgy,full,cccccy,cccccg,0.8333333333333334,0.16666666666666666,0.0,0.8333333333333334,0.16666666666666666,0.0,0.08333333333333333,0.14433756729740643,#36c6c8,0.21045751633986928,0.7784313725490195,0.7836601307189545,73.25301115855225,-36.10518063805268,-11.55085015663213,"[[0.16666666666666663, 0.0962250448649376], [0.16666666666666663, 0.11547005383792514], [0.09166666666666666, 0.15877132402714705], [0.041666666666666664, 0.07216878364870322], [0.08333333333333333, 0.048112522432468816]]",6,5,5,full,1520,9078,3843,1552,1520,1552,1.0,0.65,0.65,8,98.0,7.791566241382518,32,0.020618556701030927,#72b4d4,0.44705883,0.7058824,0.83137256,70.1201811662854,-12.875664729064233,-21.747851328282977,70.1652250719556,-13.896252946927676,-21.090877517528618,14.729663958446586,25.56176570624656,2.9459434932546693,6.483563299110342,1.9797833495070185,239.37263987385109,25.273539119252142,LayerLoomPhotos100NCZ_5/centered_4x3_tif/DSC_4566cgy.tif,DSC_4566cgy.tif,DSC_4566,cgy,capture_number,4566,c,g,y,CMY+OVG,full__cgy__DSC_4566cgy,0.5462822458270106
28,cgy_full_028_c,cgy,full,c,c,1.0,0.0,0.0,1.0,0.0,0.0,0.0,0.0,#3ac8dc,0.22745098039215686,0.7843137254901961,0.8627450980392157,74.42655654335444,-30.326087604312878,-20.705156122725967,"[[0.08333333333333333, 0.048112522432468816], [0.041666666666666664, 0.07216878364870322], [0.0, 0.0], [0.08333333333333333, 0.0]]",6,5,5,full,670,4868,2096,684,670,684,1.0,0.65,0.65,8,98.0,1.710765781939416,14,0.02046783625730994,#7eabe8,0.49411765,0.67058825,0.9098039,69.12527325253741,0.9547009081423696,-35.31721500903624,69.24485630045625,0.948263042485522,-35.207126458241156,19.760309879136432,34.929981382580884,0.4874282648337264,1.1589732226524772,0.38904673045387533,271.54845207034396,35.33011647049161,LayerLoomPhotos100NCZ_5/centered_4x3_tif/DSC_4566cgy.tif,DSC_4566cgy.tif,DSC_4566,cgy,capture_number,4566,c,g,y,CMY+OVG,full__cgy__DSC_4566cgy,0.5462822458270106
29,cgy_full_029_cycg,cgy,full,cmcy,cycg,0.5,0.25,0.25,0.5,0.25,0.25,0.375,0.21650635094610965,#65cb87,0.3950980392156863,0.7980392156862745,0.5284313725490196,74.4706038333752,-45.17079511101662,25.353031660511615,"[[0.44166666666666676, 0.20688384645961588], [0.45, 0.23094010767585005], [0.4249999999999999, 0.27424137786507224], [0.4, 0.2790526301083191], [0.31666666666666676, 0.23094010767585027], [0.3583333333333334, 0.1587713240271471]]",6,5,5,full,2184,11121,4698,2226,2184,2226,1.0,0.65,0.65,8,98.0,3.1717303457365764,42,0.018867924528301886,#7ec8a0,0.49411765,0.78431374,0.627451,74.9980460978199,-32.114674070925744,12.203342671727846,75.08150417224348,-31.85506752245867,12.374819901964118,6.832997892802836,18.537929022886225,1.3096719566080595,2.3924013975678116,0.6892444816230122,159.1935729719762,34.35511407411426,LayerLoomPhotos100NCZ_5/centered_4x3_tif/DSC_4566cgy.tif,DSC_4566cgy.tif,DSC_4566,cgy,capture_number,4566,c,g,y,CMY+OVG,full__cgy__DSC_4566cgy,0.5462822458270106
30,cgy_full_030_ccycg,cgy,full,ccmcy,ccycg,0.6,0.2,0.2,0.6,0.2,0.2,0.30000000000000004,0.17320508075688773,#5ccb98,0.3615686274509804,0.7952941176470588,0.5952941176470589,74.29243915253387,-43.577827096841716,16.032767388690704,"[[0.34166666666666673, 0.09141379262169073], [0.3583333333333334, 0.15877132402714716], [0.31666666666666676, 0.23094010767585027], [0.24999999999999997, 0.2501851166488378], [0.23333333333333336, 0.23094010767585035], [0.31666666666666665, 0.08660254037844387]]",6,5,5,full,2454,12791,5398,2503,2454,2503,1.0,0.65,0.65,8,98.0,6.653137237929008,49,0.019576508190171794,#79c5a9,0.4745098,0.77254903,0.6627451,74.20520046658885,-29.74785120933221,5.902693981166718,74.00965761290217,-29.35384287680951,5.4397432051791315,6.856444248689007,17.143343631836945,2.5908801984142906,5.138546453673702,1.5208942872436606,168.77690715262668,30.327816403557144,LayerLoomPhotos100NCZ_5/centered_4x3_tif/DSC_4566cgy.tif,DSC_4566cgy.tif,DSC_4566,cgy,capture_number,4566,c,g,y,CMY+OVG,full__cgy__DSC_4566cgy,0.5462822458270106
31,cgy_full_031_cccycg,cgy,full,cccmcy,cccycg,0.6666666666666666,0.16666666666666666,0.16666666666666666,0.6666666666666666,0.16666666666666666,0.16666666666666666,0.25,0.14433756729740643,#56caa3,0.33921568627450976,0.7934640522875817,0.6398692810457517,74.21993019621358,-42.11421876104454,9.811292319475262,"[[0.22499999999999992, 0.07216878364870322], [0.29166666666666674, 0.0721687836487032], [0.3166666666666667, 0.08660254037844384], [0.23333333333333334, 0.2309401076758503], [0.20833333333333331, 0.21650635094610965], [0.175, 0.1587713240271471], [0.16666666666666666, 0.11547005383792512], [0.16666666666666666, 0.09622504486493762], [0.1833333333333334, 0.0866025403784438]]",6,5,5,full,4173,17278,7403,4257,4173,4257,1.0,0.65,0.65,8,98.0,5.994994971326606,84,0.019732205778717406,#75c3b5,0.45882353,0.7647059,0.70980394,73.54489498644858,-27.626694336551736,-1.3355657600315984,73.3501837415951,-27.24824751413937,-0.7714224977460851,8.610167657002258,18.29197861165832,2.075744809467539,4.524658676915036,1.4024116027763085,182.76771267147646,27.65895832934835,LayerLoomPhotos100NCZ_5/centered_4x3_tif/DSC_4566cgy.tif,DSC_4566cgy.tif,DSC_4566,cgy,capture_number,4566,c,g,y,CMY+OVG,full__cgy__DSC_4566cgy,0.5462822458270106
32,cgy_full_032_cccccy,cgy,full,cccccm,cccccy,0.8333333333333334,0.0,0.16666666666666666,0.8333333333333334,0.0,0.16666666666666666,0.16666666666666666,0.0,#5bccb7,0.3562091503267974,0.7993464052287581,0.7189542483660132,75.29660301626511,-37.09575172861812,0.50977836820707,"[[0.18333333333333338, 0.08660254037844385], [0.16666666666666669, 0.09622504486493762], [0.08333333333333334, 0.04811252243246881], [0.08333333333333333, 0.0], [0.18333333333333335, 0.0]]",6,5,5,full,1809,9033,3790,1845,1809,1845,1.0,0.65,0.65,8,98.0,16.28984682090852,36,0.01951219512195122,#78bdcc,0.47058824,0.7411765,0.8,72.28781615286124,-16.85402383744561,-13.942237761175512,72.41333547332627,-18.749061927261252,-11.825534457128871,15.324494103208501,25.052766645893563,4.953392580454278,12.391607224182719,3.996215023632161,219.59874191626676,21.873365385837023,LayerLoomPhotos100NCZ_5/centered_4x3_tif/DSC_4566cgy.tif,DSC_4566cgy.tif,DSC_4566,cgy,capture_number,4566,c,g,y,CMY+OVG,full__cgy__DSC_4566cgy,0.5462822458270106
33,cgy_full_033_ccccy,cgy,full,ccccm,ccccy,0.8,0.0,0.2,0.8,0.0,0.2,0.2,0.0,#61cdb0,0.3819607843137255,0.8023529411764706,0.6901960784313725,75.5547352424016,-37.82289322407589,4.864422141720537,"[[0.225, 0.07216878364870322], [0.18333333333333338, 0.08660254037844384], [0.18333333333333335, 0.0], [0.22499999999999998, 0.0]]",6,5,5,full,530,4026,1726,540,530,540,1.0,0.65,0.65,8,98.0,12.635286905609371,10,0.018518518518518517,#78bec5,0.47058824,0.74509805,0.77254903,72.76758659453691,-20.165799934671103,-10.345740120964253,72.78389775868585,-20.889397099747995,-8.915963214210567,13.968245516035426,23.471049765045407,4.951915008791416,8.593162278546197,2.961623798888522,207.15936379822506,22.664814705964627,LayerLoomPhotos100NCZ_5/centered_4x3_tif/DSC_4566cgy.tif,DSC_4566cgy.tif,DSC_4566,cgy,capture_number,4566,c,g,y,CMY+OVG,full__cgy__DSC_4566cgy,0.5462822458270106
34,cgy_full_034_cccy,cgy,full,cccm,cccy,0.75,0.0,0.25,0.75,0.0,0.25,0.25,0.0,#6bcea5,0.42058823529411765,0.8068627450980392,0.6470588235294118,75.99398463781759,-38.508338624210936,11.446263813771207,"[[0.2916666666666667, 0.07216878364870322], [0.22499999999999998, 0.0721687836487032], [0.22499999999999998, 0.0], [0.29166666666666674, 0.0]]",6,5,5,full,1139,5735,2522,1162,1139,1162,1.0,0.65,0.65,8,98.0,8.732760932544076,23,0.019793459552495698,#7bc2b8,0.48235294,0.7607843,0.72156864,73.90337444381532,-25.026095440180917,-1.6821058609847173,73.79788783680725,-25.31942338950547,-0.9259227040229823,9.707947073881348,18.93398063201822,3.3440848807050925,6.087148788879516,2.0628890786554748,183.84529911597642,25.082562331400737,LayerLoomPhotos100NCZ_5/centered_4x3_tif/DSC_4566cgy.tif,DSC_4566cgy.tif,DSC_4566,cgy,capture_number,4566,c,g,y,CMY+OVG,full__cgy__DSC_4566cgy,0.5462822458270106
35,cgy_full_035_ccy,cgy,full,ccm,ccy,0.6666666666666666,0.0,0.3333333333333333,0.6666666666666666,0.0,0.3333333333333333,0.3333333333333333,0.0,#7cd093,0.4849673202614379,0.8143790849673204,0.5751633986928105,76.86250739489427,-38.58330122000342,22.49598611228505,"[[0.3666666666666667, 0.07698003589195004], [0.3416666666666667, 0.0914137926216907], [0.31666666666666665, 0.08660254037844384], [0.2916666666666667, 0.07216878364870323], [0.2916666666666667, 0.0], [0.3666666666666667, 0.0]]",6,5,5,full,1578,7566,3248,1611,1578,1611,1.0,0.65,0.65,8,98.0,4.913256416344585,33,0.020484171322160148,#80c6ab,0.5019608,0.7764706,0.672549,74.70266688696783,-27.73134576449751,6.534948183876277,74.69606795773846,-27.90682183053341,6.548391787587004,8.808080925593805,19.42124043360948,1.7693900315553945,3.4394413575695317,1.1342213706285558,166.74005003018806,28.49092988436955,LayerLoomPhotos100NCZ_5/centered_4x3_tif/DSC_4566cgy.tif,DSC_4566cgy.tif,DSC_4566,cgy,capture_number,4566,c,g,y,CMY+OVG,full__cgy__DSC_4566cgy,0.5462822458270106
36,cgy_full_036_cycycg,cgy,full,cmcmcy,cycycg,0.5,0.16666666666666666,0.3333333333333333,0.5,0.16666666666666666,0.3333333333333333,0.41666666666666663,0.14433756729740643,#77ce7f,0.4679738562091504,0.8084967320261437,0.49607843137254903,75.87590449730357,-42.61308270122893,31.639899002497685,"[[0.44999999999999996, 0.06735753140545633], [0.4833333333333334, 0.08660254037844393], [0.44166666666666676, 0.20688384645961588], [0.3583333333333334, 0.1587713240271471], [0.3416666666666667, 0.09141379262169072], [0.3666666666666667, 0.07698003589195006]]",6,5,5,full,3614,15077,6491,3688,3614,3688,1.0,0.65,0.65,8,98.0,3.7562679882800363,74,0.020065075921908895,#85c998,0.52156866,0.7882353,0.59607846,75.44656598354439,-31.968960638529442,17.661026315285255,75.36436922574134,-32.0352588735229,17.937781267493584,6.286398948894835,17.575282292194817,1.650970412981481,2.8724333526672456,0.8329073139352772,151.08185483138766,36.52295572399697,LayerLoomPhotos100NCZ_5/centered_4x3_tif/DSC_4566cgy.tif,DSC_4566cgy.tif,DSC_4566,cgy,capture_number,4566,c,g,y,CMY+OVG,full__cgy__DSC_4566cgy,0.5462822458270106
37,cgy_full_037_ccycy,cgy,full,ccmcm,ccycy,0.6,0.0,0.4,0.6,0.0,0.4,0.4,0.0,#89d184,0.5364705882352941,0.820392156862745,0.5176470588235295,77.67664033697756,-37.72301156590308,31.332784159337134,"[[0.44999999999999996, 0.06735753140545633], [0.3666666666666667, 0.07698003589195006], [0.3666666666666667, 0.0], [0.44999999999999996, 0.0]]",6,5,5,full,1472,7227,3065,1502,1472,1502,1.0,0.65,0.65,8,98.0,4.43037690143474,30,0.019973368841544607,#87c89d,0.5294118,0.78431374,0.6156863,75.3754919605137,-29.70560464675176,14.966947503302075,75.44652447993087,-29.59540471137134,14.882403996470204,7.57630523720995,18.368851543027354,1.2046525671928525,2.7883920115529564,0.9609590645875095,153.25909029654804,33.263079607813225,LayerLoomPhotos100NCZ_5/centered_4x3_tif/DSC_4566cgy.tif,DSC_4566cgy.tif,DSC_4566,cgy,capture_number,4566,c,g,y,CMY+OVG,full__cgy__DSC_4566cgy,0.5462822458270106
38,cgy_full_038_cy,cgy,full,cm,cy,0.5,0.0,0.5,0.5,0.0,0.5,0.5,0.0,#9dd36e,0.6137254901960785,0.8294117647058823,0.43137254901960786,79.08731311025821,-35.04058229831547,44.36686585857201,"[[0.55, 0.06735753140545635], [0.5166666666666666, 0.08660254037844395], [0.4833333333333334, 0.08660254037844395], [0.44999999999999996, 0.06735753140545636], [0.44999999999999996, 0.0], [0.55, 0.0]]",6,5,5,full,2140,9658,4057,2184,2140,2184,1.0,0.65,0.65,8,98.0,3.014990280742846,44,0.020146520146520148,#8ecb91,0.5568628,0.79607844,0.5686275,76.45096332649982,-31.013574618656946,23.22628038582736,76.57646101400084,-31.043062245766745,22.90055829272829,8.580497206920125,21.681593234003213,0.8504425061046801,1.607817606938457,0.5528118354927302,143.1702061740479,38.7466374178208,LayerLoomPhotos100NCZ_5/centered_4x3_tif/DSC_4566cgy.tif,DSC_4566cgy.tif,DSC_4566,cgy,capture_number,4566,c,g,y,CMY+OVG,full__cgy__DSC_4566cgy,0.5462822458270106
39,cgy_full_039_cycyg,cgy,full,cmcmy,cycyg,0.4,0.2,0.4,0.4,0.2,0.4,0.5,0.17320508075688773,#84cf6c,0.516078431372549,0.8133333333333332,0.42274509803921567,76.53936997292597,-42.008825413566655,42.00069732402443,"[[0.5166666666666666, 0.08660254037844392], [0.5583333333333332, 0.20688384645961583], [0.5499999999999999, 0.23094010767585013], [0.45000000000000007, 0.23094010767585016], [0.44166666666666676, 0.20688384645961586], [0.4833333333333334, 0.08660254037844392]]",6,5,5,full,3155,13859,5894,3219,3155,3219,1.0,0.65,0.65,8,98.0,3.6625409442804493,64,0.019881950916433674,#89cc92,0.5372549,0.8,0.57254905,76.37116950125218,-32.99747705264722,22.326723034864536,76.40472319111507,-33.04126547949684,22.37785411086909,7.578814587619744,21.64019304468057,1.3629364647792968,2.5603926404806114,0.7704017972991438,145.91696765417896,39.8411351911003,LayerLoomPhotos100NCZ_5/centered_4x3_tif/DSC_4566cgy.tif,DSC_4566cgy.tif,DSC_4566,cgy,capture_number,4566,c,g,y,CMY+OVG,full__cgy__DSC_4566cgy,0.5462822458270106
40,cgy_full_040_cycyy,cgy,full,cmcmm,cycyy,0.4,0.0,0.6,0.4,0.0,0.6,0.6,0.0,#b0d658,0.6909803921568628,0.8384313725490194,0.34509803921568627,80.71081715514305,-30.926605445549537,56.74685739894987,"[[0.6333333333333333, 0.07698003589195006], [0.55, 0.06735753140545635], [0.55, 0.0], [0.6333333333333334, 0.0]]",6,5,5,full,1471,7183,3064,1502,1471,1502,1.0,0.65,0.65,8,98.0,4.2248299486168595,31,0.020639147802929428,#96ce89,0.5882353,0.80784315,0.5372549,77.69616826083364,-31.14842376568616,29.303525159231025,77.8128316543803,-31.366849035398463,29.571629878451883,10.705830866309869,27.60930632490974,1.7204638670940446,3.4063863793157467,0.9715642464261385,136.74803471238124,42.765884649384354,LayerLoomPhotos100NCZ_5/centered_4x3_tif/DSC_4566cgy.tif,DSC_4566cgy.tif,DSC_4566,cgy,capture_number,4566,c,g,y,CMY+OVG,full__cgy__DSC_4566cgy,0.5462822458270106
41,cgy_full_041_cyy,cgy,full,cmm,cyy,0.3333333333333333,0.0,0.6666666666666666,0.3333333333333333,0.0,0.6666666666666666,0.6666666666666666,0.0,#bdd749,0.742483660130719,0.8444444444444444,0.28758169934640526,81.90233054832865,-27.535536020099894,64.35586331832887,"[[0.7083333333333331, 0.07216878364870336], [0.6833333333333338, 0.08660254037844362], [0.6583333333333332, 0.09141379262169061], [0.6333333333333334, 0.07698003589195007], [0.6333333333333334, 0.0], [0.7083333333333333, 0.0]]",6,5,5,full,1584,7566,3259,1617,1584,1617,1.0,0.65,0.65,8,98.0,4.0785208982616155,33,0.02040816326530612,#9ed384,0.61960787,0.827451,0.5176471,79.3640300077041,-31.3832234661805,33.91945905413264,79.26546629464947,-31.462236358506715,33.97536443191067,11.837289688033614,30.78347564604822,1.4862277815765943,2.537052998286206,0.7615700327650521,132.77585558961056,46.21078248258953,LayerLoomPhotos100NCZ_5/centered_4x3_tif/DSC_4566cgy.tif,DSC_4566cgy.tif,DSC_4566,cgy,capture_number,4566,c,g,y,CMY+OVG,full__cgy__DSC_4566cgy,0.5462822458270106
42,cgy_full_042_cycygy,cgy,full,cmcmym,cycygy,0.3333333333333333,0.16666666666666666,0.5,0.3333333333333333,0.16666666666666666,0.5,0.5833333333333334,0.14433756729740643,#98d25a,0.5967320261437908,0.823529411764706,0.35228758169934643,78.1804207838276,-38.045420688177565,52.677252551317544,"[[0.6583333333333332, 0.09141379262169057], [0.6416666666666665, 0.15877132402714716], [0.5583333333333332, 0.20688384645961586], [0.5166666666666666, 0.0866025403784439], [0.55, 0.06735753140545633], [0.6333333333333334, 0.07698003589195007]]",6,5,5,full,3573,15135,6447,3646,3573,3646,1.0,0.65,0.65,8,98.0,3.0516842762289484,73,0.02002194185408667,#90d086,0.5647059,0.8156863,0.5254902,77.82101115729814,-34.91249974256727,30.878598235708978,77.79912626225426,-35.0538900905416,31.133364256933145,7.823498464162774,22.025569207230166,1.2530552485491027,2.285803632871437,0.6189213628543258,138.50862898374237,46.6086951896005,LayerLoomPhotos100NCZ_5/centered_4x3_tif/DSC_4566cgy.tif,DSC_4566cgy.tif,DSC_4566,cgy,capture_number,4566,c,g,y,CMY+OVG,full__cgy__DSC_4566cgy,0.5462822458270106
43,cgy_full_043_cyyy,cgy,full,cmmm,cyyy,0.25,0.0,0.75,0.25,0.0,0.75,0.75,0.0,#ced937,0.8068627450980392,0.8519607843137255,0.21568627450980393,83.5042416800598,-22.722707681334942,72.79352079044212,"[[0.7750000000000006, 0.07216878364870336], [0.7083333333333333, 0.07216878364870336], [0.7083333333333331, 0.0], [0.7750000000000006, 0.0]]",6,5,5,full,1097,5846,2449,1120,1097,1120,1.0,0.65,0.65,8,98.0,4.798559439739936,23,0.020535714285714286,#aad979,0.6666667,0.8509804,0.4745098,81.49896476321399,-30.755563055847645,42.66661143464423,81.4218586235492,-30.852250852369913,41.498542812312515,11.971418075313027,31.243856489132938,1.5569168479219828,3.0795386063778816,0.9286538318254232,125.78536190142466,52.59604918810095,LayerLoomPhotos100NCZ_5/centered_4x3_tif/DSC_4566cgy.tif,DSC_4566cgy.tif,DSC_4566,cgy,capture_number,4566,c,g,y,CMY+OVG,full__cgy__DSC_4566cgy,0.5462822458270106
44,cgy_full_044_cyyyy,cgy,full,cmmmm,cyyyy,0.2,0.0,0.8,0.2,0.0,0.8,0.8,0.0,#d8da2c,0.8454901960784313,0.8564705882352941,0.17254901960784313,84.52082667829146,-19.591593417616572,77.13877361131732,"[[0.8166666666666662, 0.08660254037844367], [0.7750000000000006, 0.07216878364870337], [0.7750000000000006, 0.0], [0.8166666666666663, 0.0]]",6,5,5,full,519,3987,1700,530,519,530,1.0,0.65,0.65,8,98.0,6.000837727007948,11,0.020754716981132074,#b4dc74,0.7058824,0.8627451,0.45490196,83.00619793947078,-29.63376224305636,47.138549537134125,82.82245839289558,-29.560522453338415,45.34672340998084,12.13305790636688,31.672585929101164,1.638776120207797,3.9770622614984092,1.249943467974825,122.1556204061672,55.67946405222342,LayerLoomPhotos100NCZ_5/centered_4x3_tif/DSC_4566cgy.tif,DSC_4566cgy.tif,DSC_4566,cgy,capture_number,4566,c,g,y,CMY+OVG,full__cgy__DSC_4566cgy,0.5462822458270106
45,cgy_full_045_cyyyyy,cgy,full,cmmmmm,cyyyyy,0.16666666666666666,0.0,0.8333333333333334,0.16666666666666666,0.0,0.8333333333333334,0.8333333333333334,0.0,#dedb25,0.8712418300653595,0.8594771241830065,0.14379084967320263,85.22002960492412,-17.423035804343623,79.69705339328037,"[[0.8333333333333333, 0.0962250448649377], [0.8166666666666662, 0.0866025403784437], [0.8166666666666663, 0.0], [0.9166666666666666, 0.0], [0.9166666666666666, 0.048112522432468836]]",6,5,5,full,1836,9059,3815,1872,1836,1872,1.0,0.65,0.65,8,98.0,6.210861373803436,36,0.019230769230769232,#bde070,0.7411765,0.8784314,0.4392157,84.53288217422386,-28.427847016718633,51.25706658337832,84.2934348233534,-28.467353827668035,49.0339240155912,11.702655587329536,30.502637445947776,1.574636673533989,4.810902779214756,1.516220885503707,119.01332990297806,58.61253586681639,LayerLoomPhotos100NCZ_5/centered_4x3_tif/DSC_4566cgy.tif,DSC_4566cgy.tif,DSC_4566,cgy,capture_number,4566,c,g,y,CMY+OVG,full__cgy__DSC_4566cgy,0.5462822458270106
46,cgy_full_046_y,cgy,full,m,y,0.0,0.0,1.0,0.0,0.0,1.0,1.0,0.0,#ffdf00,1.0,0.8745098039215686,0.0,88.94096720886532,-5.949434572648293,88.5567575521992,"[[0.9166666666666667, 0.048112522432468885], [0.9166666666666667, 0.0], [1.0, 0.0], [0.9583333333333334, 0.07216878364870329]]",6,5,5,full,654,4882,2076,666,654,0,0.0,0.65,0.65,8,98.0,0.597283328756263,12,0.018018018018018018,#ffea54,1.0,0.91764706,0.32941177,92.02685985664799,-9.351543004044949,72.23929436139925,92.10536782602239,-9.413994258833787,72.32934353777868,4.796337003660729,16.95159816051958,0.254666088251363,0.43241964060557037,0.12850137367842093,97.37605075053358,72.84206893265313,LayerLoomPhotos100NCZ_5/centered_4x3_tif/DSC_4566cgy.tif,DSC_4566cgy.tif,DSC_4566,cgy,capture_number,4566,c,g,y,CMY+OVG,full__cgy__DSC_4566cgy,0.5462822458270106
47,cgy_full_047_cygy,cgy,full,cmym,cygy,0.25,0.25,0.5,0.25,0.25,0.5,0.625,0.21650635094610965,#96d150,0.5882352941176471,0.8205882352941176,0.3127450980392157,77.74623180323536,-39.39781761823669,56.567449003038874,"[[0.6833333333333332, 0.23094010767585077], [0.6000000000000006, 0.27905263010831916], [0.575, 0.2742413778650722], [0.5499999999999999, 0.23094010767585016], [0.5583333333333332, 0.20688384645961583], [0.6416666666666664, 0.1587713240271472]]",6,5,5,full,2165,11130,4670,2210,2165,2210,1.0,0.65,0.65,8,98.0,4.904475616330482,45,0.020361990950226245,#92d483,0.57254905,0.83137256,0.5137255,79.02477822436312,-36.510480166055956,33.84536705191115,79.02591872283676,-36.17234052851719,32.888951129146726,7.894560054451553,22.940453498296595,1.204999997196424,2.801351464619891,0.9922743350898565,137.16935428082547,49.78477711946251,LayerLoomPhotos100NCZ_5/centered_4x3_tif/DSC_4566cgy.tif,DSC_4566cgy.tif,DSC_4566,cgy,capture_number,4566,c,g,y,CMY+OVG,full__cgy__DSC_4566cgy,0.5462822458270106
48,cgy_full_048_cyygy,cgy,full,cmmym,cyygy,0.2,0.2,0.6,0.2,0.2,0.6,0.7,0.17320508075688773,#abd440,0.6705882352941177,0.8313725490196078,0.25019607843137254,79.67779219116052,-33.82168070598834,65.28969569095698,"[[0.766666666666667, 0.23094010767584996], [0.7499999999999998, 0.25018511664883825], [0.6833333333333333, 0.23094010767585071], [0.6416666666666665, 0.15877132402714722], [0.6583333333333332, 0.0914137926216906], [0.6833333333333339, 0.08660254037844359]]",6,5,5,full,2452,12705,5398,2503,2452,2503,1.0,0.65,0.65,8,98.0,4.542036277000385,51,0.02037554934079105,#9ad87c,0.6039216,0.84705883,0.4862745,80.52134653841466,-36.147870727995524,39.02821921823612,80.48318451582874,-35.722726583775206,37.889004594704886,9.503959340976929,26.3777916149652,1.4562784624487208,3.3319202244584756,0.991796980747616,132.80580332417424,53.19652670536462,LayerLoomPhotos100NCZ_5/centered_4x3_tif/DSC_4566cgy.tif,DSC_4566cgy.tif,DSC_4566,cgy,capture_number,4566,c,g,y,CMY+OVG,full__cgy__DSC_4566cgy,0.5462822458270106
49,cgy_full_049_cyyygy,cgy,full,cmmmym,cyyygy,0.16666666666666666,0.16666666666666666,0.6666666666666666,0.16666666666666666,0.16666666666666666,0.6666666666666666,0.75,0.14433756729740643,#b9d635,0.7254901960784315,0.838562091503268,0.2084967320261438,81.06124334233206,-29.655401175226693,70.55427659563375,"[[0.8250000000000003, 0.1587713240271464], [0.7916666666666666, 0.21650635094610957], [0.7666666666666672, 0.2309401076758499], [0.6833333333333339, 0.08660254037844357], [0.7083333333333331, 0.07216878364870336], [0.7750000000000006, 0.07216878364870336], [0.8166666666666662, 0.08660254037844367], [0.8333333333333333, 0.09622504486493769], [0.8333333333333333, 0.11547005383792629]]",6,5,5,full,4235,17347,7491,4322,4235,4322,1.0,0.65,0.65,8,98.0,4.978629446795565,87,0.02012956964368348,#a1dc74,0.6313726,0.8627451,0.45490196,81.7772982782094,-36.38495877885678,45.5893251965261,81.77683064697632,-35.90146623412741,43.598839199231044,9.793028581543838,25.865971440709064,0.9830302824629972,3.675392146246416,1.2002106003446926,128.59345830297923,58.328824754264645,LayerLoomPhotos100NCZ_5/centered_4x3_tif/DSC_4566cgy.tif,DSC_4566cgy.tif,DSC_4566,cgy,capture_number,4566,c,g,y,CMY+OVG,full__cgy__DSC_4566cgy,0.5462822458270106
50,cgy_full_050_yyyyyg,cgy,full,mmmmmy,yyyyyg,0.0,0.16666666666666666,0.8333333333333334,0.0,0.16666666666666666,0.8333333333333334,0.9166666666666667,0.14433756729740643,#dada11,0.8542483660130719,0.8535947712418301,0.06470588235294118,84.42728348833214,-18.89284083051085,82.33753592452919,"[[0.8333333333333334, 0.11547005383792527], [0.8333333333333334, 0.09622504486493769], [0.9166666666666666, 0.0481125224324689], [0.9583333333333333, 0.07216878364870329], [0.9083333333333332, 0.15877132402714716]]",6,5,5,full,1520,9078,3843,1552,1520,1552,1.0,0.65,0.65,8,98.0,2.2095125354584053,32,0.020618556701030927,#c2ee5d,0.7607843,0.93333334,0.3647059,88.74111542312991,-34.96464336944119,64.01122170409339,88.64662185367065,-35.29434462343015,63.73833650212969,11.057796402901953,24.75410623953522,0.7708683854983933,1.581807385064914,0.45354345364048815,118.64454874591684,72.93807503631285,LayerLoomPhotos100NCZ_5/centered_4x3_tif/DSC_4566cgy.tif,DSC_4566cgy.tif,DSC_4566,cgy,capture_number,4566,c,g,y,CMY+OVG,full__cgy__DSC_4566cgy,0.5462822458270106
51,cgy_full_051_yyyyg,cgy,full,mmmmy,yyyyg,0.0,0.2,0.8,0.0,0.2,0.8,0.9,0.17320508075688773,#d2d914,0.8250980392156861,0.8494117647058823,0.07764705882352942,83.56396333712765,-21.455436693786577,80.99892539154644,"[[0.8250000000000001, 0.15877132402714667], [0.8333333333333333, 0.11547005383792514], [0.9083333333333332, 0.15877132402714725], [0.8875000000000002, 0.19485571585149836]]",6,5,5,full,288,4000,1709,294,288,294,1.0,0.65,0.65,8,98.0,1.4327474745535085,6,0.02040816326530612,#bbed61,0.73333335,0.92941177,0.38039216,87.95161266296064,-37.18056450891824,61.245316813079384,87.96172764375773,-37.3901154037146,61.11129440703145,11.229408640009293,25.62686409375906,0.7499285612420847,1.2729759541858812,0.30034682146724395,121.26093446470287,71.64763226189889,LayerLoomPhotos100NCZ_5/centered_4x3_tif/DSC_4566cgy.tif,DSC_4566cgy.tif,DSC_4566,cgy,capture_number,4566,c,g,y,CMY+OVG,full__cgy__DSC_4566cgy,0.5462822458270106
52,cgy_full_052_yyyg,cgy,full,mmmy,yyyg,0.0,0.25,0.75,0.0,0.25,0.75,0.875,0.21650635094610965,#c7d719,0.7813725490196078,0.8431372549019608,0.09705882352941177,82.2965489753003,-25.259099303701905,78.89213150428324,"[[0.7916666666666665, 0.21650635094610965], [0.8250000000000001, 0.1587713240271467], [0.8875000000000002, 0.19485571585149844], [0.8541666666666666, 0.2525907427704614]]",6,5,5,full,750,5722,2461,766,750,766,1.0,0.65,0.65,8,98.0,1.6509489636287658,16,0.020887728459530026,#b0ec62,0.6901961,0.9254902,0.38431373,87.03752552549273,-39.98525738161996,59.5452218525331,87.03775082336988,-39.983411599864446,59.19892745851994,10.762784062956946,24.771748090481793,0.6522586240005248,1.097590729401729,0.32727676293736285,123.88178561404777,71.72485101651853,LayerLoomPhotos100NCZ_5/centered_4x3_tif/DSC_4566cgy.tif,DSC_4566cgy.tif,DSC_4566,cgy,capture_number,4566,c,g,y,CMY+OVG,full__cgy__DSC_4566cgy,0.5462822458270106
53,cgy_full_053_yyg,cgy,full,mmy,yyg,0.0,0.3333333333333333,0.6666666666666666,0.0,0.3333333333333333,0.6666666666666666,0.8333333333333333,0.28867513459481287,#b5d421,0.7084967320261438,0.8326797385620915,0.12941176470588237,80.26235676752313,-31.443535494454224,75.10669897134102,"[[0.7499999999999999, 0.2790526301083193], [0.7499999999999999, 0.25018511664883825], [0.7666666666666673, 0.23094010767584988], [0.7916666666666665, 0.2165063509461097], [0.8541666666666666, 0.25259074277046145], [0.8166666666666667, 0.3175426480542943]]",6,5,5,full,1241,7572,3209,1267,1241,1267,1.0,0.65,0.65,8,98.0,1.4244040503850706,26,0.020520915548539857,#a5ea66,0.64705884,0.91764706,0.4,85.85416258621817,-42.670749843058466,56.34143179881772,85.77653144387008,-42.60269578054622,56.343062720523506,9.601502518413994,22.57108518436092,0.6154876528776668,1.0446877763796631,0.29957576712592615,127.13883358861636,70.67637391172316,LayerLoomPhotos100NCZ_5/centered_4x3_tif/DSC_4566cgy.tif,DSC_4566cgy.tif,DSC_4566,cgy,capture_number,4566,c,g,y,CMY+OVG,full__cgy__DSC_4566cgy,0.5462822458270106
54,cgy_full_054_cygygy,cgy,full,cmymym,cygygy,0.16666666666666666,0.3333333333333333,0.5,0.16666666666666666,0.3333333333333333,0.5,0.6666666666666666,0.28867513459481287,#94d146,0.5797385620915033,0.8176470588235295,0.27320261437908494,77.324641724407,-40.64752479320949,60.21243947107171,"[[0.7499999999999998, 0.2790526301083193], [0.7166666666666667, 0.35603266600026906], [0.6833333333333338, 0.3752776749732563], [0.6000000000000006, 0.27905263010831927], [0.6833333333333333, 0.23094010767585077], [0.7499999999999998, 0.2501851166488382]]",6,5,5,full,3416,15216,6430,3482,3416,3482,1.0,0.65,0.65,8,98.0,4.295319751784721,66,0.018954623779437105,#92d87b,0.57254905,0.84705883,0.48235294,80.09255999195649,-39.37967784640012,39.66575396921523,80.17166845540886,-38.91388696950475,38.400054435405174,7.170357954203124,20.771015683605057,1.068490040250378,2.9759982581003714,0.9447669343229125,134.79263971975143,55.893926908319564,LayerLoomPhotos100NCZ_5/centered_4x3_tif/DSC_4566cgy.tif,DSC_4566cgy.tif,DSC_4566,cgy,capture_number,4566,c,g,y,CMY+OVG,full__cgy__DSC_4566cgy,0.5462822458270106
55,cgy_full_055_yygyg,cgy,full,mmymy,yygyg,0.0,0.4,0.6,0.0,0.4,0.6,0.8,0.34641016151377546,#a6d228,0.6501960784313725,0.824313725490196,0.15529411764705883,78.71036781252369,-36.191852490797984,71.82923880743049,"[[0.7166666666666666, 0.356032666000269], [0.7499999999999999, 0.2790526301083194], [0.8166666666666665, 0.3175426480542942], [0.775, 0.38971143170299727]]",6,5,5,full,1090,7214,3041,1113,1090,1113,1.0,0.65,0.65,8,98.0,1.2338007428159892,23,0.020664869721473494,#9ee76a,0.61960787,0.90588236,0.41568628,84.72322614673581,-43.787038685850156,52.93550941923946,84.75890418875333,-43.68140603971759,52.82174279411835,8.76673682413539,21.232388675771,0.5192218672054162,1.042948257492398,0.28332054493459113,129.59677197661165,68.69842002805106,LayerLoomPhotos100NCZ_5/centered_4x3_tif/DSC_4566cgy.tif,DSC_4566cgy.tif,DSC_4566,cgy,capture_number,4566,c,g,y,CMY+OVG,full__cgy__DSC_4566cgy,0.5462822458270106
