region_index,label,corner_label,condition,local_stack_token,stack_token,f_bottom_left,f_top,f_bottom_right,f_v,f_c,f_m,site_x,site_y,expected_hex,expected_R,expected_G,expected_B,expected_L,expected_a,expected_b,polygon_xy,max_height,max_run,distinct_lte,preset
1,vcm_full_001_mc,vcm,full,my,mc,0.0,0.5,0.5,0.0,0.5,0.5,0.75,0.4330127018922193,#7e71b9,0.496078431372549,0.4411764705882353,0.7254901960784315,51.467797581737514,22.037982855022285,-36.3763344153146,"[[0.6666666666666666, 0.44263520637871306], [0.6666666666666666, 0.4041451884327384], [0.6833333333333337, 0.3752776749732563], [0.7166666666666667, 0.356032666000269], [0.7750000000000001, 0.38971143170299727], [0.7250000000000001, 0.47631397208144116]]",6,5,5,full
2,vcm_full_002_vmc,vcm,full,cmy,vmc,0.3333333333333333,0.3333333333333333,0.3333333333333333,0.3333333333333333,0.3333333333333333,0.3333333333333333,0.5,0.28867513459481287,#7a68d0,0.4797385620915033,0.407843137254902,0.8169934640522877,50.25415759752278,32.39983190759982,-51.70460169026614,"[[0.55, 0.23094010767585016], [0.5750000000000001, 0.2742413778650722], [0.525, 0.3608439182435162], [0.475, 0.3608439182435162], [0.42499999999999993, 0.27424137786507224], [0.45, 0.23094010767585016]]",6,5,5,full
3,vcm_full_003_vmcmc,vcm,full,cmymy,vmcmc,0.2,0.4,0.4,0.2,0.4,0.4,0.6000000000000001,0.34641016151377546,#7c6bc7,0.4862745098039216,0.4211764705882353,0.7803921568627452,50.69531779811416,28.187990804544928,-45.658076672855216,"[[0.6000000000000006, 0.27905263010831916], [0.6833333333333337, 0.3752776749732563], [0.6666666666666666, 0.40414518843273833], [0.5416666666666666, 0.3800889272165036], [0.5249999999999999, 0.36084391824351614], [0.575, 0.2742413778650722]]",6,5,5,full
4,vcm_full_004_mcmcc,vcm,full,mymyy,mcmcc,0.0,0.6,0.4,0.0,0.6,0.4,0.7,0.5196152422706631,#7182c0,0.4423529411764706,0.5098039215686274,0.7529411764705883,55.34661432853207,9.718729906051603,-34.38506179838541,"[[0.6166666666666667, 0.5099927377841692], [0.6666666666666667, 0.442635206378713], [0.7250000000000001, 0.47631397208144116], [0.6833333333333335, 0.5484827557301443]]",6,5,5,full
5,vcm_full_005_mcc,vcm,full,myy,mcc,0.0,0.6666666666666666,0.3333333333333333,0.0,0.6666666666666666,0.3333333333333333,0.6666666666666666,0.5773502691896257,#688ec5,0.40653594771241824,0.5555555555555555,0.7712418300653595,58.21165026866812,1.88615167582179,-32.60539208245304,"[[0.5833333333333334, 0.5773502691896258], [0.5833333333333334, 0.5484827557301436], [0.5916666666666665, 0.52442649451391], [0.6166666666666667, 0.5099927377841692], [0.6833333333333335, 0.5484827557301444], [0.6458333333333334, 0.6134346610139774]]",6,5,5,full
6,vcm_full_006_vcmcmc,vcm,full,cymymy,vcmcmc,0.16666666666666666,0.5,0.3333333333333333,0.16666666666666666,0.5,0.3333333333333333,0.5833333333333333,0.4330127018922193,#717bcb,0.4431372549019608,0.48169934640522877,0.7941176470588237,53.94423211795521,17.11052902068122,-42.56226998751076,"[[0.6166666666666668, 0.5099927377841692], [0.5916666666666663, 0.5244264945139101], [0.5416666666666666, 0.47631397208144155], [0.5416666666666665, 0.3800889272165036], [0.6666666666666667, 0.40414518843273833], [0.6666666666666667, 0.44263520637871284]]",6,5,5,full
7,vcm_full_007_mccc,vcm,full,myyy,mccc,0.0,0.75,0.25,0.0,0.75,0.25,0.625,0.649519052838329,#5c9ccb,0.36176470588235293,0.6127450980392156,0.7941176470588236,62.027609648941635,-7.296634181354289,-30.004299401504554,"[[0.55, 0.6350852961085884], [0.5833333333333334, 0.5773502691896258], [0.6458333333333334, 0.6134346610139774], [0.6125, 0.6711696879329399]]",6,5,5,full
8,vcm_full_008_mcccc,vcm,full,myyyy,mcccc,0.0,0.8,0.2,0.0,0.8,0.2,0.6000000000000001,0.6928203230275509,#55a5ce,0.3349019607843137,0.6470588235294117,0.807843137254902,64.41427157262386,-12.44504966424509,-28.289394293942706,"[[0.5166666666666657, 0.6639528095680706], [0.55, 0.6350852961085883], [0.6125, 0.6711696879329399], [0.5916666666666659, 0.7072540797572928]]",6,5,5,full
9,vcm_full_009_mccccc,vcm,full,myyyyy,mccccc,0.0,0.8333333333333334,0.16666666666666666,0.0,0.8333333333333334,0.16666666666666666,0.5833333333333334,0.7216878364870322,#51abd0,0.3169934640522876,0.6699346405228758,0.8169934640522877,66.03760492781542,-15.722572041625526,-27.095443691372466,"[[0.5000000000000002, 0.7698003589195007], [0.5000000000000001, 0.6735753140545636], [0.5166666666666656, 0.6639528095680706], [0.5916666666666659, 0.7072540797572928], [0.5416666666666669, 0.7938566201357351]]",6,5,5,full
10,vcm_full_010_c,vcm,full,y,c,0.0,1.0,0.0,0.0,1.0,0.0,0.5,0.8660254037844386,#3ac8dc,0.22745098039215686,0.7843137254901961,0.8627450980392157,74.42655654335444,-30.326087604312878,-20.705156122725967,"[[0.4583333333333333, 0.7938566201357353], [0.5000000000000002, 0.7698003589195007], [0.5416666666666667, 0.7938566201357351], [0.5, 0.8660254037844386]]",6,5,5,full
11,vcm_full_011_vcmc,vcm,full,cymy,vcmc,0.25,0.5,0.25,0.25,0.5,0.25,0.5,0.4330127018922193,#6a80d3,0.4166666666666667,0.5019607843137255,0.8284313725490197,55.31044973022857,15.016515787675822,-45.38529756895946,"[[0.5416666666666665, 0.47631397208144155], [0.4583333333333335, 0.47631397208144155], [0.4583333333333335, 0.3800889272165036], [0.475, 0.3608439182435162], [0.5249999999999999, 0.3608439182435162], [0.5416666666666665, 0.38008892721650367]]",6,5,5,full
12,vcm_full_012_vcmcc,vcm,full,cymyy,vcmcc,0.2,0.6,0.2,0.2,0.6,0.2,0.5,0.5196152422706631,#618ed5,0.3788235294117647,0.5584313725490195,0.8352941176470589,58.776384248891205,4.847106670298973,-40.937265282453275,"[[0.4083333333333336, 0.5244264945139103], [0.45833333333333354, 0.4763139720814415], [0.5416666666666665, 0.47631397208144144], [0.5916666666666665, 0.5244264945139102], [0.5833333333333335, 0.5484827557301435], [0.4166666666666665, 0.5484827557301435]]",6,5,5,full
13,vcm_full_013_vcmccc,vcm,full,cymyyy,vcmccc,0.16666666666666666,0.6666666666666666,0.16666666666666666,0.16666666666666666,0.6666666666666666,0.16666666666666666,0.5,0.5773502691896257,#5a98d6,0.3535947712418301,0.596078431372549,0.8398692810457516,61.220062205242726,-1.6825810534789598,-37.77890676781717,"[[0.5499999999999997, 0.6350852961085888], [0.5166666666666663, 0.6639528095680701], [0.5000000000000001, 0.6735753140545636], [0.4833333333333337, 0.66395280956807], [0.44999999999999996, 0.6350852961085883], [0.4166666666666665, 0.5773502691896255], [0.41666666666666646, 0.5484827557301435], [0.5833333333333334, 0.5484827557301435], [0.5833333333333334, 0.5773502691896257]]",6,5,5,full
14,vcm_full_014_vccccc,vcm,full,cyyyyy,vccccc,0.16666666666666666,0.8333333333333334,0.0,0.16666666666666666,0.8333333333333334,0.0,0.4166666666666667,0.7216878364870322,#43b5e2,0.26405228758169935,0.7104575163398693,0.8856209150326798,69.32599965674956,-17.80812918878638,-31.67264899482809,"[[0.4583333333333333, 0.7938566201357353], [0.4083333333333336, 0.7072540797572919], [0.4833333333333335, 0.6639528095680699], [0.5000000000000002, 0.6735753140545637], [0.5000000000000002, 0.7698003589195006]]",6,5,5,full
15,vcm_full_015_vcccc,vcm,full,cyyyy,vcccc,0.2,0.8,0.0,0.2,0.8,0.0,0.4,0.6928203230275509,#45b1e3,0.27137254901960783,0.6956862745098038,0.8901960784313726,68.32722199238262,-15.175958796575962,-33.85255153955444,"[[0.45000000000000007, 0.6350852961085884], [0.48333333333333367, 0.66395280956807], [0.40833333333333355, 0.7072540797572919], [0.38750000000000007, 0.6711696879329401]]",6,5,5,full
16,vcm_full_016_vccc,vcm,full,cyyy,vccc,0.25,0.75,0.0,0.25,0.75,0.0,0.375,0.649519052838329,#48ace5,0.2823529411764706,0.6735294117647058,0.8970588235294118,66.84522755777502,-11.150676416141703,-37.10830404442107,"[[0.41666666666666646, 0.5773502691896255], [0.45000000000000007, 0.6350852961085885], [0.3875000000000001, 0.6711696879329401], [0.3541666666666666, 0.6134346610139771]]",6,5,5,full
17,vcm_full_017_vcc,vcm,full,cyy,vcc,0.3333333333333333,0.6666666666666666,0.0,0.3333333333333333,0.6666666666666666,0.0,0.3333333333333333,0.5773502691896257,#4da2e8,0.3006535947712418,0.6366013071895424,0.9084967320261438,64.4242227167021,-4.2472141948939335,-42.48559172864355,"[[0.3833333333333331, 0.5099927377841694], [0.4083333333333336, 0.5244264945139103], [0.4166666666666664, 0.5484827557301433], [0.4166666666666664, 0.5773502691896256], [0.3541666666666665, 0.613434661013977], [0.3166666666666666, 0.5484827557301443]]",6,5,5,full
18,vcm_full_018_vcvcmc,vcm,full,cycymy,vcvcmc,0.3333333333333333,0.5,0.16666666666666666,0.3333333333333333,0.5,0.16666666666666666,0.41666666666666663,0.4330127018922193,#6485dc,0.39019607843137255,0.5222222222222223,0.8627450980392156,56.749460635732135,13.16854337061024,-48.05057909740269,"[[0.45833333333333354, 0.38008892721650345], [0.45833333333333354, 0.47631397208144144], [0.40833333333333355, 0.5244264945139103], [0.3833333333333331, 0.5099927377841694], [0.3333333333333333, 0.4426352063787134], [0.3333333333333333, 0.40414518843273783]]",6,5,5,full
19,vcm_full_019_vcvcc,vcm,full,cycyy,vcvcc,0.4,0.6,0.0,0.4,0.6,0.0,0.3,0.5196152422706631,#509bea,0.31529411764705884,0.6070588235294118,0.9176470588235294,62.53851352418627,1.434861162781076,-46.72991676815164,"[[0.3333333333333333, 0.44263520637871334], [0.383333333333333, 0.5099927377841693], [0.31666666666666654, 0.5484827557301443], [0.2750000000000001, 0.4763139720814414]]",6,5,5,full
20,vcm_full_020_vc,vcm,full,cy,vc,0.5,0.5,0.0,0.5,0.5,0.0,0.25,0.4330127018922193,#5690ee,0.33725490196078434,0.5627450980392157,0.9313725490196079,59.81163391751927,10.177625879693009,-52.969272073506076,"[[0.2833333333333334, 0.3560326660002692], [0.3166666666666668, 0.3752776749732568], [0.3333333333333333, 0.40414518843273783], [0.3333333333333333, 0.44263520637871334], [0.27500000000000013, 0.47631397208144144], [0.225, 0.3897114317029974]]",6,5,5,full
21,vcm_full_021_vmcvc,vcm,full,cmycy,vmcvc,0.4,0.4,0.2,0.4,0.4,0.2,0.4,0.34641016151377546,#6c78dc,0.42274509803921567,0.4698039215686275,0.8627450980392158,53.735299567322926,23.017910749143276,-52.81698091006728,"[[0.4000000000000001, 0.2790526301083191], [0.42499999999999993, 0.27424137786507224], [0.475, 0.36084391824351614], [0.45833333333333337, 0.38008892721650356], [0.33333333333333326, 0.4041451884327379], [0.31666666666666676, 0.37527767497325687]]",6,5,5,full
22,vcm_full_022_vvcvc,vcm,full,ccycy,vvcvc,0.6,0.4,0.0,0.6,0.4,0.0,0.2,0.34641016151377546,#5c84f1,0.35921568627450984,0.5184313725490196,0.9450980392156862,57.230916724072955,19.10439038254935,-59.01091171208801,"[[0.24999999999999994, 0.27905263010831904], [0.2833333333333333, 0.35603266600026917], [0.22500000000000003, 0.3897114317029973], [0.18333333333333335, 0.3175426480542941]]",6,5,5,full
23,vcm_full_023_vvc,vcm,full,ccy,vvc,0.6666666666666666,0.3333333333333333,0.0,0.6666666666666666,0.3333333333333333,0.0,0.16666666666666666,0.28867513459481287,#5f7df3,0.3738562091503268,0.48888888888888893,0.954248366013072,55.60660835952862,25.101988035983457,-62.901087858384976,"[[0.20833333333333337, 0.21650635094610968], [0.2333333333333333, 0.2309401076758503], [0.24999999999999997, 0.2501851166488378], [0.24999999999999997, 0.27905263010831904], [0.1833333333333333, 0.3175426480542941], [0.14583333333333334, 0.2525907427704613]]",6,5,5,full
24,vcm_full_024_vmvcvc,vcm,full,cmcycy,vmvcvc,0.5,0.3333333333333333,0.16666666666666666,0.5,0.3333333333333333,0.16666666666666666,0.3333333333333333,0.28867513459481287,#6d72e2,0.42679738562091507,0.4483660130718954,0.8856209150326798,52.76388228765671,28.35142200477997,-57.65066078331722,"[[0.31666666666666676, 0.23094010767585027], [0.4000000000000001, 0.2790526301083191], [0.31666666666666676, 0.3752776749732568], [0.2833333333333334, 0.3560326660002692], [0.24999999999999994, 0.279052630108319], [0.24999999999999994, 0.2501851166488378]]",6,5,5,full
25,vcm_full_025_vvvc,vcm,full,cccy,vvvc,0.75,0.25,0.0,0.75,0.25,0.0,0.125,0.21650635094610965,#6473f6,0.3921568627450981,0.45196078431372544,0.9656862745098039,53.70174887928475,32.57975215233,-67.57713568042698,"[[0.175, 0.15877132402714708], [0.20833333333333334, 0.21650635094610968], [0.14583333333333334, 0.2525907427704613], [0.11249999999999999, 0.1948557158514987]]",6,5,5,full
26,vcm_full_026_vvvvc,vcm,full,ccccy,vvvvc,0.8,0.2,0.0,0.8,0.2,0.0,0.1,0.17320508075688773,#676ef8,0.4031372549019608,0.42980392156862746,0.9725490196078432,52.6336143349329,37.02149791197279,-70.26885899612341,"[[0.16666666666666669, 0.11547005383792511], [0.175, 0.15877132402714705], [0.11249999999999999, 0.19485571585149866], [0.09166666666666666, 0.15877132402714705]]",6,5,5,full
27,vcm_full_027_vvvvvc,vcm,full,cccccy,vvvvvc,0.8333333333333334,0.16666666666666666,0.0,0.8333333333333334,0.16666666666666666,0.0,0.08333333333333333,0.14433756729740643,#696af9,0.4104575163398693,0.4150326797385621,0.977124183006536,51.9554756004721,39.95098139301578,-72.01077903677114,"[[0.16666666666666663, 0.0962250448649376], [0.16666666666666663, 0.11547005383792514], [0.09166666666666666, 0.15877132402714705], [0.041666666666666664, 0.07216878364870322], [0.08333333333333333, 0.048112522432468816]]",6,5,5,full
28,vcm_full_028_v,vcm,full,c,v,1.0,0.0,0.0,1.0,0.0,0.0,0.0,0.0,#7257ff,0.4470588235294118,0.3411764705882353,1.0,49.0221678957536,53.970442144664624,-79.9984025813113,"[[0.08333333333333333, 0.048112522432468816], [0.041666666666666664, 0.07216878364870322], [0.0, 0.0], [0.08333333333333333, 0.0]]",6,5,5,full
29,vcm_full_029_vmvc,vcm,full,cmcy,vmvc,0.5,0.25,0.25,0.5,0.25,0.25,0.375,0.21650635094610965,#7864dc,0.4715686274509804,0.3911764705882353,0.8627450980392157,49.790380821639644,37.75191329599031,-59.090498348807216,"[[0.44166666666666676, 0.20688384645961588], [0.45, 0.23094010767585005], [0.4249999999999999, 0.27424137786507224], [0.4, 0.2790526301083191], [0.31666666666666676, 0.23094010767585027], [0.3583333333333334, 0.1587713240271471]]",6,5,5,full
30,vcm_full_030_vvmvc,vcm,full,ccmcy,vvmvc,0.6,0.2,0.2,0.6,0.2,0.2,0.30000000000000004,0.17320508075688773,#7761e3,0.4666666666666667,0.3811764705882353,0.8901960784313726,49.560615014212146,40.9927902585932,-63.42548872541016,"[[0.34166666666666673, 0.09141379262169073], [0.3583333333333334, 0.15877132402714716], [0.31666666666666676, 0.23094010767585027], [0.24999999999999997, 0.2501851166488378], [0.23333333333333336, 0.23094010767585035], [0.31666666666666665, 0.08660254037844387]]",6,5,5,full
31,vcm_full_031_vvvmvc,vcm,full,cccmcy,vvvmvc,0.6666666666666666,0.16666666666666666,0.16666666666666666,0.6666666666666666,0.16666666666666666,0.16666666666666666,0.25,0.14433756729740643,#7660e8,0.4633986928104576,0.37450980392156863,0.9084967320261438,49.42817674546458,43.1598402408131,-66.27388548203577,"[[0.22499999999999992, 0.07216878364870322], [0.29166666666666674, 0.0721687836487032], [0.3166666666666667, 0.08660254037844384], [0.23333333333333334, 0.2309401076758503], [0.20833333333333331, 0.21650635094610965], [0.175, 0.1587713240271471], [0.16666666666666666, 0.11547005383792512], [0.16666666666666666, 0.09622504486493762], [0.1833333333333334, 0.0866025403784438]]",6,5,5,full
32,vcm_full_032_vvvvvm,vcm,full,cccccm,vvvvvm,0.8333333333333334,0.0,0.16666666666666666,0.8333333333333334,0.0,0.16666666666666666,0.16666666666666666,0.0,#804ded,0.5,0.30065359477124187,0.9313725490196078,46.91475865389191,56.73748978257559,-73.60279609059697,"[[0.18333333333333338, 0.08660254037844385], [0.16666666666666669, 0.09622504486493762], [0.08333333333333334, 0.04811252243246881], [0.08333333333333333, 0.0], [0.18333333333333335, 0.0]]",6,5,5,full
33,vcm_full_033_vvvvm,vcm,full,ccccm,vvvvm,0.8,0.0,0.2,0.8,0.0,0.2,0.2,0.0,#824bea,0.5105882352941176,0.2925490196078432,0.9176470588235294,46.55113040139975,57.32465652541086,-72.21111280381838,"[[0.225, 0.07216878364870322], [0.18333333333333338, 0.08660254037844384], [0.18333333333333335, 0.0], [0.22499999999999998, 0.0]]",6,5,5,full
34,vcm_full_034_vvvm,vcm,full,cccm,vvvm,0.75,0.0,0.25,0.75,0.0,0.25,0.25,0.0,#8648e5,0.5264705882352941,0.2803921568627451,0.8970588235294118,46.04496773045418,58.22162368876366,-70.04778407563721,"[[0.2916666666666667, 0.07216878364870322], [0.22499999999999998, 0.0721687836487032], [0.22499999999999998, 0.0], [0.29166666666666674, 0.0]]",6,5,5,full
35,vcm_full_035_vvm,vcm,full,ccm,vvm,0.6666666666666666,0.0,0.3333333333333333,0.6666666666666666,0.0,0.3333333333333333,0.3333333333333333,0.0,#8d42dc,0.5529411764705882,0.2601307189542484,0.8627450980392157,45.31120392348,59.7498642644132,-66.23123816885285,"[[0.3666666666666667, 0.07698003589195004], [0.3416666666666667, 0.0914137926216907], [0.31666666666666665, 0.08660254037844384], [0.2916666666666667, 0.07216878364870323], [0.2916666666666667, 0.0], [0.3666666666666667, 0.0]]",6,5,5,full
36,vcm_full_036_vmvmvc,vcm,full,cmcmcy,vmvmvc,0.5,0.16666666666666666,0.3333333333333333,0.5,0.16666666666666666,0.3333333333333333,0.41666666666666663,0.14433756729740643,#8455d6,0.5163398692810458,0.33398692810457514,0.8398692810457516,47.32037362727549,46.91776856418939,-59.69893398259618,"[[0.44999999999999996, 0.06735753140545633], [0.4833333333333334, 0.08660254037844393], [0.44166666666666676, 0.20688384645961588], [0.3583333333333334, 0.1587713240271471], [0.3416666666666667, 0.09141379262169072], [0.3666666666666667, 0.07698003589195006]]",6,5,5,full
37,vcm_full_037_vvmvm,vcm,full,ccmcm,vvmvm,0.6,0.0,0.4,0.6,0.0,0.4,0.4,0.0,#923ed5,0.5741176470588235,0.243921568627451,0.8352941176470589,44.8280240721982,60.991082424680044,-62.979505757944885,"[[0.44999999999999996, 0.06735753140545633], [0.3666666666666667, 0.07698003589195006], [0.3666666666666667, 0.0], [0.44999999999999996, 0.0]]",6,5,5,full
38,vcm_full_038_vm,vcm,full,cm,vm,0.5,0.0,0.5,0.5,0.0,0.5,0.5,0.0,#9b38cb,0.6058823529411764,0.2196078431372549,0.7941176470588236,44.284845982298684,62.859789877610375,-57.75650193520261,"[[0.55, 0.06735753140545635], [0.5166666666666666, 0.08660254037844395], [0.4833333333333334, 0.08660254037844395], [0.44999999999999996, 0.06735753140545636], [0.44999999999999996, 0.0], [0.55, 0.0]]",6,5,5,full
39,vcm_full_039_vmvmc,vcm,full,cmcmy,vmvmc,0.4,0.2,0.4,0.4,0.2,0.4,0.5,0.17320508075688773,#8755ce,0.5301960784313725,0.3325490196078431,0.807843137254902,47.09114547868604,45.80723913287971,-55.37340321398907,"[[0.5166666666666666, 0.08660254037844392], [0.5583333333333332, 0.20688384645961583], [0.5499999999999999, 0.23094010767585013], [0.45000000000000007, 0.23094010767585016], [0.44166666666666676, 0.20688384645961586], [0.4833333333333334, 0.08660254037844392]]",6,5,5,full
40,vcm_full_040_vmvmm,vcm,full,cmcmm,vmvmm,0.4,0.0,0.6,0.4,0.0,0.6,0.6,0.0,#a332c0,0.6376470588235293,0.1952941176470588,0.7529411764705883,43.967119452573655,64.70709587811146,-52.10656105438327,"[[0.6333333333333333, 0.07698003589195006], [0.55, 0.06735753140545635], [0.55, 0.0], [0.6333333333333334, 0.0]]",6,5,5,full
41,vcm_full_041_vmm,vcm,full,cmm,vmm,0.3333333333333333,0.0,0.6666666666666666,0.3333333333333333,0.0,0.6666666666666666,0.6666666666666666,0.0,#a82eb9,0.6588235294117647,0.17908496732026144,0.7254901960784315,43.88265939050312,65.9120756649047,-48.09967666173325,"[[0.7083333333333331, 0.07216878364870336], [0.6833333333333338, 0.08660254037844362], [0.6583333333333332, 0.09141379262169061], [0.6333333333333334, 0.07698003589195007], [0.6333333333333334, 0.0], [0.7083333333333333, 0.0]]",6,5,5,full
42,vcm_full_042_vmvmcm,vcm,full,cmcmym,vmvmcm,0.3333333333333333,0.16666666666666666,0.5,0.3333333333333333,0.16666666666666666,0.5,0.5833333333333334,0.14433756729740643,#914bc5,0.569281045751634,0.2934640522875817,0.7712418300653594,45.71731105335628,51.09608841052415,-52.13688611893599,"[[0.6583333333333332, 0.09141379262169057], [0.6416666666666665, 0.15877132402714716], [0.5583333333333332, 0.20688384645961586], [0.5166666666666666, 0.0866025403784439], [0.55, 0.06735753140545633], [0.6333333333333334, 0.07698003589195007]]",6,5,5,full
43,vcm_full_043_vmmm,vcm,full,cmmm,vmmm,0.25,0.0,0.75,0.25,0.0,0.75,0.75,0.0,#af29b0,0.6852941176470588,0.1588235294117647,0.6911764705882354,43.920086818262064,67.37604791481428,-42.8222223074697,"[[0.7750000000000006, 0.07216878364870336], [0.7083333333333333, 0.07216878364870336], [0.7083333333333331, 0.0], [0.7750000000000006, 0.0]]",6,5,5,full
44,vcm_full_044_vmmmm,vcm,full,cmmmm,vmmmm,0.2,0.0,0.8,0.2,0.0,0.8,0.8,0.0,#b325ab,0.7011764705882353,0.14666666666666667,0.6705882352941177,44.01776554377584,68.22803130910299,-39.514756479993764,"[[0.8166666666666662, 0.08660254037844367], [0.7750000000000006, 0.07216878364870337], [0.7750000000000006, 0.0], [0.8166666666666663, 0.0]]",6,5,5,full
45,vcm_full_045_vmmmmm,vcm,full,cmmmmm,vmmmmm,0.16666666666666666,0.0,0.8333333333333334,0.16666666666666666,0.0,0.8333333333333334,0.8333333333333334,0.0,#b623a8,0.711764705882353,0.13856209150326795,0.6568627450980393,44.11362122013136,68.78409705244675,-37.252341500297995,"[[0.8333333333333333, 0.0962250448649377], [0.8166666666666662, 0.0866025403784437], [0.8166666666666663, 0.0], [0.9166666666666666, 0.0], [0.9166666666666666, 0.048112522432468836]]",6,5,5,full
46,vcm_full_046_m,vcm,full,m,m,0.0,0.0,1.0,0.0,0.0,1.0,1.0,0.0,#c31996,0.7647058823529411,0.09803921568627451,0.5882352941176471,44.94517938493525,71.41561872915153,-25.286338363609783,"[[0.9166666666666667, 0.048112522432468885], [0.9166666666666667, 0.0], [1.0, 0.0], [0.9583333333333334, 0.07216878364870329]]",6,5,5,full
47,vcm_full_047_vmcm,vcm,full,cmym,vmcm,0.25,0.25,0.5,0.25,0.25,0.5,0.625,0.21650635094610965,#8d54c2,0.5509803921568628,0.33039215686274515,0.7598039215686275,46.819934417559175,44.359880195115494,-48.71231365240505,"[[0.6833333333333332, 0.23094010767585077], [0.6000000000000006, 0.27905263010831916], [0.575, 0.2742413778650722], [0.5499999999999999, 0.23094010767585016], [0.5583333333333332, 0.20688384645961583], [0.6416666666666664, 0.1587713240271472]]",6,5,5,full
48,vcm_full_048_vmmcm,vcm,full,cmmym,vmmcm,0.2,0.2,0.6,0.2,0.2,0.6,0.7,0.17320508075688773,#9748b9,0.5937254901960783,0.283921568627451,0.7254901960784315,45.36980880327992,51.22197306570253,-45.86048476889324,"[[0.766666666666667, 0.23094010767584996], [0.7499999999999998, 0.25018511664883825], [0.6833333333333333, 0.23094010767585071], [0.6416666666666665, 0.15877132402714722], [0.6583333333333332, 0.0914137926216906], [0.6833333333333339, 0.08660254037844359]]",6,5,5,full
49,vcm_full_049_vmmmcm,vcm,full,cmmmym,vmmmcm,0.16666666666666666,0.16666666666666666,0.6666666666666666,0.16666666666666666,0.16666666666666666,0.6666666666666666,0.75,0.14433756729740643,#9f41b3,0.6222222222222222,0.2529411764705882,0.7026143790849674,44.69248223338733,55.501498363625664,-43.4616223710075,"[[0.8250000000000003, 0.1587713240271464], [0.7916666666666666, 0.21650635094610957], [0.7666666666666672, 0.2309401076758499], [0.6833333333333339, 0.08660254037844357], [0.7083333333333331, 0.07216878364870336], [0.7750000000000006, 0.07216878364870336], [0.8166666666666662, 0.08660254037844367], [0.8333333333333333, 0.09622504486493769], [0.8333333333333333, 0.11547005383792629]]",6,5,5,full
50,vcm_full_050_mmmmmc,vcm,full,mmmmmy,mmmmmc,0.0,0.16666666666666666,0.8333333333333334,0.0,0.16666666666666666,0.8333333333333334,0.9166666666666667,0.14433756729740643,#ac36a2,0.6751633986928104,0.21241830065359477,0.6339869281045752,44.29329499365149,59.912836127730685,-33.59685277421012,"[[0.8333333333333334, 0.11547005383792527], [0.8333333333333334, 0.09622504486493769], [0.9166666666666666, 0.0481125224324689], [0.9583333333333333, 0.07216878364870329], [0.9083333333333332, 0.15877132402714716]]",6,5,5,full
51,vcm_full_051_mmmmc,vcm,full,mmmmy,mmmmc,0.0,0.2,0.8,0.0,0.2,0.8,0.9,0.17320508075688773,#a83ca4,0.6572549019607843,0.23529411764705882,0.6431372549019608,44.510929531904225,56.86520806107603,-34.69393627011519,"[[0.8250000000000001, 0.15877132402714667], [0.8333333333333333, 0.11547005383792514], [0.9083333333333332, 0.15877132402714725], [0.8875000000000002, 0.19485571585149836]]",6,5,5,full
52,vcm_full_052_mmmc,vcm,full,mmmy,mmmc,0.0,0.25,0.75,0.0,0.25,0.75,0.875,0.21650635094610965,#a145a8,0.6303921568627451,0.2696078431372549,0.6568627450980392,45.06263653556892,51.86511691404066,-35.97102947994762,"[[0.7916666666666665, 0.21650635094610965], [0.8250000000000001, 0.1587713240271467], [0.8875000000000002, 0.19485571585149844], [0.8541666666666666, 0.2525907427704614]]",6,5,5,full
53,vcm_full_053_mmc,vcm,full,mmy,mmc,0.0,0.3333333333333333,0.6666666666666666,0.0,0.3333333333333333,0.6666666666666666,0.8333333333333333,0.28867513459481287,#9553ad,0.5856209150326798,0.32679738562091504,0.6797385620915032,46.56431782014134,42.571600369637416,-37.144930571145984,"[[0.7499999999999999, 0.2790526301083193], [0.7499999999999999, 0.25018511664883825], [0.7666666666666673, 0.23094010767584988], [0.7916666666666665, 0.2165063509461097], [0.8541666666666666, 0.25259074277046145], [0.8166666666666667, 0.3175426480542943]]",6,5,5,full
54,vcm_full_054_vmcmcm,vcm,full,cmymym,vmcmcm,0.16666666666666666,0.3333333333333333,0.5,0.16666666666666666,0.3333333333333333,0.5,0.6666666666666666,0.28867513459481287,#885ebf,0.5326797385620915,0.3673202614379085,0.7483660130718954,48.16003460798254,37.191505524713286,-44.917225605633114,"[[0.7499999999999998, 0.2790526301083193], [0.7166666666666667, 0.35603266600026906], [0.6833333333333338, 0.3752776749732563], [0.6000000000000006, 0.27905263010831927], [0.6833333333333333, 0.23094010767585077], [0.7499999999999998, 0.2501851166488382]]",6,5,5,full
55,vcm_full_055_mmcmc,vcm,full,mmymy,mmcmc,0.0,0.4,0.6,0.0,0.4,0.6,0.8,0.34641016151377546,#8c5fb2,0.5498039215686275,0.37254901960784315,0.6980392156862745,48.249788201706025,34.52823134339417,-37.289592968905396,"[[0.7166666666666666, 0.356032666000269], [0.7499999999999999, 0.2790526301083194], [0.8166666666666665, 0.3175426480542942], [0.775, 0.38971143170299727]]",6,5,5,full
