region_index,label,corner_label,condition,local_stack_token,stack_token,f_bottom_left,f_top,f_bottom_right,f_y,f_n,f_m,site_x,site_y,expected_hex,expected_R,expected_G,expected_B,expected_L,expected_a,expected_b,polygon_xy,max_height,max_run,distinct_lte,preset
1,ynm_full_001_mn,ynm,full,my,mn,0.0,0.5,0.5,0.0,0.5,0.5,0.75,0.4330127018922193,#a65494,0.6529411764705881,0.32941176470588235,0.580392156862745,47.805157734402606,42.521479006203236,-20.047639669346818,"[[0.6666666666666666, 0.44263520637871306], [0.6666666666666666, 0.4041451884327384], [0.6833333333333337, 0.3752776749732563], [0.7166666666666667, 0.356032666000269], [0.7750000000000001, 0.38971143170299727], [0.7250000000000001, 0.47631397208144116]]",6,5,5,full
2,ynm_full_002_ymn,ynm,full,cmy,ymn,0.3333333333333333,0.3333333333333333,0.3333333333333333,0.3333333333333333,0.3333333333333333,0.3333333333333333,0.5,0.28867513459481287,#c48263,0.7686274509803921,0.5111111111111111,0.38692810457516336,60.50437490902212,21.767943245449896,27.4390464821632,"[[0.55, 0.23094010767585016], [0.5750000000000001, 0.2742413778650722], [0.525, 0.3608439182435162], [0.475, 0.3608439182435162], [0.42499999999999993, 0.27424137786507224], [0.45, 0.23094010767585016]]",6,5,5,full
3,ynm_full_003_ymnmn,ynm,full,cmymy,ymnmn,0.2,0.4,0.4,0.2,0.4,0.4,0.6000000000000001,0.34641016151377546,#b87076,0.7223529411764705,0.43843137254901965,0.464313725490196,55.153751038111196,29.45370055372387,8.6222482131719,"[[0.6000000000000006, 0.27905263010831916], [0.6833333333333337, 0.3752776749732563], [0.6666666666666666, 0.40414518843273833], [0.5416666666666666, 0.3800889272165036], [0.5249999999999999, 0.36084391824351614], [0.575, 0.2742413778650722]]",6,5,5,full
4,ynm_full_004_mnmnn,ynm,full,mymyy,mnmnn,0.0,0.6,0.4,0.0,0.6,0.4,0.7,0.5196152422706631,#a16094,0.6305882352941176,0.3756862745098039,0.5788235294117646,49.51110263516371,34.24933449875767,-17.265374749468055,"[[0.6166666666666667, 0.5099927377841692], [0.6666666666666667, 0.442635206378713], [0.7250000000000001, 0.47631397208144116], [0.6833333333333335, 0.5484827557301443]]",6,5,5,full
5,ynm_full_005_mnn,ynm,full,myy,mnn,0.0,0.6666666666666666,0.3333333333333333,0.0,0.6666666666666666,0.3333333333333333,0.6666666666666666,0.5773502691896257,#9d6893,0.6156862745098038,0.40653594771241836,0.5777777777777777,50.827170867956525,28.48030716878547,-15.147425241078327,"[[0.5833333333333334, 0.5773502691896258], [0.5833333333333334, 0.5484827557301436], [0.5916666666666665, 0.52442649451391], [0.6166666666666667, 0.5099927377841692], [0.6833333333333335, 0.5484827557301444], [0.6458333333333334, 0.6134346610139774]]",6,5,5,full
6,ynm_full_006_ynmnmn,ynm,full,cymymy,ynmnmn,0.16666666666666666,0.5,0.3333333333333333,0.16666666666666666,0.5,0.3333333333333333,0.5833333333333333,0.4330127018922193,#b0757b,0.6921568627450979,0.4588235294117647,0.4823529411764705,55.525724820685625,24.213840502053664,6.339824475109657,"[[0.6166666666666668, 0.5099927377841692], [0.5916666666666663, 0.5244264945139101], [0.5416666666666666, 0.47631397208144155], [0.5416666666666665, 0.3800889272165036], [0.6666666666666667, 0.40414518843273833], [0.6666666666666667, 0.44263520637871284]]",6,5,5,full
7,ynm_full_007_mnnn,ynm,full,myyy,mnnn,0.0,0.75,0.25,0.0,0.75,0.25,0.625,0.649519052838329,#987293,0.5970588235294116,0.4450980392156863,0.5764705882352941,52.65165932914287,21.092189602569754,-12.242675339448228,"[[0.55, 0.6350852961085884], [0.5833333333333334, 0.5773502691896258], [0.6458333333333334, 0.6134346610139774], [0.6125, 0.6711696879329399]]",6,5,5,full
8,ynm_full_008_mnnnn,ynm,full,myyyy,mnnnn,0.0,0.8,0.2,0.0,0.8,0.2,0.6000000000000001,0.6928203230275509,#957793,0.5858823529411763,0.4682352941176471,0.5756862745098038,53.83252918446905,16.609472422440042,-10.379417915150535,"[[0.5166666666666657, 0.6639528095680706], [0.55, 0.6350852961085883], [0.6125, 0.6711696879329399], [0.5916666666666659, 0.7072540797572928]]",6,5,5,full
9,ynm_full_009_mnnnnn,ynm,full,myyyyy,mnnnnn,0.0,0.8333333333333334,0.16666666666666666,0.0,0.8333333333333334,0.16666666666666666,0.5833333333333334,0.7216878364870322,#937b93,0.5784313725490194,0.4836601307189543,0.5751633986928103,54.65242362331111,13.614610296575236,-9.092823493895974,"[[0.5000000000000002, 0.7698003589195007], [0.5000000000000001, 0.6735753140545636], [0.5166666666666656, 0.6639528095680706], [0.5916666666666659, 0.7072540797572928], [0.5416666666666669, 0.7938566201357351]]",6,5,5,full
10,ynm_full_010_n,ynm,full,y,n,0.0,1.0,0.0,0.0,1.0,0.0,0.5,0.8660254037844386,#8a8f92,0.5411764705882353,0.5607843137254902,0.5725490196078431,59.08831744726014,-1.2137183135860763,-2.223898189538698,"[[0.4583333333333333, 0.7938566201357353], [0.5000000000000002, 0.7698003589195007], [0.5416666666666667, 0.7938566201357351], [0.5, 0.8660254037844386]]",6,5,5,full
11,ynm_full_011_ynmn,ynm,full,cymy,ynmn,0.25,0.5,0.25,0.25,0.5,0.25,0.5,0.4330127018922193,#b5866e,0.7117647058823529,0.5235294117647059,0.4333333333333333,59.830140565071105,15.35645018964199,19.612631425114067,"[[0.5416666666666665, 0.47631397208144155], [0.4583333333333335, 0.47631397208144155], [0.4583333333333335, 0.3800889272165036], [0.475, 0.3608439182435162], [0.5249999999999999, 0.3608439182435162], [0.5416666666666665, 0.38008892721650367]]",6,5,5,full
12,ynm_full_012_ynmnn,ynm,full,cymyy,ynmnn,0.2,0.6,0.2,0.2,0.6,0.2,0.5,0.5196152422706631,#ad8776,0.6776470588235293,0.5309803921568628,0.46117647058823524,59.5266967201207,11.664219397104214,15.026515544334295,"[[0.4083333333333336, 0.5244264945139103], [0.45833333333333354, 0.4763139720814415], [0.5416666666666665, 0.47631397208144144], [0.5916666666666665, 0.5244264945139102], [0.5833333333333335, 0.5484827557301435], [0.4166666666666665, 0.5484827557301435]]",6,5,5,full
13,ynm_full_013_ynmnnn,ynm,full,cymyyy,ynmnnn,0.16666666666666666,0.6666666666666666,0.16666666666666666,0.16666666666666666,0.6666666666666666,0.16666666666666666,0.5,0.5773502691896257,#a7897a,0.6549019607843136,0.5359477124183006,0.4797385620915032,59.367259657504505,9.287323979878748,12.023945220526278,"[[0.5499999999999997, 0.6350852961085888], [0.5166666666666663, 0.6639528095680701], [0.5000000000000001, 0.6735753140545636], [0.4833333333333337, 0.66395280956807], [0.44999999999999996, 0.6350852961085883], [0.4166666666666665, 0.5773502691896255], [0.41666666666666646, 0.5484827557301435], [0.5833333333333334, 0.5484827557301435], [0.5833333333333334, 0.5773502691896257]]",6,5,5,full
14,ynm_full_014_ynnnnn,ynm,full,cyyyyy,ynnnnn,0.16666666666666666,0.8333333333333334,0.0,0.16666666666666666,0.8333333333333334,0.0,0.4166666666666667,0.7216878364870322,#9d9c7a,0.6176470588235293,0.6130718954248365,0.47712418300653586,63.75787527556774,-5.486869825152341,18.36147573397944,"[[0.4583333333333333, 0.7938566201357353], [0.4083333333333336, 0.7072540797572919], [0.4833333333333335, 0.6639528095680699], [0.5000000000000002, 0.6735753140545637], [0.5000000000000002, 0.7698003589195006]]",6,5,5,full
15,ynm_full_015_ynnnn,ynm,full,cyyyy,ynnnn,0.2,0.8,0.0,0.2,0.8,0.0,0.4,0.6928203230275509,#a19f75,0.6329411764705881,0.6235294117647058,0.4580392156862745,64.71985701937079,-6.081445894802917,22.405802387216056,"[[0.45000000000000007, 0.6350852961085884], [0.48333333333333367, 0.66395280956807], [0.40833333333333355, 0.7072540797572919], [0.38750000000000007, 0.6711696879329401]]",6,5,5,full
16,ynm_full_016_ynnn,ynm,full,cyyy,ynnn,0.25,0.75,0.0,0.25,0.75,0.0,0.375,0.649519052838329,#a7a36e,0.6558823529411764,0.6392156862745098,0.4294117647058823,66.17676670849767,-6.831586615665075,28.394326382394187,"[[0.41666666666666646, 0.5773502691896255], [0.45000000000000007, 0.6350852961085885], [0.3875000000000001, 0.6711696879329401], [0.3541666666666666, 0.6134346610139771]]",6,5,5,full
17,ynm_full_017_ynn,ynm,full,cyy,ynn,0.3333333333333333,0.6666666666666666,0.0,0.3333333333333333,0.6666666666666666,0.0,0.3333333333333333,0.5773502691896257,#b1aa61,0.6941176470588234,0.665359477124183,0.38169934640522873,68.63668231180478,-7.740294518607637,38.09957989132911,"[[0.3833333333333331, 0.5099927377841694], [0.4083333333333336, 0.5244264945139103], [0.4166666666666664, 0.5484827557301433], [0.4166666666666664, 0.5773502691896256], [0.3541666666666665, 0.613434661013977], [0.3166666666666666, 0.5484827557301443]]",6,5,5,full
18,ynm_full_018_ynynmn,ynm,full,cycymy,ynynmn,0.3333333333333333,0.5,0.16666666666666666,0.3333333333333333,0.5,0.16666666666666666,0.41666666666666663,0.4330127018922193,#bb9662,0.7313725490196078,0.5882352941176471,0.38431372549019605,64.32108283078722,6.9185513485025,32.513038893726474,"[[0.45833333333333354, 0.38008892721650345], [0.45833333333333354, 0.47631397208144144], [0.40833333333333355, 0.5244264945139103], [0.3833333333333331, 0.5099927377841694], [0.3333333333333333, 0.4426352063787134], [0.3333333333333333, 0.40414518843273783]]",6,5,5,full
19,ynm_full_019_ynynn,ynm,full,cycyy,ynynn,0.4,0.6,0.0,0.4,0.6,0.0,0.3,0.5196152422706631,#b9af58,0.7247058823529411,0.6862745098039215,0.34352941176470586,70.62795399013348,-8.197513426595027,45.53479237582603,"[[0.3333333333333333, 0.44263520637871334], [0.383333333333333, 0.5099927377841693], [0.31666666666666654, 0.5484827557301443], [0.2750000000000001, 0.4763139720814414]]",6,5,5,full
20,ynm_full_020_yn,ynm,full,cy,yn,0.5,0.5,0.0,0.5,0.5,0.0,0.25,0.4330127018922193,#c4b749,0.7705882352941176,0.7176470588235294,0.28627450980392155,73.64441637836279,-8.506124682364502,55.95363699709435,"[[0.2833333333333334, 0.3560326660002692], [0.3166666666666668, 0.3752776749732568], [0.3333333333333333, 0.40414518843273783], [0.3333333333333333, 0.44263520637871334], [0.27500000000000013, 0.47631397208144144], [0.225, 0.3897114317029974]]",6,5,5,full
21,ynm_full_021_ymnyn,ynm,full,cmycy,ymnyn,0.4,0.4,0.2,0.4,0.4,0.2,0.4,0.34641016151377546,#c49758,0.7694117647058822,0.5937254901960785,0.3466666666666666,65.54442291892387,9.365268201987076,39.31062155311884,"[[0.4000000000000001, 0.2790526301083191], [0.42499999999999993, 0.27424137786507224], [0.475, 0.36084391824351614], [0.45833333333333337, 0.38008892721650356], [0.33333333333333326, 0.4041451884327379], [0.31666666666666676, 0.37527767497325687]]",6,5,5,full
22,ynm_full_022_yynyn,ynm,full,ccycy,yynyn,0.6,0.4,0.0,0.6,0.4,0.0,0.2,0.34641016151377546,#d0bf3a,0.8164705882352941,0.7490196078431373,0.22901960784313724,76.68633556880798,-8.444424052542477,65.24716141240661,"[[0.24999999999999994, 0.27905263010831904], [0.2833333333333333, 0.35603266600026917], [0.22500000000000003, 0.3897114317029973], [0.18333333333333335, 0.3175426480542941]]",6,5,5,full
23,ynm_full_023_yyn,ynm,full,ccy,yyn,0.6666666666666666,0.3333333333333333,0.0,0.6666666666666666,0.3333333333333333,0.0,0.16666666666666666,0.28867513459481287,#d8c431,0.8470588235294118,0.7699346405228757,0.19084967320261437,78.72372712820206,-8.237777918537581,70.6964771510838,"[[0.20833333333333337, 0.21650635094610968], [0.2333333333333333, 0.2309401076758503], [0.24999999999999997, 0.2501851166488378], [0.24999999999999997, 0.27905263010831904], [0.1833333333333333, 0.3175426480542941], [0.14583333333333334, 0.2525907427704613]]",6,5,5,full
24,ynm_full_024_ymynyn,ynm,full,cmcycy,ymynyn,0.5,0.3333333333333333,0.16666666666666666,0.5,0.3333333333333333,0.16666666666666666,0.3333333333333333,0.28867513459481287,#cea34a,0.8078431372549019,0.6405228758169935,0.28888888888888886,69.41767008410272,6.005325361425562,51.31058746643844,"[[0.31666666666666676, 0.23094010767585027], [0.4000000000000001, 0.2790526301083191], [0.31666666666666676, 0.3752776749732568], [0.2833333333333334, 0.3560326660002692], [0.24999999999999994, 0.279052630108319], [0.24999999999999994, 0.2501851166488378]]",6,5,5,full
25,ynm_full_025_yyyn,ynm,full,cccy,yyyn,0.75,0.25,0.0,0.75,0.25,0.0,0.125,0.21650635094610965,#e2cb25,0.8852941176470588,0.7960784313725491,0.14313725490196078,81.2769266711839,-7.829922023281255,76.58440743090578,"[[0.175, 0.15877132402714708], [0.20833333333333334, 0.21650635094610968], [0.14583333333333334, 0.2525907427704613], [0.11249999999999999, 0.1948557158514987]]",6,5,5,full
26,ynm_full_026_yyyyn,ynm,full,ccccy,yyyyn,0.8,0.2,0.0,0.8,0.2,0.0,0.1,0.17320508075688773,#e8cf1d,0.908235294117647,0.8117647058823529,0.11450980392156862,82.81074853195292,-7.519206396517985,79.61408985962831,"[[0.16666666666666669, 0.11547005383792511], [0.175, 0.15877132402714705], [0.11249999999999999, 0.19485571585149866], [0.09166666666666666, 0.15877132402714705]]",6,5,5,full
27,ynm_full_027_yyyyyn,ynm,full,cccccy,yyyyyn,0.8333333333333334,0.16666666666666666,0.0,0.8333333333333334,0.16666666666666666,0.0,0.08333333333333333,0.14433756729740643,#ebd218,0.9235294117647058,0.8222222222222223,0.09542483660130718,83.83360482289972,-7.288895626831382,81.42887398455399,"[[0.16666666666666663, 0.0962250448649376], [0.16666666666666663, 0.11547005383792514], [0.09166666666666666, 0.15877132402714705], [0.041666666666666664, 0.07216878364870322], [0.08333333333333333, 0.048112522432468816]]",6,5,5,full
28,ynm_full_028_y,ynm,full,c,y,1.0,0.0,0.0,1.0,0.0,0.0,0.0,0.0,#ffdf00,1.0,0.8745098039215686,0.0,88.94096720886532,-5.949434572648293,88.5567575521992,"[[0.08333333333333333, 0.048112522432468816], [0.041666666666666664, 0.07216878364870322], [0.0, 0.0], [0.08333333333333333, 0.0]]",6,5,5,full
29,ynm_full_029_ymyn,ynm,full,cmcy,ymyn,0.5,0.25,0.25,0.5,0.25,0.25,0.375,0.21650635094610965,#d39a4a,0.8264705882352941,0.6019607843137256,0.2901960784313725,67.46859220828456,13.361240107458261,49.13294720691385,"[[0.44166666666666676, 0.20688384645961588], [0.45, 0.23094010767585005], [0.4249999999999999, 0.27424137786507224], [0.4, 0.2790526301083191], [0.31666666666666676, 0.23094010767585027], [0.3583333333333334, 0.1587713240271471]]",6,5,5,full
30,ynm_full_030_yymyn,ynm,full,ccmcy,yymyn,0.6,0.2,0.2,0.6,0.2,0.2,0.30000000000000004,0.17320508075688773,#dca73b,0.8611764705882352,0.6564705882352941,0.232156862745098,71.7301389542516,8.8878629404342,60.44977219877175,"[[0.34166666666666673, 0.09141379262169073], [0.3583333333333334, 0.15877132402714716], [0.31666666666666676, 0.23094010767585027], [0.24999999999999997, 0.2501851166488378], [0.23333333333333336, 0.23094010767585035], [0.31666666666666665, 0.08660254037844387]]",6,5,5,full
31,ynm_full_031_yyymyn,ynm,full,cccmcy,yyymyn,0.6666666666666666,0.16666666666666666,0.16666666666666666,0.6666666666666666,0.16666666666666666,0.16666666666666666,0.25,0.14433756729740643,#e2b131,0.884313725490196,0.69281045751634,0.19346405228758168,74.59014028229971,6.110352793145757,67.05869448493848,"[[0.22499999999999992, 0.07216878364870322], [0.29166666666666674, 0.0721687836487032], [0.3166666666666667, 0.08660254037844384], [0.23333333333333334, 0.2309401076758503], [0.20833333333333331, 0.21650635094610965], [0.175, 0.1587713240271471], [0.16666666666666666, 0.11547005383792512], [0.16666666666666666, 0.09622504486493762], [0.1833333333333334, 0.0866025403784438]]",6,5,5,full
32,ynm_full_032_yyyyym,ynm,full,cccccm,yyyyym,0.8333333333333334,0.0,0.16666666666666666,0.8333333333333334,0.0,0.16666666666666666,0.16666666666666666,0.0,#f5be19,0.9607843137254902,0.7450980392156863,0.09803921568627451,79.79204921266052,6.88998560197307,78.60061215554556,"[[0.18333333333333338, 0.08660254037844385], [0.16666666666666669, 0.09622504486493762], [0.08333333333333334, 0.04811252243246881], [0.08333333333333333, 0.0], [0.18333333333333335, 0.0]]",6,5,5,full
33,ynm_full_033_yyyym,ynm,full,ccccm,yyyym,0.8,0.0,0.2,0.8,0.0,0.2,0.2,0.0,#f3b71e,0.9529411764705882,0.7192156862745098,0.11764705882352941,77.98402366630827,9.564777772315624,76.10333175007294,"[[0.225, 0.07216878364870322], [0.18333333333333338, 0.08660254037844384], [0.18333333333333335, 0.0], [0.22499999999999998, 0.0]]",6,5,5,full
34,ynm_full_034_yyym,ynm,full,cccm,yyym,0.75,0.0,0.25,0.75,0.0,0.25,0.25,0.0,#f0ae26,0.9411764705882353,0.6803921568627451,0.14705882352941177,75.29275943833024,13.646301897515034,71.93335971602419,"[[0.2916666666666667, 0.07216878364870322], [0.22499999999999998, 0.0721687836487032], [0.22499999999999998, 0.0], [0.29166666666666674, 0.0]]",6,5,5,full
35,ynm_full_035_yym,ynm,full,ccm,yym,0.6666666666666666,0.0,0.3333333333333333,0.6666666666666666,0.0,0.3333333333333333,0.3333333333333333,0.0,#eb9d32,0.9215686274509803,0.615686274509804,0.19607843137254902,70.87834005274337,20.623964460334378,63.79337035503971,"[[0.3666666666666667, 0.07698003589195004], [0.3416666666666667, 0.0914137926216907], [0.31666666666666665, 0.08660254037844384], [0.2916666666666667, 0.07216878364870323], [0.2916666666666667, 0.0], [0.3666666666666667, 0.0]]",6,5,5,full
36,ynm_full_036_ymymyn,ynm,full,cmcmcy,ymymyn,0.5,0.16666666666666666,0.3333333333333333,0.5,0.16666666666666666,0.3333333333333333,0.41666666666666663,0.14433756729740643,#d8904a,0.8450980392156863,0.5633986928104576,0.29150326797385623,65.648085478414,20.70427154906462,47.07745474695155,"[[0.44999999999999996, 0.06735753140545633], [0.4833333333333334, 0.08660254037844393], [0.44166666666666676, 0.20688384645961588], [0.3583333333333334, 0.1587713240271471], [0.3416666666666667, 0.09141379262169072], [0.3666666666666667, 0.07698003589195006]]",6,5,5,full
37,ynm_full_037_yymym,ynm,full,ccmcm,yymym,0.6,0.0,0.4,0.6,0.0,0.4,0.4,0.0,#e7903c,0.9058823529411765,0.563921568627451,0.23529411764705882,67.4309478758879,26.342851808801193,56.233812465552,"[[0.44999999999999996, 0.06735753140545633], [0.3666666666666667, 0.07698003589195006], [0.3666666666666667, 0.0], [0.44999999999999996, 0.0]]",6,5,5,full
38,ynm_full_038_ym,ynm,full,cm,ym,0.5,0.0,0.5,0.5,0.0,0.5,0.5,0.0,#e17c4b,0.8823529411764706,0.48627450980392156,0.29411764705882354,62.45289702748056,35.06929839281481,43.41945673452145,"[[0.55, 0.06735753140545635], [0.5166666666666666, 0.08660254037844395], [0.4833333333333334, 0.08660254037844395], [0.44999999999999996, 0.06735753140545636], [0.44999999999999996, 0.0], [0.55, 0.0]]",6,5,5,full
39,ynm_full_039_ymymn,ynm,full,cmcmy,ymymn,0.4,0.2,0.4,0.4,0.2,0.4,0.5,0.17320508075688773,#d08059,0.8141176470588235,0.5011764705882353,0.34980392156862744,61.19083335603244,27.047627167659293,33.81351824611435,"[[0.5166666666666666, 0.08660254037844392], [0.5583333333333332, 0.20688384645961583], [0.5499999999999999, 0.23094010767585013], [0.45000000000000007, 0.23094010767585016], [0.44166666666666676, 0.20688384645961586], [0.4833333333333334, 0.08660254037844392]]",6,5,5,full
40,ynm_full_040_ymymm,ynm,full,cmcmm,ymymm,0.4,0.0,0.6,0.4,0.0,0.6,0.6,0.0,#db685a,0.8588235294117647,0.4086274509803922,0.3529411764705882,57.792720015896336,43.79980661784777,29.401577379574974,"[[0.6333333333333333, 0.07698003589195006], [0.55, 0.06735753140545635], [0.55, 0.0], [0.6333333333333334, 0.0]]",6,5,5,full
41,ynm_full_041_ymm,ynm,full,cmm,ymm,0.3333333333333333,0.0,0.6666666666666666,0.3333333333333333,0.0,0.6666666666666666,0.6666666666666666,0.0,#d75b64,0.8431372549019608,0.3568627450980392,0.39215686274509803,54.92109472478978,49.47976671792647,19.744343642877826,"[[0.7083333333333331, 0.07216878364870336], [0.6833333333333338, 0.08660254037844362], [0.6583333333333332, 0.09141379262169061], [0.6333333333333334, 0.07698003589195007], [0.6333333333333334, 0.0], [0.7083333333333333, 0.0]]",6,5,5,full
42,ynm_full_042_ymymnm,ynm,full,cmcmym,ymymnm,0.3333333333333333,0.16666666666666666,0.5,0.3333333333333333,0.16666666666666666,0.5,0.5833333333333334,0.14433756729740643,#cd6f63,0.8058823529411764,0.4339869281045752,0.3895424836601307,57.325240015783734,36.19161787990488,23.104818997146914,"[[0.6583333333333332, 0.09141379262169057], [0.6416666666666665, 0.15877132402714716], [0.5583333333333332, 0.20688384645961586], [0.5166666666666666, 0.0866025403784439], [0.55, 0.06735753140545633], [0.6333333333333334, 0.07698003589195007]]",6,5,5,full
43,ynm_full_043_ymmm,ynm,full,cmmm,ymmm,0.25,0.0,0.75,0.25,0.0,0.75,0.75,0.0,#d24b71,0.8235294117647058,0.29215686274509806,0.4411764705882353,51.668565525830644,56.21727015606698,7.685778968975887,"[[0.7750000000000006, 0.07216878364870336], [0.7083333333333333, 0.07216878364870336], [0.7083333333333331, 0.0], [0.7750000000000006, 0.0]]",6,5,5,full
44,ynm_full_044_ymmmm,ynm,full,cmmmm,ymmmm,0.2,0.0,0.8,0.2,0.0,0.8,0.8,0.0,#cf4178,0.8117647058823529,0.25333333333333335,0.47058823529411764,49.9300161110031,59.96278169082675,0.597488729997786,"[[0.8166666666666662, 0.08660254037844367], [0.7750000000000006, 0.07216878364870337], [0.7750000000000006, 0.0], [0.8166666666666663, 0.0]]",6,5,5,full
45,ynm_full_045_ymmmmm,ynm,full,cmmmmm,ymmmmm,0.16666666666666666,0.0,0.8333333333333334,0.16666666666666666,0.0,0.8333333333333334,0.8333333333333334,0.0,#cd3a7d,0.8039215686274509,0.22745098039215692,0.4901960784313726,48.87116714116331,62.29780497489007,-4.023754337227636,"[[0.8333333333333333, 0.0962250448649377], [0.8166666666666662, 0.0866025403784437], [0.8166666666666663, 0.0], [0.9166666666666666, 0.0], [0.9166666666666666, 0.048112522432468836]]",6,5,5,full
46,ynm_full_046_m,ynm,full,m,m,0.0,0.0,1.0,0.0,0.0,1.0,1.0,0.0,#c31996,0.7647058823529411,0.09803921568627451,0.5882352941176471,44.94517938493525,71.41561872915153,-25.286338363609783,"[[0.9166666666666667, 0.048112522432468885], [0.9166666666666667, 0.0], [1.0, 0.0], [0.9583333333333334, 0.07216878364870329]]",6,5,5,full
47,ynm_full_047_ymnm,ynm,full,cmym,ymnm,0.25,0.25,0.5,0.25,0.25,0.5,0.625,0.21650635094610965,#c46870,0.7676470588235293,0.40784313725490196,0.4372549019607843,54.829021595380624,37.198719998467965,12.422840840207371,"[[0.6833333333333332, 0.23094010767585077], [0.6000000000000006, 0.27905263010831916], [0.575, 0.2742413778650722], [0.5499999999999999, 0.23094010767585016], [0.5583333333333332, 0.20688384645961583], [0.6416666666666664, 0.1587713240271472]]",6,5,5,full
48,ynm_full_048_ymmnm,ynm,full,cmmym,ymmnm,0.2,0.2,0.6,0.2,0.2,0.6,0.7,0.17320508075688773,#c45877,0.7670588235294117,0.3458823529411765,0.4674509803921569,51.8759859229267,46.00259725036238,3.670572514643844,"[[0.766666666666667, 0.23094010767584996], [0.7499999999999998, 0.25018511664883825], [0.6833333333333333, 0.23094010767585071], [0.6416666666666665, 0.15877132402714722], [0.6583333333333332, 0.0914137926216906], [0.6833333333333339, 0.08660254037844359]]",6,5,5,full
49,ynm_full_049_ymmmnm,ynm,full,cmmmym,ymmmnm,0.16666666666666666,0.16666666666666666,0.6666666666666666,0.16666666666666666,0.16666666666666666,0.6666666666666666,0.75,0.14433756729740643,#c34e7c,0.7666666666666666,0.30457516339869284,0.4875816993464052,50.141260101472,51.50272536084199,-1.9308633650535478,"[[0.8250000000000003, 0.1587713240271464], [0.7916666666666666, 0.21650635094610957], [0.7666666666666672, 0.2309401076758499], [0.6833333333333339, 0.08660254037844357], [0.7083333333333331, 0.07216878364870336], [0.7750000000000006, 0.07216878364870336], [0.8166666666666662, 0.08660254037844367], [0.8333333333333333, 0.09622504486493769], [0.8333333333333333, 0.11547005383792629]]",6,5,5,full
50,ynm_full_050_mmmmmn,ynm,full,mmmmmy,mmmmmn,0.0,0.16666666666666666,0.8333333333333334,0.0,0.16666666666666666,0.8333333333333334,0.9166666666666667,0.14433756729740643,#ba2d95,0.7274509803921568,0.17516339869281047,0.5856209150326798,44.81708723256165,64.5261279992363,-25.217343718216046,"[[0.8333333333333334, 0.11547005383792527], [0.8333333333333334, 0.09622504486493769], [0.9166666666666666, 0.0481125224324689], [0.9583333333333333, 0.07216878364870329], [0.9083333333333332, 0.15877132402714716]]",6,5,5,full
51,ynm_full_051_mmmmn,ynm,full,mmmmy,mmmmn,0.0,0.2,0.8,0.0,0.2,0.8,0.9,0.17320508075688773,#b83195,0.72,0.19058823529411764,0.5850980392156864,44.918116447875995,62.80487675537733,-25.00603531788006,"[[0.8250000000000001, 0.15877132402714667], [0.8333333333333333, 0.11547005383792514], [0.9083333333333332, 0.15877132402714725], [0.8875000000000002, 0.19485571585149836]]",6,5,5,full
52,ynm_full_052_mmmn,ynm,full,mmmy,mmmn,0.0,0.25,0.75,0.0,0.25,0.75,0.875,0.21650635094610965,#b53795,0.7088235294117646,0.21372549019607845,0.584313725490196,45.152474771199074,60.00786555802967,-24.560241234987366,"[[0.7916666666666665, 0.21650635094610965], [0.8250000000000001, 0.1587713240271467], [0.8875000000000002, 0.19485571585149844], [0.8541666666666666, 0.2525907427704614]]",6,5,5,full
53,ynm_full_053_mmn,ynm,full,mmy,mmn,0.0,0.3333333333333333,0.6666666666666666,0.0,0.3333333333333333,0.6666666666666666,0.8333333333333333,0.28867513459481287,#b04095,0.6901960784313724,0.2522875816993464,0.5830065359477125,45.76549839412049,54.79116553605162,-23.472415052041008,"[[0.7499999999999999, 0.2790526301083193], [0.7499999999999999, 0.25018511664883825], [0.7666666666666673, 0.23094010767584988], [0.7916666666666665, 0.2165063509461097], [0.8541666666666666, 0.25259074277046145], [0.8166666666666667, 0.3175426480542943]]",6,5,5,full
54,ynm_full_054_ymnmnm,ynm,full,cmymym,ymnmnm,0.16666666666666666,0.3333333333333333,0.5,0.16666666666666666,0.3333333333333333,0.5,0.6666666666666666,0.28867513459481287,#ba617c,0.7294117647058823,0.3816993464052288,0.4849673202614379,52.397367165058654,38.56228419404151,1.5940284128164395,"[[0.7499999999999998, 0.2790526301083193], [0.7166666666666667, 0.35603266600026906], [0.6833333333333338, 0.3752776749732563], [0.6000000000000006, 0.27905263010831927], [0.6833333333333333, 0.23094010767585077], [0.7499999999999998, 0.2501851166488382]]",6,5,5,full
55,ynm_full_055_mmnmn,ynm,full,mmymy,mmnmn,0.0,0.4,0.6,0.0,0.4,0.6,0.8,0.34641016151377546,#ac4894,0.6752941176470587,0.28313725490196073,0.5819607843137256,46.45421009260702,50.15238958253848,-22.296503628763787,"[[0.7166666666666666, 0.356032666000269], [0.7499999999999999, 0.2790526301083194], [0.8166666666666665, 0.3175426480542942], [0.775, 0.38971143170299727]]",6,5,5,full
