region_index,label,corner_label,condition,local_stack_token,stack_token,f_bottom_left,f_top,f_bottom_right,f_y,f_w,f_m,site_x,site_y,expected_hex,expected_R,expected_G,expected_B,expected_L,expected_a,expected_b,polygon_xy,max_height,max_run,distinct_lte,preset,sample_pixels,raw_region_pixels,core_region_pixels,candidate_mask_pixels,sample_mask_pixels,old_color_mask_pixels,old_color_mask_fraction,sample_core_fraction_requested,sample_core_fraction_used,erosion_px_used,lab_trim_percentile,lab_trim_cutoff_deltaE00,lab_trimmed_pixels,lab_trimmed_fraction,measured_hex,measured_R,measured_G,measured_B,measured_L,measured_a,measured_b,measured_L_mean,measured_a_mean,measured_b_mean,deltaE00_to_expected,deltaE76_to_expected,within_region_deltaE00_median,within_region_deltaE00_p90,within_region_deltaE00_sd,hue_angle_degrees,measured_chroma,source_path,filename,photo_id,filename_label,condition_source,capture_number,bottom_left_anchor,top_anchor,bottom_right_anchor,palette_family,analysis_id,analysis_scale
1,ywm_full_001_mw,ywm,full,my,mw,0.0,0.5,0.5,0.0,0.5,0.5,0.75,0.4330127018922193,#dc87c6,0.8627450980392157,0.5294117647058824,0.7745098039215687,66.97616588474968,41.38423944977831,-18.721001844604324,"[[0.6666666666666666, 0.44263520637871306], [0.6666666666666666, 0.4041451884327384], [0.6833333333333337, 0.3752776749732563], [0.7166666666666667, 0.356032666000269], [0.7750000000000001, 0.38971143170299727], [0.7250000000000001, 0.47631397208144116]]",6,5,5,full,2342,11221,4801,2378,2342,2378,1.0,0.65,0.65,8,98.0,1.9766388442117573,36,0.015138772077375946,#e07bb4,0.8784314,0.48235294,0.7058824,64.41262151256623,46.46159198198219,-12.476975080013531,64.40702951315247,46.32664618677033,-12.442803912034684,4.413783713664973,8.44624997980504,0.41117898541707226,1.1163477699160418,0.39367951704652554,344.96821537253186,48.107737804302026,LayerLoomPhotos100NCZ_5/centered_4x3_tif/DSC_4524ywm.tif,DSC_4524ywm.tif,DSC_4524,ywm,capture_number,4524,y,w,m,CMY+neutral,full__ywm__DSC_4524ywm,0.5884275907159202
2,ywm_full_002_ymw,ywm,full,cmy,ymw,0.3333333333333333,0.3333333333333333,0.3333333333333333,0.3333333333333333,0.3333333333333333,0.3333333333333333,0.5,0.28867513459481287,#e8a484,0.9084967320261438,0.6444444444444445,0.5163398692810458,73.17465705102026,20.995529508778144,26.85886969913005,"[[0.55, 0.23094010767585016], [0.5750000000000001, 0.2742413778650722], [0.525, 0.3608439182435162], [0.475, 0.3608439182435162], [0.42499999999999993, 0.27424137786507224], [0.45, 0.23094010767585016]]",6,5,5,full,5151,19582,8384,5257,5151,5257,1.0,0.65,0.65,8,98.0,4.523139636910083,106,0.02016359140194027,#e78e7e,0.90588236,0.5568628,0.49411765,67.94495336022632,32.461226026352044,22.83107696408113,67.84726115730186,32.516611012642755,22.58966393195076,9.081652930464791,13.230083584132146,2.024175206376977,3.2585444492660858,0.9492329462296994,35.12001536085603,39.68613448641366,LayerLoomPhotos100NCZ_5/centered_4x3_tif/DSC_4524ywm.tif,DSC_4524ywm.tif,DSC_4524,ywm,capture_number,4524,y,w,m,CMY+neutral,full__ywm__DSC_4524ywm,0.5884275907159202
3,ywm_full_003_ymwmw,ywm,full,cmymy,ymwmw,0.2,0.4,0.4,0.2,0.4,0.4,0.6000000000000001,0.34641016151377546,#e3999e,0.8901960784313726,0.5984313725490196,0.6196078431372549,70.4931740642048,28.58619911268945,8.621205304697677,"[[0.6000000000000006, 0.27905263010831916], [0.6833333333333337, 0.3752776749732563], [0.6666666666666666, 0.40414518843273833], [0.5416666666666666, 0.3800889272165036], [0.5249999999999999, 0.36084391824351614], [0.575, 0.2742413778650722]]",6,5,5,full,3674,16285,6903,3749,3674,3749,1.0,0.65,0.65,8,98.0,7.917221444557316,75,0.020005334755934915,#e38996,0.8901961,0.5372549,0.5882353,66.82193246521936,35.698237141608416,8.679670684229324,67.13818740262957,35.280228737632314,8.983052432777207,4.1855806506741535,8.003906421461615,2.9780828067904146,4.78405165361552,1.421878290905831,13.665724022843733,36.7382745676111,LayerLoomPhotos100NCZ_5/centered_4x3_tif/DSC_4524ywm.tif,DSC_4524ywm.tif,DSC_4524,ywm,capture_number,4524,y,w,m,CMY+neutral,full__ywm__DSC_4524ywm,0.5884275907159202
4,ywm_full_004_mwmww,ywm,full,mymyy,mwmww,0.0,0.6,0.4,0.0,0.6,0.4,0.7,0.5196152422706631,#e19dcf,0.8823529411764707,0.615686274509804,0.8117647058823529,72.64680232968956,32.96201831167617,-15.363729047134388,"[[0.6166666666666667, 0.5099927377841692], [0.6666666666666667, 0.442635206378713], [0.7250000000000001, 0.47631397208144116], [0.6833333333333335, 0.5484827557301443]]",6,5,5,full,1433,8501,3631,1459,1433,1459,1.0,0.65,0.65,8,98.0,3.3054507481129516,26,0.01782042494859493,#e287b9,0.8862745,0.5294118,0.7254902,67.24809231250163,41.03645556703112,-11.270512881469429,67.35549324949896,41.107088882606284,-11.25524668700101,5.941697854403096,10.54025736968554,0.8567407105791436,2.1992547327335963,0.76383280772639,344.6425882948512,42.556023617301086,LayerLoomPhotos100NCZ_5/centered_4x3_tif/DSC_4524ywm.tif,DSC_4524ywm.tif,DSC_4524,ywm,capture_number,4524,y,w,m,CMY+neutral,full__ywm__DSC_4524ywm,0.5884275907159202
5,ywm_full_005_mww,ywm,full,myy,mww,0.0,0.6666666666666666,0.3333333333333333,0.0,0.6666666666666666,0.3333333333333333,0.6666666666666666,0.5773502691896257,#e4acd5,0.8954248366013072,0.6732026143790849,0.8366013071895425,76.52729876085148,27.315573015551596,-12.96576895779924,"[[0.5833333333333334, 0.5773502691896258], [0.5833333333333334, 0.5484827557301436], [0.5916666666666665, 0.52442649451391], [0.6166666666666667, 0.5099927377841692], [0.6833333333333335, 0.5484827557301444], [0.6458333333333334, 0.6134346610139774]]",6,5,5,full,1630,8891,3769,1663,1630,1663,1.0,0.65,0.65,8,98.0,1.846107743961752,33,0.01984365604329525,#e392bf,0.8901961,0.57254905,0.74705887,69.9013233815044,37.201062667841455,-10.2757233939063,69.93939131441279,37.02101216765704,-10.294888711759441,6.859817868040607,12.200934412128591,0.6336356609831597,1.3407543348496986,0.40556239193294874,344.5587171475707,38.59416477765441,LayerLoomPhotos100NCZ_5/centered_4x3_tif/DSC_4524ywm.tif,DSC_4524ywm.tif,DSC_4524,ywm,capture_number,4524,y,w,m,CMY+neutral,full__ywm__DSC_4524ywm,0.5884275907159202
6,ywm_full_006_ywmwmw,ywm,full,cymymy,ywmwmw,0.16666666666666666,0.5,0.3333333333333333,0.16666666666666666,0.5,0.3333333333333333,0.5833333333333333,0.4330127018922193,#e6a8ac,0.9019607843137255,0.6588235294117648,0.676470588235294,74.71689854021406,23.42980952319962,6.714317768821054,"[[0.6166666666666668, 0.5099927377841692], [0.5916666666666663, 0.5244264945139101], [0.5416666666666666, 0.47631397208144155], [0.5416666666666665, 0.3800889272165036], [0.6666666666666667, 0.40414518843273833], [0.6666666666666667, 0.44263520637871284]]",6,5,5,full,4479,17793,7558,4565,4479,4565,1.0,0.65,0.65,8,98.0,9.260504407851077,86,0.018838992332968235,#e5939a,0.8980392,0.5764706,0.6039216,69.25386513764208,31.6518626376906,9.120312775410166,69.65913058562589,31.225574804711403,9.651496762029378,5.645629001344105,10.160497199786029,4.26453319950563,7.289904808306966,2.21357844556005,16.074049779637903,32.9396495663895,LayerLoomPhotos100NCZ_5/centered_4x3_tif/DSC_4524ywm.tif,DSC_4524ywm.tif,DSC_4524,ywm,capture_number,4524,y,w,m,CMY+neutral,full__ywm__DSC_4524ywm,0.5884275907159202
7,ywm_full_007_mwww,ywm,full,myyy,mwww,0.0,0.75,0.25,0.0,0.75,0.25,0.625,0.649519052838329,#e9bedd,0.911764705882353,0.7450980392156863,0.8676470588235294,81.45728463311092,20.301394201731103,-9.84164735928399,"[[0.55, 0.6350852961085884], [0.5833333333333334, 0.5773502691896258], [0.6458333333333334, 0.6134346610139774], [0.6125, 0.6711696879329399]]",6,5,5,full,1016,6753,2902,1028,1016,1028,1.0,0.65,0.65,8,98.0,3.3343553851528913,12,0.011673151750972763,#e59ec5,0.8980392,0.61960787,0.77254903,72.95766198963386,32.12225910230082,-8.967860101359527,73.23207347932734,31.74874721693574,-8.971133240868614,8.439070257543593,14.585607160867188,0.7945129833384734,2.3205623106949735,0.8186444111615773,344.40138297980684,33.350592867787284,LayerLoomPhotos100NCZ_5/centered_4x3_tif/DSC_4524ywm.tif,DSC_4524ywm.tif,DSC_4524,ywm,capture_number,4524,y,w,m,CMY+neutral,full__ywm__DSC_4524ywm,0.5884275907159202
8,ywm_full_008_mwwww,ywm,full,myyyy,mwwww,0.0,0.8,0.2,0.0,0.8,0.2,0.6000000000000001,0.6928203230275509,#ebc9e2,0.9215686274509804,0.7882352941176471,0.8862745098039216,84.44652081221768,16.139205008811608,-7.917139240384108,"[[0.5166666666666657, 0.6639528095680706], [0.55, 0.6350852961085883], [0.6125, 0.6711696879329399], [0.5916666666666659, 0.7072540797572928]]",6,5,5,full,374,4652,1942,379,374,379,1.0,0.65,0.65,8,98.0,3.3936956668297813,5,0.013192612137203167,#e7adcb,0.90588236,0.6784314,0.79607844,76.69367280486951,25.957868293864593,-7.255131630041278,76.55076396776799,26.0680158198461,-7.353150942276725,7.8218921476086924,12.5280108160251,1.7707883871447134,2.8227806013942796,0.9506672750963554,344.38451166625543,26.95269673577852,LayerLoomPhotos100NCZ_5/centered_4x3_tif/DSC_4524ywm.tif,DSC_4524ywm.tif,DSC_4524,ywm,capture_number,4524,y,w,m,CMY+neutral,full__ywm__DSC_4524ywm,0.5884275907159202
9,ywm_full_009_mwwwww,ywm,full,myyyyy,mwwwww,0.0,0.8333333333333334,0.16666666666666666,0.0,0.8333333333333334,0.16666666666666666,0.5833333333333334,0.7216878364870322,#edd0e5,0.9281045751633988,0.8169934640522877,0.8986928104575164,86.44919773074623,13.389385915509756,-6.618244403656859,"[[0.5000000000000002, 0.7698003589195007], [0.5000000000000001, 0.6735753140545636], [0.5166666666666656, 0.6639528095680706], [0.5916666666666659, 0.7072540797572928], [0.5416666666666669, 0.7938566201357351]]",6,5,5,full,2067,10642,4424,2110,2067,2110,1.0,0.65,0.65,8,98.0,3.1952536534685714,43,0.02037914691943128,#e7b2ce,0.90588236,0.69803923,0.80784315,78.26989898796062,23.58960643667396,-6.532961286560335,78.03462675465138,23.814645263881694,-6.554413265608281,8.498016164608032,13.074888137730872,1.4584471241519805,2.690572526164834,0.8384064124216515,344.52033567307416,24.47752264852115,LayerLoomPhotos100NCZ_5/centered_4x3_tif/DSC_4524ywm.tif,DSC_4524ywm.tif,DSC_4524,ywm,capture_number,4524,y,w,m,CMY+neutral,full__ywm__DSC_4524ywm,0.5884275907159202
10,ywm_full_010_w,ywm,full,y,w,0.0,1.0,0.0,0.0,1.0,0.0,0.5,0.8660254037844386,#f5f5f5,0.9607843137254902,0.9607843137254902,0.9607843137254902,96.53749336548567,-1.616917905122861e-05,6.467671598286984e-06,"[[0.4583333333333333, 0.7938566201357353], [0.5000000000000002, 0.7698003589195007], [0.5416666666666667, 0.7938566201357351], [0.5, 0.8660254037844386]]",6,5,5,full,684,5650,2409,698,684,0,0.0,0.65,0.65,8,98.0,0.6063028104902567,14,0.02005730659025788,#f0ede9,0.9411765,0.92941177,0.9137255,93.87324612007338,0.30659022509627043,2.1671429551760824,93.86092657899769,0.235442570197071,2.1049054899467743,2.6426573046011375,3.4479996260398296,0.42751590706977133,0.5229503135160525,0.16136988034272087,81.9476836798932,2.188722493669288,LayerLoomPhotos100NCZ_5/centered_4x3_tif/DSC_4524ywm.tif,DSC_4524ywm.tif,DSC_4524,ywm,capture_number,4524,y,w,m,CMY+neutral,full__ywm__DSC_4524ywm,0.5884275907159202
11,ywm_full_011_ywmw,ywm,full,cymy,ywmw,0.25,0.5,0.25,0.25,0.5,0.25,0.5,0.4330127018922193,#ebb9a0,0.9215686274509804,0.723529411764706,0.6274509803921569,78.86363435065218,14.842267488189066,19.416490286283118,"[[0.5416666666666665, 0.47631397208144155], [0.4583333333333335, 0.47631397208144155], [0.4583333333333335, 0.3800889272165036], [0.475, 0.3608439182435162], [0.5249999999999999, 0.3608439182435162], [0.5416666666666665, 0.38008892721650367]]",6,5,5,full,3276,13084,5548,3340,3276,3340,1.0,0.65,0.65,8,98.0,4.318274797585164,64,0.019161676646706587,#ea9d90,0.91764706,0.6156863,0.5647059,71.92518306067184,27.04440567525773,18.709666380520805,71.84525257566479,27.044746333818683,18.768742881213484,9.491696724152945,14.054674762281277,2.3232869367095907,3.733354525780238,1.1262192399783049,34.675981473179434,32.885429819272595,LayerLoomPhotos100NCZ_5/centered_4x3_tif/DSC_4524ywm.tif,DSC_4524ywm.tif,DSC_4524,ywm,capture_number,4524,y,w,m,CMY+neutral,full__ywm__DSC_4524ywm,0.5884275907159202
12,ywm_full_012_ywmww,ywm,full,cymyy,ywmww,0.2,0.6,0.2,0.2,0.6,0.2,0.5,0.5196152422706631,#edc5b1,0.9294117647058824,0.7709803921568629,0.6941176470588235,82.3423619689081,11.453971170320376,15.211453440418833,"[[0.4083333333333336, 0.5244264945139103], [0.45833333333333354, 0.4763139720814415], [0.5416666666666665, 0.47631397208144144], [0.5916666666666665, 0.5244264945139102], [0.5833333333333335, 0.5484827557301435], [0.4166666666666665, 0.5484827557301435]]",6,5,5,full,3374,14918,6271,3441,3374,3441,1.0,0.65,0.65,8,98.0,5.941492620346631,67,0.01947108398721302,#eba89d,0.92156863,0.65882355,0.6156863,74.97492201321174,22.964242044876183,15.07810303053725,74.85217581778474,23.14658388951021,15.49741481245884,9.765199595533355,13.666868311294085,3.590119382312011,5.302258564755101,1.5197487849537672,33.288522091990444,27.471905716479803,LayerLoomPhotos100NCZ_5/centered_4x3_tif/DSC_4524ywm.tif,DSC_4524ywm.tif,DSC_4524,ywm,capture_number,4524,y,w,m,CMY+neutral,full__ywm__DSC_4524ywm,0.5884275907159202
13,ywm_full_013_ywmwww,ywm,full,cymyyy,ywmwww,0.16666666666666666,0.6666666666666666,0.16666666666666666,0.16666666666666666,0.6666666666666666,0.16666666666666666,0.5,0.5773502691896257,#eecdbc,0.9346405228758171,0.8026143790849675,0.738562091503268,84.68201724013068,9.318451422850982,12.507146019129545,"[[0.5499999999999997, 0.6350852961085888], [0.5166666666666663, 0.6639528095680701], [0.5000000000000001, 0.6735753140545636], [0.4833333333333337, 0.66395280956807], [0.44999999999999996, 0.6350852961085883], [0.4166666666666665, 0.5773502691896255], [0.41666666666666646, 0.5484827557301435], [0.5833333333333334, 0.5484827557301435], [0.5833333333333334, 0.5773502691896257]]",6,5,5,full,5224,20308,8636,5327,5224,5327,1.0,0.65,0.65,8,98.0,8.549744149254597,103,0.01933546085977098,#e8b0a5,0.9098039,0.6901961,0.64705884,76.7579272496423,18.97115585032999,13.264620318413979,76.5223270286688,19.235357272134024,13.76288219986877,9.321968840527987,12.511581524959482,4.208458333757773,6.966580137141973,2.08676077899568,34.96122175893106,23.1485400509231,LayerLoomPhotos100NCZ_5/centered_4x3_tif/DSC_4524ywm.tif,DSC_4524ywm.tif,DSC_4524,ywm,capture_number,4524,y,w,m,CMY+neutral,full__ywm__DSC_4524ywm,0.5884275907159202
14,ywm_full_014_ywwwww,ywm,full,cyyyyy,ywwwww,0.16666666666666666,0.8333333333333334,0.0,0.16666666666666666,0.8333333333333334,0.0,0.4166666666666667,0.7216878364870322,#f7f1cc,0.9673202614379086,0.94640522875817,0.8006535947712418,94.81899368176441,-4.184756006605506,18.619963569757193,"[[0.4583333333333333, 0.7938566201357353], [0.4083333333333336, 0.7072540797572919], [0.4833333333333335, 0.6639528095680699], [0.5000000000000002, 0.6735753140545637], [0.5000000000000002, 0.7698003589195006]]",6,5,5,full,2136,10589,4522,2176,2136,2176,1.0,0.65,0.65,8,98.0,2.7157878838593033,40,0.01838235294117647,#f5edae,0.9607843,0.92941177,0.68235296,92.9805920045412,-6.483318771695446,31.690918649753087,92.9567857017291,-6.618615973742006,31.976866275527968,6.2660665590837565,13.39824534090735,1.4889144000007102,2.3123052409948825,0.6673366088067721,101.5620143512042,32.34729891599431,LayerLoomPhotos100NCZ_5/centered_4x3_tif/DSC_4524ywm.tif,DSC_4524ywm.tif,DSC_4524,ywm,capture_number,4524,y,w,m,CMY+neutral,full__ywm__DSC_4524ywm,0.5884275907159202
15,ywm_full_015_ywwww,ywm,full,cyyyy,ywwww,0.2,0.8,0.0,0.2,0.8,0.0,0.4,0.6928203230275509,#f7f1c4,0.9686274509803923,0.943529411764706,0.7686274509803922,94.49799914190935,-4.872218839970466,22.370113365105905,"[[0.45000000000000007, 0.6350852961085884], [0.48333333333333367, 0.66395280956807], [0.40833333333333355, 0.7072540797572919], [0.38750000000000007, 0.6711696879329401]]",6,5,5,full,391,4648,1970,395,391,395,1.0,0.65,0.65,8,98.0,2.8257133928942078,4,0.010126582278481013,#f6eda5,0.9647059,0.92941177,0.64705884,92.97769140268299,-7.425602387485297,36.039907480506095,92.98140252826519,-7.3507712829465905,36.39357076077713,6.013026737328759,13.989080538766679,1.5551824435452235,2.38243965555309,0.7966753488390372,101.64220721187763,36.79693604120412,LayerLoomPhotos100NCZ_5/centered_4x3_tif/DSC_4524ywm.tif,DSC_4524ywm.tif,DSC_4524,ywm,capture_number,4524,y,w,m,CMY+neutral,full__ywm__DSC_4524ywm,0.5884275907159202
16,ywm_full_016_ywww,ywm,full,cyyy,ywww,0.25,0.75,0.0,0.25,0.75,0.0,0.375,0.649519052838329,#f8f0b8,0.9705882352941178,0.9392156862745099,0.7205882352941176,94.03074541756537,-5.8061779066262424,27.997281699796005,"[[0.41666666666666646, 0.5773502691896255], [0.45000000000000007, 0.6350852961085885], [0.3875000000000001, 0.6711696879329401], [0.3541666666666666, 0.6134346610139771]]",6,5,5,full,950,6796,2820,968,950,968,1.0,0.65,0.65,8,98.0,1.783664769176786,18,0.01859504132231405,#f7ed9b,0.96862745,0.92941177,0.60784316,92.89560702523569,-7.8288883400574605,40.6275575004452,92.85384979054461,-7.87694667404768,40.80973461276193,5.025518227021099,12.841486030351666,0.5579967317245218,1.1448325913898516,0.38601076164709014,100.90714432904628,41.37499149357095,LayerLoomPhotos100NCZ_5/centered_4x3_tif/DSC_4524ywm.tif,DSC_4524ywm.tif,DSC_4524,ywm,capture_number,4524,y,w,m,CMY+neutral,full__ywm__DSC_4524ywm,0.5884275907159202
17,ywm_full_017_yww,ywm,full,cyy,yww,0.3333333333333333,0.6666666666666666,0.0,0.3333333333333333,0.6666666666666666,0.0,0.3333333333333333,0.5773502691896257,#f8eea3,0.9738562091503269,0.9320261437908498,0.6405228758169935,93.28989762805435,-7.0985775864075285,37.34317724520992,"[[0.3833333333333331, 0.5099927377841694], [0.4083333333333336, 0.5244264945139103], [0.4166666666666664, 0.5484827557301433], [0.4166666666666664, 0.5773502691896256], [0.3541666666666665, 0.613434661013977], [0.3166666666666666, 0.5484827557301443]]",6,5,5,full,1638,8781,3794,1672,1638,1672,1.0,0.65,0.65,8,98.0,1.6815006971904405,34,0.02033492822966507,#f9eb86,0.9764706,0.92156863,0.5254902,92.26857290517832,-8.559773897814315,50.44707051766224,92.29286236533935,-8.488816123030647,50.29459200351595,4.459019981210093,13.22460652518054,0.37092231972111883,0.7902482492253515,0.29260300120843463,99.63013084479746,51.16812145267491,LayerLoomPhotos100NCZ_5/centered_4x3_tif/DSC_4524ywm.tif,DSC_4524ywm.tif,DSC_4524,ywm,capture_number,4524,y,w,m,CMY+neutral,full__ywm__DSC_4524ywm,0.5884275907159202
18,ywm_full_018_ywywmw,ywm,full,cycymy,ywywmw,0.3333333333333333,0.5,0.16666666666666666,0.3333333333333333,0.5,0.16666666666666666,0.41666666666666663,0.4330127018922193,#f0c994,0.9411764705882354,0.788235294117647,0.5784313725490197,83.13822724169293,6.613058535044624,31.892087252759758,"[[0.45833333333333354, 0.38008892721650345], [0.45833333333333354, 0.47631397208144144], [0.40833333333333355, 0.5244264945139103], [0.3833333333333331, 0.5099927377841694], [0.3333333333333333, 0.4426352063787134], [0.3333333333333333, 0.40414518843273783]]",6,5,5,full,4518,17745,7614,4602,4518,4602,1.0,0.65,0.65,8,98.0,8.172146640042888,84,0.018252933507170794,#efab8b,0.9372549,0.67058825,0.54509807,75.66503889908704,20.712403323231655,26.56836203776879,75.43198179395458,21.0371876521373,26.269468650807067,12.962075021344631,16.822072334435138,4.034383894261724,7.152390806793249,2.155621335009885,52.06041231981851,33.68800250525655,LayerLoomPhotos100NCZ_5/centered_4x3_tif/DSC_4524ywm.tif,DSC_4524ywm.tif,DSC_4524,ywm,capture_number,4524,y,w,m,CMY+neutral,full__ywm__DSC_4524ywm,0.5884275907159202
19,ywm_full_019_ywyww,ywm,full,cycyy,ywyww,0.4,0.6,0.0,0.4,0.6,0.0,0.3,0.5196152422706631,#f9ec93,0.9764705882352942,0.9262745098039217,0.5764705882352941,92.73114977667396,-7.8910818467205495,44.73620836974273,"[[0.3333333333333333, 0.44263520637871334], [0.383333333333333, 0.5099927377841693], [0.31666666666666654, 0.5484827557301443], [0.2750000000000001, 0.4763139720814414]]",6,5,5,full,1383,8539,3574,1410,1383,1410,1.0,0.65,0.65,8,98.0,2.194976208092816,27,0.019148936170212766,#faea80,0.98039216,0.91764706,0.5019608,92.0841912907783,-8.20649846525784,53.022107830233736,92.11822324476465,-8.16220246758882,52.8387091536756,2.666242212819312,8.317101225492394,0.6757285044349791,1.3056269983518274,0.44964626534304203,98.79814528141009,53.653429860738754,LayerLoomPhotos100NCZ_5/centered_4x3_tif/DSC_4524ywm.tif,DSC_4524ywm.tif,DSC_4524,ywm,capture_number,4524,y,w,m,CMY+neutral,full__ywm__DSC_4524ywm,0.5884275907159202
20,ywm_full_020_yw,ywm,full,cy,yw,0.5,0.5,0.0,0.5,0.5,0.0,0.25,0.4330127018922193,#faea7b,0.9803921568627452,0.9176470588235295,0.4803921568627451,91.9488240565362,-8.674881669843703,55.525164261720896,"[[0.2833333333333334, 0.3560326660002692], [0.3166666666666668, 0.3752776749732568], [0.3333333333333333, 0.40414518843273783], [0.3333333333333333, 0.44263520637871334], [0.27500000000000013, 0.47631397208144144], [0.225, 0.3897114317029974]]",6,5,5,full,2299,11260,4763,2342,2299,2342,1.0,0.65,0.65,8,98.0,0.825607080376094,43,0.018360375747224593,#fce96e,0.9882353,0.9137255,0.43137255,91.74036890172664,-8.515999497118788,61.41663082003721,91.78356157368628,-8.469309397195572,61.24328874011062,1.7106495132881487,5.897293896706859,0.34949100742086187,0.5971468982436887,0.16518931068269985,97.8942681782678,62.00423202265852,LayerLoomPhotos100NCZ_5/centered_4x3_tif/DSC_4524ywm.tif,DSC_4524ywm.tif,DSC_4524,ywm,capture_number,4524,y,w,m,CMY+neutral,full__ywm__DSC_4524ywm,0.5884275907159202
21,ywm_full_021_ymwyw,ywm,full,cmycy,ymwyw,0.4,0.4,0.2,0.4,0.4,0.2,0.4,0.34641016151377546,#efc080,0.9372549019607843,0.7537254901960784,0.5019607843137255,80.57150379719377,8.78716560424092,38.59751765540926,"[[0.4000000000000001, 0.2790526301083191], [0.42499999999999993, 0.27424137786507224], [0.475, 0.36084391824351614], [0.45833333333333337, 0.38008892721650356], [0.33333333333333326, 0.4041451884327379], [0.31666666666666676, 0.37527767497325687]]",6,5,5,full,3660,16253,6900,3735,3660,3735,1.0,0.65,0.65,8,98.0,6.274530683958694,75,0.020080321285140562,#eea480,0.93333334,0.6431373,0.5019608,73.75072848793545,23.490288333190446,29.656064440357422,73.20929974936263,23.800441318769746,29.29454587625694,13.703122811647964,18.510925946556565,2.5510832335873577,5.033720798422101,1.477005916157269,51.61758803914529,37.83220591066631,LayerLoomPhotos100NCZ_5/centered_4x3_tif/DSC_4524ywm.tif,DSC_4524ywm.tif,DSC_4524,ywm,capture_number,4524,y,w,m,CMY+neutral,full__ywm__DSC_4524ywm,0.5884275907159202
22,ywm_full_022_yywyw,ywm,full,ccycy,yywyw,0.6,0.4,0.0,0.6,0.4,0.0,0.2,0.34641016151377546,#fbe862,0.9843137254901961,0.9090196078431372,0.3843137254901961,91.2318656217574,-8.977733645519292,65.64806211629117,"[[0.24999999999999994, 0.27905263010831904], [0.2833333333333333, 0.35603266600026917], [0.22500000000000003, 0.3897114317029973], [0.18333333333333335, 0.3175426480542941]]",6,5,5,full,1416,8478,3580,1445,1416,1070,0.740484429065744,0.65,0.65,8,98.0,1.0469673803972763,29,0.020069204152249134,#fde765,0.99215686,0.90588236,0.39607844,91.26024941966442,-7.663014449687921,64.43114324692357,91.35176648137009,-7.6445924711074085,64.29809463803656,0.7701206360858072,1.791698562396599,0.43706208121742285,0.7408304098747631,0.22719411685525231,96.7825212469503,64.88523723129715,LayerLoomPhotos100NCZ_5/centered_4x3_tif/DSC_4524ywm.tif,DSC_4524ywm.tif,DSC_4524,ywm,capture_number,4524,y,w,m,CMY+neutral,full__ywm__DSC_4524ywm,0.5884275907159202
23,ywm_full_023_yyw,ywm,full,ccy,yyw,0.6666666666666666,0.3333333333333333,0.0,0.6666666666666666,0.3333333333333333,0.0,0.16666666666666666,0.28867513459481287,#fce652,0.9869281045751634,0.9032679738562092,0.32026143790849676,90.78894224505643,-8.920091259041696,71.78977329896013,"[[0.20833333333333337, 0.21650635094610968], [0.2333333333333333, 0.2309401076758503], [0.24999999999999997, 0.2501851166488378], [0.24999999999999997, 0.27905263010831904], [0.1833333333333333, 0.3175426480542941], [0.14583333333333334, 0.2525907427704613]]",6,5,5,full,1607,8907,3786,1640,1607,1457,0.8884146341463415,0.65,0.65,8,98.0,1.2615269193516054,33,0.020121951219512196,#fde65b,0.99215686,0.9019608,0.35686275,90.90282990735413,-7.752024746948916,68.23668413070708,90.92768163215904,-7.759568213931419,68.3291806268315,0.9810047427162505,3.7418969004842175,0.34039205321236216,0.5808716261682236,0.17477142896617875,96.48129648024468,68.67560665062376,LayerLoomPhotos100NCZ_5/centered_4x3_tif/DSC_4524ywm.tif,DSC_4524ywm.tif,DSC_4524,ywm,capture_number,4524,y,w,m,CMY+neutral,full__ywm__DSC_4524ywm,0.5884275907159202
24,ywm_full_024_ymywyw,ywm,full,cmcycy,ymywyw,0.5,0.3333333333333333,0.16666666666666666,0.5,0.3333333333333333,0.16666666666666666,0.3333333333333333,0.28867513459481287,#f2c56b,0.9477124183006537,0.7738562091503268,0.41830065359477125,81.81661253257404,5.343139766862459,50.80931131882256,"[[0.31666666666666676, 0.23094010767585027], [0.4000000000000001, 0.2790526301083191], [0.31666666666666676, 0.3752776749732568], [0.2833333333333334, 0.3560326660002692], [0.24999999999999994, 0.279052630108319], [0.24999999999999994, 0.2501851166488378]]",6,5,5,full,4247,17841,7563,4331,4247,4331,1.0,0.65,0.65,8,98.0,5.669664008316404,84,0.019395058877857307,#f0a975,0.9411765,0.6627451,0.45882353,75.04003067421164,21.11892446041974,36.76503460262972,74.3344940664492,21.8281171666214,36.723877343236786,14.772822434849475,22.181955568920408,2.548411709052089,4.887118327450951,1.4710696885623231,60.12566484137972,42.39901814544148,LayerLoomPhotos100NCZ_5/centered_4x3_tif/DSC_4524ywm.tif,DSC_4524ywm.tif,DSC_4524,ywm,capture_number,4524,y,w,m,CMY+neutral,full__ywm__DSC_4524ywm,0.5884275907159202
25,ywm_full_025_yyyw,ywm,full,cccy,yyyw,0.75,0.25,0.0,0.75,0.25,0.0,0.125,0.21650635094610965,#fde53d,0.9901960784313726,0.8960784313725491,0.24019607843137256,90.27287161929827,-8.570060983918548,78.45597358508658,"[[0.175, 0.15877132402714708], [0.20833333333333334, 0.21650635094610968], [0.14583333333333334, 0.2525907427704613], [0.11249999999999999, 0.1948557158514987]]",6,5,5,full,998,6722,2903,1019,998,22,0.021589793915603533,0.65,0.65,8,98.0,0.9958817814733406,21,0.020608439646712464,#ffe555,1.0,0.8980392,0.33333334,90.73244455442853,-6.93292109144733,70.44414343731866,90.74852189853452,-6.9569775824650035,70.39368074615321,1.939364683335366,8.19029038721509,0.400097334560692,0.7875772252525549,0.22476398263964542,95.6207938985977,70.7844809225706,LayerLoomPhotos100NCZ_5/centered_4x3_tif/DSC_4524ywm.tif,DSC_4524ywm.tif,DSC_4524,ywm,capture_number,4524,y,w,m,CMY+neutral,full__ywm__DSC_4524ywm,0.5884275907159202
26,ywm_full_026_yyyyw,ywm,full,ccccy,yyyyw,0.8,0.2,0.0,0.8,0.2,0.0,0.1,0.17320508075688773,#fde331,0.9921568627450981,0.891764705882353,0.19215686274509805,89.98225411565325,-8.220184501397831,81.75862448367222,"[[0.16666666666666669, 0.11547005383792511], [0.175, 0.15877132402714705], [0.11249999999999999, 0.19485571585149866], [0.09166666666666666, 0.15877132402714705]]",6,5,5,full,418,4669,1993,424,418,19,0.04481132075471698,0.65,0.65,8,98.0,1.910238901821132,6,0.014150943396226415,#ffe44d,1.0,0.89411765,0.3019608,90.43611400858035,-6.728279827760753,73.18789527379124,90.45478242675473,-6.701100596315152,72.48977754579948,1.9827672021495262,8.711438890719203,0.5659674864020089,1.3875924729147846,0.4302450698471716,95.25252840135545,73.4965153190822,LayerLoomPhotos100NCZ_5/centered_4x3_tif/DSC_4524ywm.tif,DSC_4524ywm.tif,DSC_4524,ywm,capture_number,4524,y,w,m,CMY+neutral,full__ywm__DSC_4524ywm,0.5884275907159202
27,ywm_full_027_yyyyyw,ywm,full,cccccy,yyyyyw,0.8333333333333334,0.16666666666666666,0.0,0.8333333333333334,0.16666666666666666,0.0,0.08333333333333333,0.14433756729740643,#fde329,0.9934640522875817,0.888888888888889,0.16013071895424838,89.79600350562815,-7.932313233573629,83.61742826961766,"[[0.16666666666666663, 0.0962250448649376], [0.16666666666666663, 0.11547005383792514], [0.09166666666666666, 0.15877132402714705], [0.041666666666666664, 0.07216878364870322], [0.08333333333333333, 0.048112522432468816]]",6,5,5,full,1902,10582,4441,1941,1902,44,0.02266872746007213,0.65,0.65,8,98.0,2.5615239010802178,39,0.02009273570324575,#ffe34c,1.0,0.8901961,0.29803923,90.30851041530522,-6.40141744494499,73.41461502353599,90.286020361273,-6.373088183305794,72.64697472743165,2.311800997756187,10.329748466566228,0.8034566868589588,1.7185335679625768,0.5491359594192872,94.98332500873028,73.6931736618694,LayerLoomPhotos100NCZ_5/centered_4x3_tif/DSC_4524ywm.tif,DSC_4524ywm.tif,DSC_4524,ywm,capture_number,4524,y,w,m,CMY+neutral,full__ywm__DSC_4524ywm,0.5884275907159202
28,ywm_full_028_y,ywm,full,c,y,1.0,0.0,0.0,1.0,0.0,0.0,0.0,0.0,#ffdf00,1.0,0.8745098039215686,0.0,88.94096720886532,-5.949434572648293,88.5567575521992,"[[0.08333333333333333, 0.048112522432468816], [0.041666666666666664, 0.07216878364870322], [0.0, 0.0], [0.08333333333333333, 0.0]]",6,5,5,full,836,5612,2392,853,836,0,0.0,0.65,0.65,8,98.0,1.0902326286618007,17,0.01992966002344666,#ffe23d,1.0,0.8862745,0.23921569,89.86122073760735,-6.399149397771364,78.23283465640263,89.8616504544923,-6.316846720493105,78.35014230700506,2.328716217499625,10.374608134259834,0.3824295103639399,0.7637860699901521,0.2404746416474391,94.67616735387759,78.49411144405056,LayerLoomPhotos100NCZ_5/centered_4x3_tif/DSC_4524ywm.tif,DSC_4524ywm.tif,DSC_4524,ywm,capture_number,4524,y,w,m,CMY+neutral,full__ywm__DSC_4524ywm,0.5884275907159202
29,ywm_full_029_ymyw,ywm,full,cmcy,ymyw,0.5,0.25,0.25,0.5,0.25,0.25,0.375,0.21650635094610965,#eeb363,0.9313725490196079,0.7019607843137255,0.3872549019607843,76.81856165626553,12.639135537449665,48.638868214784225,"[[0.44166666666666676, 0.20688384645961588], [0.45, 0.23094010767585005], [0.4249999999999999, 0.27424137786507224], [0.4, 0.2790526301083191], [0.31666666666666676, 0.23094010767585027], [0.3583333333333334, 0.1587713240271471]]",6,5,5,full,2814,12992,5604,2872,2814,2872,1.0,0.65,0.65,8,98.0,3.70629412372526,58,0.0201949860724234,#ec966f,0.9254902,0.5882353,0.43529412,70.04939170537705,28.272834171655102,33.69727277496976,70.10676581465971,28.262976444731468,33.499158062509466,15.49827238839822,22.66021776365472,1.8179785098423236,3.0753934497521027,0.8348429852263944,50.00252945745689,43.98703609665724,LayerLoomPhotos100NCZ_5/centered_4x3_tif/DSC_4524ywm.tif,DSC_4524ywm.tif,DSC_4524,ywm,capture_number,4524,y,w,m,CMY+neutral,full__ywm__DSC_4524ywm,0.5884275907159202
30,ywm_full_030_yymyw,ywm,full,ccmcy,yymyw,0.6,0.2,0.2,0.6,0.2,0.2,0.30000000000000004,0.17320508075688773,#f1bc4f,0.9450980392156862,0.7364705882352942,0.30980392156862746,79.12767560552467,8.209956995028577,60.46628918665136,"[[0.34166666666666673, 0.09141379262169073], [0.3583333333333334, 0.15877132402714716], [0.31666666666666676, 0.23094010767585027], [0.24999999999999997, 0.2501851166488378], [0.23333333333333336, 0.23094010767585035], [0.31666666666666665, 0.08660254037844387]]",6,5,5,full,3091,14975,6317,3154,3091,3154,1.0,0.65,0.65,8,98.0,7.302291491943394,63,0.019974635383639822,#eea06e,0.93333334,0.627451,0.43137255,72.63250784983475,24.098519996300915,37.4743301431566,72.35999283704231,24.313152546124773,37.281174969595746,16.850067873395915,28.692574284607065,2.828846194466911,4.8320109842535155,1.4688122772498784,57.256250480552694,44.55405801596988,LayerLoomPhotos100NCZ_5/centered_4x3_tif/DSC_4524ywm.tif,DSC_4524ywm.tif,DSC_4524,ywm,capture_number,4524,y,w,m,CMY+neutral,full__ywm__DSC_4524ywm,0.5884275907159202
31,ywm_full_031_yyymyw,ywm,full,cccmcy,yyymyw,0.6666666666666666,0.16666666666666666,0.16666666666666666,0.6666666666666666,0.16666666666666666,0.16666666666666666,0.25,0.14433756729740643,#f3c242,0.954248366013072,0.7594771241830065,0.2581699346405229,80.70800333669004,5.483603486911348,67.51601547081664,"[[0.22499999999999992, 0.07216878364870322], [0.29166666666666674, 0.0721687836487032], [0.3166666666666667, 0.08660254037844384], [0.23333333333333334, 0.2309401076758503], [0.20833333333333331, 0.21650635094610965], [0.175, 0.1587713240271471], [0.16666666666666666, 0.11547005383792512], [0.16666666666666666, 0.09622504486493762], [0.1833333333333334, 0.0866025403784438]]",6,5,5,full,5125,20379,8666,5226,5125,5226,1.0,0.65,0.65,8,98.0,7.072965194837926,101,0.01932644469957903,#f2a76c,0.9490196,0.654902,0.42352942,74.6327425771811,21.417991760531997,40.27053999190326,74.1994143417426,22.13780119972233,40.300938353256434,16.875089406353133,32.14233123192216,2.759129593473129,5.5347338300499045,1.6212755844288664,61.9936049934289,45.611914696641456,LayerLoomPhotos100NCZ_5/centered_4x3_tif/DSC_4524ywm.tif,DSC_4524ywm.tif,DSC_4524,ywm,capture_number,4524,y,w,m,CMY+neutral,full__ywm__DSC_4524ywm,0.5884275907159202
32,ywm_full_032_yyyyym,ywm,full,cccccm,yyyyym,0.8333333333333334,0.0,0.16666666666666666,0.8333333333333334,0.0,0.16666666666666666,0.16666666666666666,0.0,#f5be19,0.9607843137254902,0.7450980392156863,0.09803921568627451,79.79204921266052,6.88998560197307,78.60061215554556,"[[0.18333333333333338, 0.08660254037844385], [0.16666666666666669, 0.09622504486493762], [0.08333333333333334, 0.04811252243246881], [0.08333333333333333, 0.0], [0.18333333333333335, 0.0]]",6,5,5,full,2259,10587,4444,2305,2259,2305,1.0,0.65,0.65,8,98.0,8.03051647338626,46,0.019956616052060738,#f2a361,0.9490196,0.6392157,0.38039216,73.53054031922521,23.026973362269832,45.50509366161533,72.95374256869795,23.694686162450864,44.914545638417735,17.504470689020675,37.34865743210344,3.276592628566916,6.39055825870467,1.9216989732841752,63.15919028003145,50.99955932534189,LayerLoomPhotos100NCZ_5/centered_4x3_tif/DSC_4524ywm.tif,DSC_4524ywm.tif,DSC_4524,ywm,capture_number,4524,y,w,m,CMY+neutral,full__ywm__DSC_4524ywm,0.5884275907159202
33,ywm_full_033_yyyym,ywm,full,ccccm,yyyym,0.8,0.0,0.2,0.8,0.0,0.2,0.2,0.0,#f3b71e,0.9529411764705882,0.7192156862745098,0.11764705882352941,77.98402366630827,9.564777772315624,76.10333175007294,"[[0.225, 0.07216878364870322], [0.18333333333333338, 0.08660254037844384], [0.18333333333333335, 0.0], [0.22499999999999998, 0.0]]",6,5,5,full,694,4669,2024,709,694,709,1.0,0.65,0.65,8,98.0,6.891530071981319,15,0.021156558533145273,#ef9b63,0.9372549,0.60784316,0.3882353,71.33061656568503,26.041125083603067,42.22767434761112,71.10422568376698,26.285596880076046,41.704023886801394,18.897120342228742,38.25307845412914,3.2353182578081983,5.29210473388834,1.6612656025167836,58.33853533764858,49.61165867442606,LayerLoomPhotos100NCZ_5/centered_4x3_tif/DSC_4524ywm.tif,DSC_4524ywm.tif,DSC_4524,ywm,capture_number,4524,y,w,m,CMY+neutral,full__ywm__DSC_4524ywm,0.5884275907159202
34,ywm_full_034_yyym,ywm,full,cccm,yyym,0.75,0.0,0.25,0.75,0.0,0.25,0.25,0.0,#f0ae26,0.9411764705882353,0.6803921568627451,0.14705882352941177,75.29275943833024,13.646301897515034,71.93335971602419,"[[0.2916666666666667, 0.07216878364870322], [0.22499999999999998, 0.0721687836487032], [0.22499999999999998, 0.0], [0.29166666666666674, 0.0]]",6,5,5,full,1424,6758,2940,1452,1424,1452,1.0,0.65,0.65,8,98.0,4.491449776830233,28,0.01928374655647383,#ed9063,0.92941177,0.5647059,0.3882353,68.52943124960865,31.083695410758228,38.27409118003595,68.61150368131379,30.78373053201526,38.15115698635276,20.66338123364043,38.506514502117945,2.0678945415952388,3.619299985118928,1.0840421565738532,50.918770682165984,49.30620829111176,LayerLoomPhotos100NCZ_5/centered_4x3_tif/DSC_4524ywm.tif,DSC_4524ywm.tif,DSC_4524,ywm,capture_number,4524,y,w,m,CMY+neutral,full__ywm__DSC_4524ywm,0.5884275907159202
35,ywm_full_035_yym,ywm,full,ccm,yym,0.6666666666666666,0.0,0.3333333333333333,0.6666666666666666,0.0,0.3333333333333333,0.3333333333333333,0.0,#eb9d32,0.9215686274509803,0.615686274509804,0.19607843137254902,70.87834005274337,20.623964460334378,63.79337035503971,"[[0.3666666666666667, 0.07698003589195004], [0.3416666666666667, 0.0914137926216907], [0.31666666666666665, 0.08660254037844384], [0.2916666666666667, 0.07216878364870323], [0.2916666666666667, 0.0], [0.3666666666666667, 0.0]]",6,5,5,full,1961,8806,3805,2001,1961,2001,1.0,0.65,0.65,8,98.0,4.7010177973364815,40,0.01999000499750125,#e88567,0.9098039,0.52156866,0.40392157,65.76264674371595,35.285022097204575,33.207898423315996,65.86700404739678,35.0651084295097,32.87575687066863,19.571569902132087,34.30142886746727,1.5130922945163567,3.0214404539679727,0.9717829089541494,43.262974396387165,48.45407415371269,LayerLoomPhotos100NCZ_5/centered_4x3_tif/DSC_4524ywm.tif,DSC_4524ywm.tif,DSC_4524,ywm,capture_number,4524,y,w,m,CMY+neutral,full__ywm__DSC_4524ywm,0.5884275907159202
36,ywm_full_036_ymymyw,ywm,full,cmcmcy,ymymyw,0.5,0.16666666666666666,0.3333333333333333,0.5,0.16666666666666666,0.3333333333333333,0.41666666666666663,0.14433756729740643,#e9a15b,0.9150326797385621,0.6300653594771243,0.3562091503267974,71.89951689552842,20.079141032681157,46.64571658848538,"[[0.44999999999999996, 0.06735753140545633], [0.4833333333333334, 0.08660254037844393], [0.44166666666666676, 0.20688384645961588], [0.3583333333333334, 0.1587713240271471], [0.3416666666666667, 0.09141379262169072], [0.3666666666666667, 0.07698003589195006]]",6,5,5,full,4371,17814,7527,4458,4371,4458,1.0,0.65,0.65,8,98.0,6.441701035943375,87,0.019515477792732168,#e8876c,0.9098039,0.5294118,0.42352942,66.04554724543289,34.09390962502145,30.469492058309868,66.79401132092018,33.22009116000267,30.443707746509755,15.068771623668223,22.18902745529284,2.639349803726141,5.541101626110071,1.6508785084365913,41.78693978449314,45.72509835758189,LayerLoomPhotos100NCZ_5/centered_4x3_tif/DSC_4524ywm.tif,DSC_4524ywm.tif,DSC_4524,ywm,capture_number,4524,y,w,m,CMY+neutral,full__ywm__DSC_4524ywm,0.5884275907159202
37,ywm_full_037_yymym,ywm,full,ccmcm,yymym,0.6,0.0,0.4,0.6,0.0,0.4,0.4,0.0,#e7903c,0.9058823529411765,0.563921568627451,0.23529411764705882,67.4309478758879,26.342851808801193,56.233812465552,"[[0.44999999999999996, 0.06735753140545633], [0.3666666666666667, 0.07698003589195006], [0.3666666666666667, 0.0], [0.44999999999999996, 0.0]]",6,5,5,full,1793,8378,3552,1829,1793,1829,1.0,0.65,0.65,8,98.0,4.923028942884619,36,0.019682886823400764,#e67e67,0.9019608,0.49411765,0.40392157,63.890179545751835,38.048411101598454,30.597284603522645,63.90181898926999,38.002950163732,30.56714185229899,16.877836088277515,28.404026467131278,1.8658295944003962,3.6336042946379097,1.1063286643071415,38.80510012525292,48.824946620198205,LayerLoomPhotos100NCZ_5/centered_4x3_tif/DSC_4524ywm.tif,DSC_4524ywm.tif,DSC_4524,ywm,capture_number,4524,y,w,m,CMY+neutral,full__ywm__DSC_4524ywm,0.5884275907159202
38,ywm_full_038_ym,ywm,full,cm,ym,0.5,0.0,0.5,0.5,0.0,0.5,0.5,0.0,#e17c4b,0.8823529411764706,0.48627450980392156,0.29411764705882354,62.45289702748056,35.06929839281481,43.41945673452145,"[[0.55, 0.06735753140545635], [0.5166666666666666, 0.08660254037844395], [0.4833333333333334, 0.08660254037844395], [0.44999999999999996, 0.06735753140545636], [0.44999999999999996, 0.0], [0.55, 0.0]]",6,5,5,full,2675,11314,4811,2730,2675,2730,1.0,0.65,0.65,8,98.0,2.8578018851134024,55,0.020146520146520148,#e37265,0.8901961,0.44705883,0.39607844,60.92881678568486,42.53554582248681,27.535336327246252,60.977847404955,42.58976642521003,27.4538491015443,10.96874959970453,17.617404813914337,1.1248475839901593,2.2208933948273653,0.6210577001848472,32.91695421092794,50.67018260349416,LayerLoomPhotos100NCZ_5/centered_4x3_tif/DSC_4524ywm.tif,DSC_4524ywm.tif,DSC_4524,ywm,capture_number,4524,y,w,m,CMY+neutral,full__ywm__DSC_4524ywm,0.5884275907159202
39,ywm_full_039_ymymw,ywm,full,cmcmy,ymymw,0.4,0.2,0.4,0.4,0.2,0.4,0.5,0.17320508075688773,#e5946d,0.8980392156862745,0.5811764705882354,0.42745098039215684,68.75753721286681,26.36671185559297,33.23092173353308,"[[0.5166666666666666, 0.08660254037844392], [0.5583333333333332, 0.20688384645961583], [0.5499999999999999, 0.23094010767585013], [0.45000000000000007, 0.23094010767585016], [0.44166666666666676, 0.20688384645961586], [0.4833333333333334, 0.08660254037844392]]",6,5,5,full,3905,16367,6903,3985,3905,3985,1.0,0.65,0.65,8,98.0,5.715827201924453,80,0.020075282308657464,#e48174,0.89411765,0.5058824,0.45490196,64.51201518307465,36.59500987075348,23.178949429522056,65.07493877804346,36.060985362626646,22.956144738659944,10.475224777690599,14.956091895712316,2.415683046693426,4.316344556202268,1.151704312231592,32.349801084444096,43.3181075775118,LayerLoomPhotos100NCZ_5/centered_4x3_tif/DSC_4524ywm.tif,DSC_4524ywm.tif,DSC_4524,ywm,capture_number,4524,y,w,m,CMY+neutral,full__ywm__DSC_4524ywm,0.5884275907159202
40,ywm_full_040_ymymm,ywm,full,cmcmm,ymymm,0.4,0.0,0.6,0.4,0.0,0.6,0.6,0.0,#db685a,0.8588235294117647,0.4086274509803922,0.3529411764705882,57.792720015896336,43.79980661784777,29.401577379574974,"[[0.6333333333333333, 0.07698003589195006], [0.55, 0.06735753140545635], [0.55, 0.0], [0.6333333333333334, 0.0]]",6,5,5,full,1815,8418,3578,1853,1815,1853,1.0,0.65,0.65,8,98.0,5.140982385275996,38,0.02050728548300054,#e06c70,0.8784314,0.42352942,0.4392157,59.74178370349911,45.398063524510476,19.039039076480723,59.63294220711031,45.70741979244177,19.374830775968032,6.3776398658676605,10.664683515281746,2.3131018404899493,4.506532451627146,1.3373873678322745,22.752201496663247,49.228743440506875,LayerLoomPhotos100NCZ_5/centered_4x3_tif/DSC_4524ywm.tif,DSC_4524ywm.tif,DSC_4524,ywm,capture_number,4524,y,w,m,CMY+neutral,full__ywm__DSC_4524ywm,0.5884275907159202
41,ywm_full_041_ymm,ywm,full,cmm,ymm,0.3333333333333333,0.0,0.6666666666666666,0.3333333333333333,0.0,0.6666666666666666,0.6666666666666666,0.0,#d75b64,0.8431372549019608,0.3568627450980392,0.39215686274509803,54.92109472478978,49.47976671792647,19.744343642877826,"[[0.7083333333333331, 0.07216878364870336], [0.6833333333333338, 0.08660254037844362], [0.6583333333333332, 0.09141379262169061], [0.6333333333333334, 0.07698003589195007], [0.6333333333333334, 0.0], [0.7083333333333333, 0.0]]",6,5,5,full,1889,8872,3711,1928,1889,1928,1.0,0.65,0.65,8,98.0,5.47905191565334,39,0.020228215767634856,#de6675,0.87058824,0.4,0.45882353,58.39794431496573,47.96391753016416,14.577378280734688,58.437820454951236,47.83642675415032,14.960174882395561,4.175363950074986,6.409665583034209,1.8375239900295075,3.3177968093087604,1.0485067062048166,16.90527754430434,50.130203893262035,LayerLoomPhotos100NCZ_5/centered_4x3_tif/DSC_4524ywm.tif,DSC_4524ywm.tif,DSC_4524,ywm,capture_number,4524,y,w,m,CMY+neutral,full__ywm__DSC_4524ywm,0.5884275907159202
42,ywm_full_042_ymymwm,ywm,full,cmcmym,ymymwm,0.3333333333333333,0.16666666666666666,0.5,0.3333333333333333,0.16666666666666666,0.5,0.5833333333333334,0.14433756729740643,#df8074,0.8758169934640523,0.5006535947712419,0.4542483660130719,63.63399176705278,35.62928812590249,22.604447530871454,"[[0.6583333333333332, 0.09141379262169057], [0.6416666666666665, 0.15877132402714716], [0.5583333333333332, 0.20688384645961586], [0.5166666666666666, 0.0866025403784439], [0.55, 0.06735753140545633], [0.6333333333333334, 0.07698003589195007]]",6,5,5,full,4447,17733,7618,4532,4447,4532,1.0,0.65,0.65,8,98.0,7.244003658707703,85,0.01875551632833186,#e27776,0.8862745,0.46666667,0.4627451,62.22218257425634,41.6349429923481,18.428743422339355,62.26043743060905,41.570535912182315,17.717073072066444,4.51440145710403,7.449671158765212,3.5916128743709868,6.071037139352764,1.691420607022621,23.875467380609848,45.53116583289398,LayerLoomPhotos100NCZ_5/centered_4x3_tif/DSC_4524ywm.tif,DSC_4524ywm.tif,DSC_4524,ywm,capture_number,4524,y,w,m,CMY+neutral,full__ywm__DSC_4524ywm,0.5884275907159202
43,ywm_full_043_ymmm,ywm,full,cmmm,ymmm,0.25,0.0,0.75,0.25,0.0,0.75,0.75,0.0,#d24b71,0.8235294117647058,0.29215686274509806,0.4411764705882353,51.668565525830644,56.21727015606698,7.685778968975887,"[[0.7750000000000006, 0.07216878364870336], [0.7083333333333333, 0.07216878364870336], [0.7083333333333331, 0.0], [0.7750000000000006, 0.0]]",6,5,5,full,1423,6758,2940,1452,1423,1452,1.0,0.65,0.65,8,98.0,6.704718643070419,29,0.01997245179063361,#dc637b,0.8627451,0.3882353,0.48235294,57.40099648586171,49.266196775809625,11.119909214718572,57.698026028605966,49.38897314280363,10.57078488649823,6.247383302522594,9.642169693278056,2.7901226403584456,4.249136952856521,1.336540263979417,12.719137184275269,50.50554945445478,LayerLoomPhotos100NCZ_5/centered_4x3_tif/DSC_4524ywm.tif,DSC_4524ywm.tif,DSC_4524,ywm,capture_number,4524,y,w,m,CMY+neutral,full__ywm__DSC_4524ywm,0.5884275907159202
44,ywm_full_044_ymmmm,ywm,full,cmmmm,ymmmm,0.2,0.0,0.8,0.2,0.0,0.8,0.8,0.0,#cf4178,0.8117647058823529,0.25333333333333335,0.47058823529411764,49.9300161110031,59.96278169082675,0.597488729997786,"[[0.8166666666666662, 0.08660254037844367], [0.7750000000000006, 0.07216878364870337], [0.7750000000000006, 0.0], [0.8166666666666663, 0.0]]",6,5,5,full,684,4720,2014,698,684,698,1.0,0.65,0.65,8,98.0,8.400685061318919,14,0.02005730659025788,#db5c85,0.85882354,0.36078432,0.52156866,56.46313859920875,52.730090550521936,2.643994980479003,56.86818036357802,52.28359497226347,3.785262289721887,6.758034602380299,9.959000874093789,2.659773963035272,5.567857042537949,1.9402006944558507,2.870523893228494,52.79633660513805,LayerLoomPhotos100NCZ_5/centered_4x3_tif/DSC_4524ywm.tif,DSC_4524ywm.tif,DSC_4524,ywm,capture_number,4524,y,w,m,CMY+neutral,full__ywm__DSC_4524ywm,0.5884275907159202
45,ywm_full_045_ymmmmm,ywm,full,cmmmmm,ymmmmm,0.16666666666666666,0.0,0.8333333333333334,0.16666666666666666,0.0,0.8333333333333334,0.8333333333333334,0.0,#cd3a7d,0.8039215686274509,0.22745098039215692,0.4901960784313726,48.87116714116331,62.29780497489007,-4.023754337227636,"[[0.8333333333333333, 0.0962250448649377], [0.8166666666666662, 0.0866025403784437], [0.8166666666666663, 0.0], [0.9166666666666666, 0.0], [0.9166666666666666, 0.048112522432468836]]",6,5,5,full,2326,10623,4524,2374,2326,2374,1.0,0.65,0.65,8,98.0,10.018637509244856,48,0.020219039595619208,#db5a88,0.85882354,0.3529412,0.53333336,56.28697095952157,54.86300468366362,-0.23401604706412282,56.64760704098944,53.364821121893314,2.0585072361114856,7.735973122047135,11.16389349423978,2.6520428096356934,7.912828999842335,2.5353170680551096,359.7556085271537,54.863503774640385,LayerLoomPhotos100NCZ_5/centered_4x3_tif/DSC_4524ywm.tif,DSC_4524ywm.tif,DSC_4524,ywm,capture_number,4524,y,w,m,CMY+neutral,full__ywm__DSC_4524ywm,0.5884275907159202
46,ywm_full_046_m,ywm,full,m,m,0.0,0.0,1.0,0.0,0.0,1.0,1.0,0.0,#c31996,0.7647058823529411,0.09803921568627451,0.5882352941176471,44.94517938493525,71.41561872915153,-25.286338363609783,"[[0.9166666666666667, 0.048112522432468885], [0.9166666666666667, 0.0], [1.0, 0.0], [0.9583333333333334, 0.07216878364870329]]",6,5,5,full,831,5724,2376,845,831,845,1.0,0.65,0.65,8,98.0,1.2539281782943463,14,0.016568047337278107,#d94d9c,0.8509804,0.3019608,0.6117647,54.515519461053216,62.3088913291836,-14.142687887839301,54.52649978153242,62.26639192311746,-14.159731056800632,10.501012271916586,17.283079558805948,0.4254856796617173,0.8568758939339777,0.2786029719551786,347.21184434563935,63.893767766229345,LayerLoomPhotos100NCZ_5/centered_4x3_tif/DSC_4524ywm.tif,DSC_4524ywm.tif,DSC_4524,ywm,capture_number,4524,y,w,m,CMY+neutral,full__ywm__DSC_4524ywm,0.5884275907159202
47,ywm_full_047_ymwm,ywm,full,cmym,ymwm,0.25,0.25,0.5,0.25,0.25,0.5,0.625,0.21650635094610965,#df8288,0.8725490196078431,0.5078431372549019,0.5343137254901961,64.34638931231821,36.494890559030324,12.032756496662532,"[[0.6833333333333332, 0.23094010767585077], [0.6000000000000006, 0.27905263010831916], [0.575, 0.2742413778650722], [0.5499999999999999, 0.23094010767585016], [0.5583333333333332, 0.20688384645961583], [0.6416666666666664, 0.1587713240271472]]",6,5,5,full,2759,13064,5541,2815,2759,2815,1.0,0.65,0.65,8,98.0,4.9713710540782685,56,0.01989342806394316,#e17b86,0.88235295,0.48235294,0.5254902,63.211096210657615,40.65416681552686,11.290613524124083,63.238581421523705,40.791512363724955,11.698152897510512,2.0285709209858767,4.374842351013593,2.53365661637837,3.892098497257801,1.18026856106252,15.521218641083408,42.192881309716434,LayerLoomPhotos100NCZ_5/centered_4x3_tif/DSC_4524ywm.tif,DSC_4524ywm.tif,DSC_4524,ywm,capture_number,4524,y,w,m,CMY+neutral,full__ywm__DSC_4524ywm,0.5884275907159202
48,ywm_full_048_ymmwm,ywm,full,cmmym,ymmwm,0.2,0.2,0.6,0.2,0.2,0.6,0.7,0.17320508075688773,#d96d8b,0.8509803921568627,0.4258823529411765,0.5450980392156863,59.40833386466508,45.56558014878331,3.309554275268134,"[[0.766666666666667, 0.23094010767584996], [0.7499999999999998, 0.25018511664883825], [0.6833333333333333, 0.23094010767585071], [0.6416666666666665, 0.15877132402714722], [0.6583333333333332, 0.0914137926216906], [0.6833333333333339, 0.08660254037844359]]",6,5,5,full,3142,14887,6406,3206,3142,3206,1.0,0.65,0.65,8,98.0,6.198691482487904,64,0.019962570180910792,#df7587,0.8745098,0.45882353,0.5294118,61.86059900538133,43.526215090577246,7.0218526255147795,61.436687569193246,44.035913970067114,7.477679939355921,3.086784901787902,4.894259208730968,3.365308894326973,4.86544300417448,1.2126057268436594,9.16426553570409,44.08897610974475,LayerLoomPhotos100NCZ_5/centered_4x3_tif/DSC_4524ywm.tif,DSC_4524ywm.tif,DSC_4524,ywm,capture_number,4524,y,w,m,CMY+neutral,full__ywm__DSC_4524ywm,0.5884275907159202
49,ywm_full_049_ymmmwm,ywm,full,cmmmym,ymmmwm,0.16666666666666666,0.16666666666666666,0.6666666666666666,0.16666666666666666,0.16666666666666666,0.6666666666666666,0.75,0.14433756729740643,#d55f8d,0.8366013071895425,0.3712418300653595,0.5522875816993464,56.32959246328632,51.322170003023025,-2.3125444966273667,"[[0.8250000000000003, 0.1587713240271464], [0.7916666666666666, 0.21650635094610957], [0.7666666666666672, 0.2309401076758499], [0.6833333333333339, 0.08660254037844357], [0.7083333333333331, 0.07216878364870336], [0.7750000000000006, 0.07216878364870336], [0.8166666666666662, 0.08660254037844367], [0.8333333333333333, 0.09622504486493769], [0.8333333333333333, 0.11547005383792629]]",6,5,5,full,5151,20483,8704,5256,5151,5256,1.0,0.65,0.65,8,98.0,7.621621843268937,105,0.01997716894977169,#dc6b89,0.8627451,0.41960785,0.5372549,59.373837457648065,46.89168074833538,3.0803266263130125,59.97637869245785,46.81222139724249,4.176349821119334,4.135190274367266,7.614441645337067,3.9950202169361635,6.305061039982958,1.8380395250711192,3.7583747109175647,46.992745562784265,LayerLoomPhotos100NCZ_5/centered_4x3_tif/DSC_4524ywm.tif,DSC_4524ywm.tif,DSC_4524,ywm,capture_number,4524,y,w,m,CMY+neutral,full__ywm__DSC_4524ywm,0.5884275907159202
50,ywm_full_050_mmmmmw,ywm,full,mmmmmy,mmmmmw,0.0,0.16666666666666666,0.8333333333333334,0.0,0.16666666666666666,0.8333333333333334,0.9166666666666667,0.14433756729740643,#cb3ea6,0.7973856209150326,0.24183006535947713,0.6503267973856209,50.57319809406232,65.50372545754225,-25.886767574499746,"[[0.8333333333333334, 0.11547005383792527], [0.8333333333333334, 0.09622504486493769], [0.9166666666666666, 0.0481125224324689], [0.9583333333333333, 0.07216878364870329], [0.9083333333333332, 0.15877132402714716]]",6,5,5,full,1924,10592,4466,1963,1924,1963,1.0,0.65,0.65,8,98.0,7.954507334222388,39,0.019867549668874173,#da57a2,0.85490197,0.34117648,0.63529414,56.43007043909272,58.76219781393244,-14.157325608745808,57.450020749427914,56.85861984629141,-13.814385793100923,7.274424645285538,14.742149011033861,1.780793451558828,6.544390282438258,2.053414990324064,346.45412539246865,60.44357501269904,LayerLoomPhotos100NCZ_5/centered_4x3_tif/DSC_4524ywm.tif,DSC_4524ywm.tif,DSC_4524,ywm,capture_number,4524,y,w,m,CMY+neutral,full__ywm__DSC_4524ywm,0.5884275907159202
51,ywm_full_051_mmmmw,ywm,full,mmmmy,mmmmw,0.0,0.2,0.8,0.0,0.2,0.8,0.9,0.17320508075688773,#cd45a9,0.803921568627451,0.2705882352941177,0.6627450980392158,51.953608615570644,63.65101284368174,-25.59135202774929,"[[0.8250000000000001, 0.15877132402714667], [0.8333333333333333, 0.11547005383792514], [0.9083333333333332, 0.15877132402714725], [0.8875000000000002, 0.19485571585149836]]",6,5,5,full,428,4633,2001,437,428,437,1.0,0.65,0.65,8,98.0,6.141014581754325,9,0.020594965675057208,#da5da5,0.85490197,0.3647059,0.64705884,57.496521761150305,56.65434594062754,-14.108958341498923,58.144114086525896,55.78820682730682,-13.87019608287361,6.959888874891742,14.543816509354626,1.9488416142649743,5.035518210131974,1.5888077878123592,346.01576515210616,58.384737898208066,LayerLoomPhotos100NCZ_5/centered_4x3_tif/DSC_4524ywm.tif,DSC_4524ywm.tif,DSC_4524,ywm,capture_number,4524,y,w,m,CMY+neutral,full__ywm__DSC_4524ywm,0.5884275907159202
52,ywm_full_052_mmmw,ywm,full,mmmy,mmmw,0.0,0.25,0.75,0.0,0.25,0.75,0.875,0.21650635094610965,#d050ae,0.8137254901960784,0.3137254901960784,0.6813725490196079,54.15857735374166,60.54786040441418,-24.929775923569018,"[[0.7916666666666665, 0.21650635094610965], [0.8250000000000001, 0.1587713240271467], [0.8875000000000002, 0.19485571585149844], [0.8541666666666666, 0.2525907427704614]]",6,5,5,full,981,6753,2858,1000,981,1000,1.0,0.65,0.65,8,98.0,5.8063737564294975,19,0.019,#db65a7,0.85882354,0.39607844,0.654902,59.15728709969538,53.95037789939838,-13.585672719560415,59.12424363885463,54.070659308732495,-13.511353770242094,6.518933578155889,14.04288261118352,2.268385239754143,3.701773272261442,1.2215582882445513,345.8657656347752,55.63464548939718,LayerLoomPhotos100NCZ_5/centered_4x3_tif/DSC_4524ywm.tif,DSC_4524ywm.tif,DSC_4524,ywm,capture_number,4524,y,w,m,CMY+neutral,full__ywm__DSC_4524ywm,0.5884275907159202
53,ywm_full_053_mmw,ywm,full,mmy,mmw,0.0,0.3333333333333333,0.6666666666666666,0.0,0.3333333333333333,0.6666666666666666,0.8333333333333333,0.28867513459481287,#d462b6,0.8300653594771242,0.38562091503267976,0.7124183006535948,58.14329845405503,54.68572752693207,-23.324711403659727,"[[0.7499999999999999, 0.2790526301083193], [0.7499999999999999, 0.25018511664883825], [0.7666666666666673, 0.23094010767584988], [0.7916666666666665, 0.2165063509461097], [0.8541666666666666, 0.25259074277046145], [0.8166666666666667, 0.3175426480542943]]",6,5,5,full,1565,8845,3704,1588,1565,1588,1.0,0.65,0.65,8,98.0,3.118938018651203,23,0.014483627204030227,#dd6aaa,0.8666667,0.41568628,0.6666667,60.41457108360311,52.158026496664625,-13.292085012487597,60.47582798833074,52.12421314372301,-13.304466178175764,4.6827704660618545,10.592523030939931,1.4315358306128816,2.606919523103117,0.8248380409535233,345.7029183493409,53.825080139336215,LayerLoomPhotos100NCZ_5/centered_4x3_tif/DSC_4524ywm.tif,DSC_4524ywm.tif,DSC_4524,ywm,capture_number,4524,y,w,m,CMY+neutral,full__ywm__DSC_4524ywm,0.5884275907159202
54,ywm_full_054_ymwmwm,ywm,full,cmymym,ymwmwm,0.16666666666666666,0.3333333333333333,0.5,0.16666666666666666,0.3333333333333333,0.5,0.6666666666666666,0.28867513459481287,#de839d,0.869281045751634,0.5150326797385621,0.6143790849673203,65.1412665628241,37.75107249982362,1.578280486465089,"[[0.7499999999999998, 0.2790526301083193], [0.7166666666666667, 0.35603266600026906], [0.6833333333333338, 0.3752776749732563], [0.6000000000000006, 0.27905263010831927], [0.6833333333333333, 0.23094010767585077], [0.7499999999999998, 0.2501851166488382]]",6,5,5,full,4274,17807,7584,4362,4274,4362,1.0,0.65,0.65,8,98.0,7.186503789208386,88,0.020174232003668042,#e07d97,0.8784314,0.49019608,0.5921569,63.86150472597231,41.43127933905366,3.6116134922798304,63.84823595762577,41.28973710387982,4.815272961049846,2.0091877874808373,4.395014886335816,2.7409196254547035,5.878559655659704,1.6559999466643438,4.981947191091024,41.58839573352538,LayerLoomPhotos100NCZ_5/centered_4x3_tif/DSC_4524ywm.tif,DSC_4524ywm.tif,DSC_4524,ywm,capture_number,4524,y,w,m,CMY+neutral,full__ywm__DSC_4524ywm,0.5884275907159202
55,ywm_full_055_mmwmw,ywm,full,mmymy,mmwmw,0.0,0.4,0.6,0.0,0.4,0.6,0.8,0.34641016151377546,#d771bc,0.8431372549019608,0.4431372549019608,0.7372549019607844,61.560125053185786,49.546375899836406,-21.67040790287964,"[[0.7166666666666666, 0.356032666000269], [0.7499999999999999, 0.2790526301083194], [0.8166666666666665, 0.3175426480542942], [0.775, 0.38971143170299727]]",6,5,5,full,1462,8449,3630,1490,1462,1490,1.0,0.65,0.65,8,98.0,3.9088511624172524,28,0.01879194630872483,#de73ae,0.87058824,0.4509804,0.68235296,62.323267691869745,48.63440723721346,-12.685234081875517,62.16223903761383,49.259653866789215,-12.780932397407701,4.079810971215133,9.063521507793844,1.2811727999018612,3.102755199529745,1.0357207000627031,345.3813349434303,50.26152336556361,LayerLoomPhotos100NCZ_5/centered_4x3_tif/DSC_4524ywm.tif,DSC_4524ywm.tif,DSC_4524,ywm,capture_number,4524,y,w,m,CMY+neutral,full__ywm__DSC_4524ywm,0.5884275907159202
