region_index,label,corner_label,condition,local_stack_token,stack_token,f_bottom_left,f_top,f_bottom_right,f_y,f_n,f_m,site_x,site_y,expected_hex,expected_R,expected_G,expected_B,expected_L,expected_a,expected_b,polygon_xy,max_height,max_run,distinct_lte,preset,sample_pixels,raw_region_pixels,core_region_pixels,candidate_mask_pixels,sample_mask_pixels,old_color_mask_pixels,old_color_mask_fraction,sample_core_fraction_requested,sample_core_fraction_used,erosion_px_used,lab_trim_percentile,lab_trim_cutoff_deltaE00,lab_trimmed_pixels,lab_trimmed_fraction,measured_hex,measured_R,measured_G,measured_B,measured_L,measured_a,measured_b,measured_L_mean,measured_a_mean,measured_b_mean,deltaE00_to_expected,deltaE76_to_expected,within_region_deltaE00_median,within_region_deltaE00_p90,within_region_deltaE00_sd,hue_angle_degrees,measured_chroma,source_path,filename,photo_id,filename_label,condition_source,capture_number,bottom_left_anchor,top_anchor,bottom_right_anchor,palette_family,analysis_id,analysis_scale
1,ynm_full_001_mn,ynm,full,my,mn,0.0,0.5,0.5,0.0,0.5,0.5,0.75,0.4330127018922193,#a65494,0.6529411764705881,0.32941176470588235,0.580392156862745,47.805157734402606,42.521479006203236,-20.047639669346818,"[[0.6666666666666666, 0.44263520637871306], [0.6666666666666666, 0.4041451884327384], [0.6833333333333337, 0.3752776749732563], [0.7166666666666667, 0.356032666000269], [0.7750000000000001, 0.38971143170299727], [0.7250000000000001, 0.47631397208144116]]",6,5,5,full,1833,9557,4058,1871,1833,1871,1.0,0.65,0.65,8,98.0,2.8265365031122966,38,0.020309994655264563,#976e88,0.5921569,0.43137255,0.53333336,51.16846820927648,20.968263295806256,-8.223902915027793,51.18813877172799,20.84108708347992,-8.22440593501323,10.25658305594916,24.812370214164027,1.1983689208269073,2.182062372698378,0.623388540731076,338.58453305711475,22.523335561103256,LayerLoomPhotos100NCZ_5/centered_4x3_tif/DSC_4541ynm.tif,DSC_4541ynm.tif,DSC_4541,ynm,capture_number,4541,y,n,m,CMY+neutral,full__ynm__DSC_4541ynm,0.5408653846153846
2,ynm_full_002_ymn,ynm,full,cmy,ymn,0.3333333333333333,0.3333333333333333,0.3333333333333333,0.3333333333333333,0.3333333333333333,0.3333333333333333,0.5,0.28867513459481287,#c48263,0.7686274509803921,0.5111111111111111,0.38692810457516336,60.50437490902212,21.767943245449896,27.4390464821632,"[[0.55, 0.23094010767585016], [0.5750000000000001, 0.2742413778650722], [0.525, 0.3608439182435162], [0.475, 0.3608439182435162], [0.42499999999999993, 0.27424137786507224], [0.45, 0.23094010767585016]]",6,5,5,full,4201,16618,7155,4287,4201,4287,1.0,0.65,0.65,8,98.0,8.805223104734706,86,0.02006064847212503,#a7846e,0.654902,0.5176471,0.43137255,57.932760099334885,10.08475500078604,17.179840316371564,58.1363126196401,9.923387501495512,17.343891673356268,7.972972488548023,15.759486077974483,3.036651525266332,6.002553139519335,1.8043717081926938,59.58659783471995,19.921074185944512,LayerLoomPhotos100NCZ_5/centered_4x3_tif/DSC_4541ynm.tif,DSC_4541ynm.tif,DSC_4541,ynm,capture_number,4541,y,n,m,CMY+neutral,full__ynm__DSC_4541ynm,0.5408653846153846
3,ynm_full_003_ymnmn,ynm,full,cmymy,ymnmn,0.2,0.4,0.4,0.2,0.4,0.4,0.6000000000000001,0.34641016151377546,#b87076,0.7223529411764705,0.43843137254901965,0.464313725490196,55.153751038111196,29.45370055372387,8.6222482131719,"[[0.6000000000000006, 0.27905263010831916], [0.6833333333333337, 0.3752776749732563], [0.6666666666666666, 0.40414518843273833], [0.5416666666666666, 0.3800889272165036], [0.5249999999999999, 0.36084391824351614], [0.575, 0.2742413778650722]]",6,5,5,full,2929,13867,5870,2989,2929,2989,1.0,0.65,0.65,8,98.0,14.02020283686149,60,0.020073603211776515,#9e7a76,0.61960787,0.47843137,0.4627451,54.62630351112786,12.680861826255219,8.40730776424361,55.11946332465261,12.672753415030652,8.573209838395856,9.884105659501559,16.78250634643046,5.87241297834337,10.388263208467427,3.12843898718032,33.54405290798286,15.214699487643118,LayerLoomPhotos100NCZ_5/centered_4x3_tif/DSC_4541ynm.tif,DSC_4541ynm.tif,DSC_4541,ynm,capture_number,4541,y,n,m,CMY+neutral,full__ynm__DSC_4541ynm,0.5408653846153846
4,ynm_full_004_mnmnn,ynm,full,mymyy,mnmnn,0.0,0.6,0.4,0.0,0.6,0.4,0.7,0.5196152422706631,#a16094,0.6305882352941176,0.3756862745098039,0.5788235294117646,49.51110263516371,34.24933449875767,-17.265374749468055,"[[0.6166666666666667, 0.5099927377841692], [0.6666666666666667, 0.442635206378713], [0.7250000000000001, 0.47631397208144116], [0.6833333333333335, 0.5484827557301443]]",6,5,5,full,1081,7229,3051,1104,1081,1104,1.0,0.65,0.65,8,98.0,3.7948924789317338,23,0.020833333333333332,#907084,0.5647059,0.4392157,0.5176471,50.72601564803651,15.997598398250046,-6.138270036314286,50.74471056751344,15.849583731650029,-6.120289939738719,9.879672211492489,21.41061287326707,1.4142773994304225,2.7990758145243295,0.7719325275839881,339.0082183757785,17.13480415850751,LayerLoomPhotos100NCZ_5/centered_4x3_tif/DSC_4541ynm.tif,DSC_4541ynm.tif,DSC_4541,ynm,capture_number,4541,y,n,m,CMY+neutral,full__ynm__DSC_4541ynm,0.5408653846153846
5,ynm_full_005_mnn,ynm,full,myy,mnn,0.0,0.6666666666666666,0.3333333333333333,0.0,0.6666666666666666,0.3333333333333333,0.6666666666666666,0.5773502691896257,#9d6893,0.6156862745098038,0.40653594771241836,0.5777777777777777,50.827170867956525,28.48030716878547,-15.147425241078327,"[[0.5833333333333334, 0.5773502691896258], [0.5833333333333334, 0.5484827557301436], [0.5916666666666665, 0.52442649451391], [0.6166666666666667, 0.5099927377841692], [0.6833333333333335, 0.5484827557301444], [0.6458333333333334, 0.6134346610139774]]",6,5,5,full,1254,7497,3180,1271,1254,1271,1.0,0.65,0.65,8,98.0,3.680634566422189,17,0.013375295043273014,#8c7282,0.54901963,0.44705883,0.50980395,50.85000994786023,12.637845996659152,-4.922431465317056,50.62962669023646,12.717222583652667,-4.9641097371100695,9.887999330727393,18.855625031492792,1.4286940408414808,2.7827562568480717,0.7995716376401075,338.719123986128,13.562650292845317,LayerLoomPhotos100NCZ_5/centered_4x3_tif/DSC_4541ynm.tif,DSC_4541ynm.tif,DSC_4541,ynm,capture_number,4541,y,n,m,CMY+neutral,full__ynm__DSC_4541ynm,0.5408653846153846
6,ynm_full_006_ynmnmn,ynm,full,cymymy,ynmnmn,0.16666666666666666,0.5,0.3333333333333333,0.16666666666666666,0.5,0.3333333333333333,0.5833333333333333,0.4330127018922193,#b0757b,0.6921568627450979,0.4588235294117647,0.4823529411764705,55.525724820685625,24.213840502053664,6.339824475109657,"[[0.6166666666666668, 0.5099927377841692], [0.5916666666666663, 0.5244264945139101], [0.5416666666666666, 0.47631397208144155], [0.5416666666666665, 0.3800889272165036], [0.6666666666666667, 0.40414518843273833], [0.6666666666666667, 0.44263520637871284]]",6,5,5,full,3619,15173,6443,3693,3619,3693,1.0,0.65,0.65,8,98.0,18.60235444223151,74,0.020037909558624424,#967878,0.5882353,0.47058824,0.47058824,53.34200259193723,11.11140363213442,3.9053665948148186,53.909520749242255,10.319116624592398,5.256412543317308,8.760827082802953,13.504409645500193,6.268640293062765,14.70418110517652,4.4682023831401665,19.36523576807764,11.777740823948601,LayerLoomPhotos100NCZ_5/centered_4x3_tif/DSC_4541ynm.tif,DSC_4541ynm.tif,DSC_4541,ynm,capture_number,4541,y,n,m,CMY+neutral,full__ynm__DSC_4541ynm,0.5408653846153846
7,ynm_full_007_mnnn,ynm,full,myyy,mnnn,0.0,0.75,0.25,0.0,0.75,0.25,0.625,0.649519052838329,#987293,0.5970588235294116,0.4450980392156863,0.5764705882352941,52.65165932914287,21.092189602569754,-12.242675339448228,"[[0.55, 0.6350852961085884], [0.5833333333333334, 0.5773502691896258], [0.6458333333333334, 0.6134346610139774], [0.6125, 0.6711696879329399]]",6,5,5,full,740,5773,2425,755,740,755,1.0,0.65,0.65,8,98.0,4.748618692890045,15,0.019867549668874173,#877280,0.5294118,0.44705883,0.5019608,50.61900433994604,10.068618618534531,-4.248810391699576,50.64347424970968,10.166255611838091,-4.282901386091488,8.685367155041137,13.76781320137714,2.0621929338442615,3.6412869004712944,0.9444472099118008,337.1209636428899,10.928379140115632,LayerLoomPhotos100NCZ_5/centered_4x3_tif/DSC_4541ynm.tif,DSC_4541ynm.tif,DSC_4541,ynm,capture_number,4541,y,n,m,CMY+neutral,full__ynm__DSC_4541ynm,0.5408653846153846
8,ynm_full_008_mnnnn,ynm,full,myyyy,mnnnn,0.0,0.8,0.2,0.0,0.8,0.2,0.6000000000000001,0.6928203230275509,#957793,0.5858823529411763,0.4682352941176471,0.5756862745098038,53.83252918446905,16.609472422440042,-10.379417915150535,"[[0.5166666666666657, 0.6639528095680706], [0.55, 0.6350852961085883], [0.6125, 0.6711696879329399], [0.5916666666666659, 0.7072540797572928]]",6,5,5,full,253,3955,1673,254,253,254,1.0,0.65,0.65,8,98.0,6.2843804222811634,1,0.003937007874015748,#80747b,0.5019608,0.45490196,0.48235294,50.022705648172405,5.967962240458258,-1.7552215983436037,50.02630049700812,6.142038519596776,-2.0009572434887315,10.677511403902312,14.217357575926973,2.533442217554867,4.865274995987314,1.5154202762080204,343.61100232896877,6.220721514649841,LayerLoomPhotos100NCZ_5/centered_4x3_tif/DSC_4541ynm.tif,DSC_4541ynm.tif,DSC_4541,ynm,capture_number,4541,y,n,m,CMY+neutral,full__ynm__DSC_4541ynm,0.5408653846153846
9,ynm_full_009_mnnnnn,ynm,full,myyyyy,mnnnnn,0.0,0.8333333333333334,0.16666666666666666,0.0,0.8333333333333334,0.16666666666666666,0.5833333333333334,0.7216878364870322,#937b93,0.5784313725490194,0.4836601307189543,0.5751633986928103,54.65242362331111,13.614610296575236,-9.092823493895974,"[[0.5000000000000002, 0.7698003589195007], [0.5000000000000001, 0.6735753140545636], [0.5166666666666656, 0.6639528095680706], [0.5916666666666659, 0.7072540797572928], [0.5416666666666669, 0.7938566201357351]]",6,5,5,full,1666,9038,3818,1696,1666,1696,1.0,0.65,0.65,8,98.0,5.892296957622237,30,0.01768867924528302,#82757d,0.50980395,0.45882353,0.49019608,50.7791289790904,6.525099904412079,-2.67880331097744,50.820519346788394,6.865981380228118,-2.878475256832902,8.129612702543186,10.315193837656398,3.1209398925621628,4.746362479364663,1.3178676491859056,337.67997283126914,7.053574692413927,LayerLoomPhotos100NCZ_5/centered_4x3_tif/DSC_4541ynm.tif,DSC_4541ynm.tif,DSC_4541,ynm,capture_number,4541,y,n,m,CMY+neutral,full__ynm__DSC_4541ynm,0.5408653846153846
10,ynm_full_010_n,ynm,full,y,n,0.0,1.0,0.0,0.0,1.0,0.0,0.5,0.8660254037844386,#8a8f92,0.5411764705882353,0.5607843137254902,0.5725490196078431,59.08831744726014,-1.2137183135860763,-2.223898189538698,"[[0.4583333333333333, 0.7938566201357353], [0.5000000000000002, 0.7698003589195007], [0.5416666666666667, 0.7938566201357351], [0.5, 0.8660254037844386]]",6,5,5,full,498,4790,2044,508,498,0,0.0,0.65,0.65,8,98.0,1.7660793621781359,10,0.01968503937007874,#797878,0.4745098,0.47058824,0.47058824,50.515932773863526,0.579181335338852,-0.2789517349857551,50.48799060262348,0.5811801512628301,-0.17818072341860391,8.751900557609638,8.971236528532637,0.7765777769866693,1.4271498536017264,0.4047672943574925,334.28308812330425,0.6428569744946838,LayerLoomPhotos100NCZ_5/centered_4x3_tif/DSC_4541ynm.tif,DSC_4541ynm.tif,DSC_4541,ynm,capture_number,4541,y,n,m,CMY+neutral,full__ynm__DSC_4541ynm,0.5408653846153846
11,ynm_full_011_ynmn,ynm,full,cymy,ynmn,0.25,0.5,0.25,0.25,0.5,0.25,0.5,0.4330127018922193,#b5866e,0.7117647058823529,0.5235294117647059,0.4333333333333333,59.830140565071105,15.35645018964199,19.612631425114067,"[[0.5416666666666665, 0.47631397208144155], [0.4583333333333335, 0.47631397208144155], [0.4583333333333335, 0.3800889272165036], [0.475, 0.3608439182435162], [0.5249999999999999, 0.3608439182435162], [0.5416666666666665, 0.38008892721650367]]",6,5,5,full,2650,11063,4753,2705,2650,2705,1.0,0.65,0.65,8,98.0,10.007165294431427,55,0.02033271719038817,#988371,0.59607846,0.5137255,0.44313726,56.31022169306273,5.036981270892915,11.981620193815823,56.06438677163532,5.080732736681028,12.108824715363612,9.444104968210388,13.30840336188939,5.3807144849628115,8.481236405624658,2.5492725812121018,67.19848861030925,12.997322908667812,LayerLoomPhotos100NCZ_5/centered_4x3_tif/DSC_4541ynm.tif,DSC_4541ynm.tif,DSC_4541,ynm,capture_number,4541,y,n,m,CMY+neutral,full__ynm__DSC_4541ynm,0.5408653846153846
12,ynm_full_012_ynmnn,ynm,full,cymyy,ynmnn,0.2,0.6,0.2,0.2,0.6,0.2,0.5,0.5196152422706631,#ad8776,0.6776470588235293,0.5309803921568628,0.46117647058823524,59.5266967201207,11.664219397104214,15.026515544334295,"[[0.4083333333333336, 0.5244264945139103], [0.45833333333333354, 0.4763139720814415], [0.5416666666666665, 0.47631397208144144], [0.5916666666666665, 0.5244264945139102], [0.5833333333333335, 0.5484827557301435], [0.4166666666666665, 0.5484827557301435]]",6,5,5,full,2637,12457,5264,2690,2637,2690,1.0,0.65,0.65,8,98.0,12.389615788221697,53,0.01970260223048327,#8e7d71,0.5568628,0.49019608,0.44313726,53.569643789117904,3.594994805126206,8.735769642936297,54.0047263086936,3.616802094517218,8.959252950480387,9.828633459956265,11.839440406307526,7.520400853022309,10.972539155272663,3.266749091176348,67.63156863138869,9.446568631166121,LayerLoomPhotos100NCZ_5/centered_4x3_tif/DSC_4541ynm.tif,DSC_4541ynm.tif,DSC_4541,ynm,capture_number,4541,y,n,m,CMY+neutral,full__ynm__DSC_4541ynm,0.5408653846153846
13,ynm_full_013_ynmnnn,ynm,full,cymyyy,ynmnnn,0.16666666666666666,0.6666666666666666,0.16666666666666666,0.16666666666666666,0.6666666666666666,0.16666666666666666,0.5,0.5773502691896257,#a7897a,0.6549019607843136,0.5359477124183006,0.4797385620915032,59.367259657504505,9.287323979878748,12.023945220526278,"[[0.5499999999999997, 0.6350852961085888], [0.5166666666666663, 0.6639528095680701], [0.5000000000000001, 0.6735753140545636], [0.4833333333333337, 0.66395280956807], [0.44999999999999996, 0.6350852961085883], [0.4166666666666665, 0.5773502691896255], [0.41666666666666646, 0.5484827557301435], [0.5833333333333334, 0.5484827557301435], [0.5833333333333334, 0.5773502691896257]]",6,5,5,full,4193,17321,7294,4275,4193,4275,1.0,0.65,0.65,8,98.0,12.383287088683963,82,0.0191812865497076,#897f72,0.5372549,0.49803922,0.44705883,53.83146149834354,1.9857788048861513,7.162435510686516,53.29351046635369,2.274172903080168,7.536760099060767,9.648635008434262,10.372651534699015,7.525190747739991,11.140940956553418,3.23263317062094,74.50401395536971,7.432617298548223,LayerLoomPhotos100NCZ_5/centered_4x3_tif/DSC_4541ynm.tif,DSC_4541ynm.tif,DSC_4541,ynm,capture_number,4541,y,n,m,CMY+neutral,full__ynm__DSC_4541ynm,0.5408653846153846
14,ynm_full_014_ynnnnn,ynm,full,cyyyyy,ynnnnn,0.16666666666666666,0.8333333333333334,0.0,0.16666666666666666,0.8333333333333334,0.0,0.4166666666666667,0.7216878364870322,#9d9c7a,0.6176470588235293,0.6130718954248365,0.47712418300653586,63.75787527556774,-5.486869825152341,18.36147573397944,"[[0.4583333333333333, 0.7938566201357353], [0.4083333333333336, 0.7072540797572919], [0.4833333333333335, 0.6639528095680699], [0.5000000000000002, 0.6735753140545637], [0.5000000000000002, 0.7698003589195006]]",6,5,5,full,1645,8972,3812,1679,1645,1679,1.0,0.65,0.65,8,98.0,10.791978799938017,34,0.02025014889815366,#80806f,0.5019608,0.5019608,0.43529412,53.0663736489016,-3.1805889352489736,9.287388989278034,54.066226906855675,-3.8089472963118114,10.625132312187052,11.209576505611812,14.211480880840812,4.487137678292802,8.969085612073627,2.6506577376100746,108.90444480189007,9.816910930287136,LayerLoomPhotos100NCZ_5/centered_4x3_tif/DSC_4541ynm.tif,DSC_4541ynm.tif,DSC_4541,ynm,capture_number,4541,y,n,m,CMY+neutral,full__ynm__DSC_4541ynm,0.5408653846153846
15,ynm_full_015_ynnnn,ynm,full,cyyyy,ynnnn,0.2,0.8,0.0,0.2,0.8,0.0,0.4,0.6928203230275509,#a19f75,0.6329411764705881,0.6235294117647058,0.4580392156862745,64.71985701937079,-6.081445894802917,22.405802387216056,"[[0.45000000000000007, 0.6350852961085884], [0.48333333333333367, 0.66395280956807], [0.40833333333333355, 0.7072540797572919], [0.38750000000000007, 0.6711696879329401]]",6,5,5,full,256,3974,1676,262,256,262,1.0,0.65,0.65,8,98.0,6.822597393458006,6,0.022900763358778626,#83836d,0.5137255,0.51176476,0.42745098,54.17488665646664,-3.6504902513460333,10.606138320593306,53.78801047946491,-3.8152955595771143,11.000506461186765,11.590880780182388,16.010559558620365,3.841450406445667,5.164050633317499,1.4950886210764112,108.99277449257698,11.216784260684086,LayerLoomPhotos100NCZ_5/centered_4x3_tif/DSC_4541ynm.tif,DSC_4541ynm.tif,DSC_4541,ynm,capture_number,4541,y,n,m,CMY+neutral,full__ynm__DSC_4541ynm,0.5408653846153846
16,ynm_full_016_ynnn,ynm,full,cyyy,ynnn,0.25,0.75,0.0,0.25,0.75,0.0,0.375,0.649519052838329,#a7a36e,0.6558823529411764,0.6392156862745098,0.4294117647058823,66.17676670849767,-6.831586615665075,28.394326382394187,"[[0.41666666666666646, 0.5773502691896255], [0.45000000000000007, 0.6350852961085885], [0.3875000000000001, 0.6711696879329401], [0.3541666666666666, 0.6134346610139771]]",6,5,5,full,728,5772,2431,743,728,743,1.0,0.65,0.65,8,98.0,4.980203196872743,15,0.020188425302826378,#86866d,0.5254902,0.5254902,0.42745098,55.533539193747345,-4.512935987040583,12.988474727954436,55.38642454848463,-4.576081333999224,13.208562874839872,12.243068925387247,18.867821757345574,2.4802170522455325,3.8591955533616624,1.040454085875099,109.16013918571878,13.750166071063907,LayerLoomPhotos100NCZ_5/centered_4x3_tif/DSC_4541ynm.tif,DSC_4541ynm.tif,DSC_4541,ynm,capture_number,4541,y,n,m,CMY+neutral,full__ynm__DSC_4541ynm,0.5408653846153846
17,ynm_full_017_ynn,ynm,full,cyy,ynn,0.3333333333333333,0.6666666666666666,0.0,0.3333333333333333,0.6666666666666666,0.0,0.3333333333333333,0.5773502691896257,#b1aa61,0.6941176470588234,0.665359477124183,0.38169934640522873,68.63668231180478,-7.740294518607637,38.09957989132911,"[[0.3833333333333331, 0.5099927377841694], [0.4083333333333336, 0.5244264945139103], [0.4166666666666664, 0.5484827557301433], [0.4166666666666664, 0.5773502691896256], [0.3541666666666665, 0.613434661013977], [0.3166666666666666, 0.5484827557301443]]",6,5,5,full,1256,7550,3204,1282,1256,1282,1.0,0.65,0.65,8,98.0,4.307039709007205,26,0.0202808112324493,#8b8b6a,0.54509807,0.54509807,0.41568628,57.174819787376194,-6.185353906600966,18.031612858763822,57.269913616484864,-6.260718254805964,18.058141245804492,13.227178168848546,23.162802802249452,1.689713429666265,2.8697229081047793,0.857131168701495,108.93342016057971,19.062992032685756,LayerLoomPhotos100NCZ_5/centered_4x3_tif/DSC_4541ynm.tif,DSC_4541ynm.tif,DSC_4541,ynm,capture_number,4541,y,n,m,CMY+neutral,full__ynm__DSC_4541ynm,0.5408653846153846
18,ynm_full_018_ynynmn,ynm,full,cycymy,ynynmn,0.3333333333333333,0.5,0.16666666666666666,0.3333333333333333,0.5,0.16666666666666666,0.41666666666666663,0.4330127018922193,#bb9662,0.7313725490196078,0.5882352941176471,0.38431372549019605,64.32108283078722,6.9185513485025,32.513038893726474,"[[0.45833333333333354, 0.38008892721650345], [0.45833333333333354, 0.47631397208144144], [0.40833333333333355, 0.5244264945139103], [0.3833333333333331, 0.5099927377841694], [0.3333333333333333, 0.4426352063787134], [0.3333333333333333, 0.40414518843273783]]",6,5,5,full,3576,15113,6399,3647,3576,3647,1.0,0.65,0.65,8,98.0,17.136019542315676,71,0.01946805593638607,#978c6c,0.5921569,0.54901963,0.42352942,58.44386218341214,-0.43600192673065585,18.40626818933526,57.633024100255774,0.5174606901161822,17.345974098082177,10.081212275158798,16.959721581513207,5.24334769530353,14.255726072722867,4.438614875487589,91.3569507533768,18.411431403827567,LayerLoomPhotos100NCZ_5/centered_4x3_tif/DSC_4541ynm.tif,DSC_4541ynm.tif,DSC_4541,ynm,capture_number,4541,y,n,m,CMY+neutral,full__ynm__DSC_4541ynm,0.5408653846153846
19,ynm_full_019_ynynn,ynm,full,cycyy,ynynn,0.4,0.6,0.0,0.4,0.6,0.0,0.3,0.5196152422706631,#b9af58,0.7247058823529411,0.6862745098039215,0.34352941176470586,70.62795399013348,-8.197513426595027,45.53479237582603,"[[0.3333333333333333, 0.44263520637871334], [0.383333333333333, 0.5099927377841693], [0.31666666666666654, 0.5484827557301443], [0.2750000000000001, 0.4763139720814414]]",6,5,5,full,1053,7216,3032,1075,1053,1075,1.0,0.65,0.65,8,98.0,4.623318503707659,22,0.020465116279069766,#8f9067,0.56078434,0.5647059,0.40392157,58.71993080238721,-7.2890517181484205,21.65852925461347,58.59589900190357,-7.087699127889345,21.548938693053262,13.868664480870052,26.69648402971806,1.8473018487317467,3.8452177308771462,1.1297178230517397,108.6003596024463,22.852180736699726,LayerLoomPhotos100NCZ_5/centered_4x3_tif/DSC_4541ynm.tif,DSC_4541ynm.tif,DSC_4541,ynm,capture_number,4541,y,n,m,CMY+neutral,full__ynm__DSC_4541ynm,0.5408653846153846
20,ynm_full_020_yn,ynm,full,cy,yn,0.5,0.5,0.0,0.5,0.5,0.0,0.25,0.4330127018922193,#c4b749,0.7705882352941176,0.7176470588235294,0.28627450980392155,73.64441637836279,-8.506124682364502,55.95363699709435,"[[0.2833333333333334, 0.3560326660002692], [0.3166666666666668, 0.3752776749732568], [0.3333333333333333, 0.40414518843273783], [0.3333333333333333, 0.44263520637871334], [0.27500000000000013, 0.47631397208144144], [0.225, 0.3897114317029974]]",6,5,5,full,1818,9595,4071,1856,1818,1856,1.0,0.65,0.65,8,98.0,2.5067725949066384,38,0.020474137931034482,#959663,0.58431375,0.5882353,0.3882353,60.95780074357114,-8.64215238991517,26.838456307031766,61.046345641355025,-8.60233370052066,26.86976526171301,14.72556193442766,31.75944688462245,0.839011315197868,1.6391567444097674,0.5003243408579304,107.8488863311959,28.195558779264683,LayerLoomPhotos100NCZ_5/centered_4x3_tif/DSC_4541ynm.tif,DSC_4541ynm.tif,DSC_4541,ynm,capture_number,4541,y,n,m,CMY+neutral,full__ynm__DSC_4541ynm,0.5408653846153846
21,ynm_full_021_ymnyn,ynm,full,cmycy,ymnyn,0.4,0.4,0.2,0.4,0.4,0.2,0.4,0.34641016151377546,#c49758,0.7694117647058822,0.5937254901960785,0.3466666666666666,65.54442291892387,9.365268201987076,39.31062155311884,"[[0.4000000000000001, 0.2790526301083191], [0.42499999999999993, 0.27424137786507224], [0.475, 0.36084391824351614], [0.45833333333333337, 0.38008892721650356], [0.33333333333333326, 0.4041451884327379], [0.31666666666666676, 0.37527767497325687]]",6,5,5,full,2907,13765,5854,2966,2907,2966,1.0,0.65,0.65,8,98.0,11.998409706984825,59,0.019892110586648686,#a18f6b,0.6313726,0.56078434,0.41960785,60.126714978120745,1.4712270682989415,21.742970533730265,59.54562175970791,2.0102605813522625,21.284392587696644,9.90779580266916,20.007243865440987,3.554846435959709,8.028715094455107,2.6011915137880113,86.12901071030012,21.792688606896537,LayerLoomPhotos100NCZ_5/centered_4x3_tif/DSC_4541ynm.tif,DSC_4541ynm.tif,DSC_4541,ynm,capture_number,4541,y,n,m,CMY+neutral,full__ynm__DSC_4541ynm,0.5408653846153846
22,ynm_full_022_yynyn,ynm,full,ccycy,yynyn,0.6,0.4,0.0,0.6,0.4,0.0,0.2,0.34641016151377546,#d0bf3a,0.8164705882352941,0.7490196078431373,0.22901960784313724,76.68633556880798,-8.444424052542477,65.24716141240661,"[[0.24999999999999994, 0.27905263010831904], [0.2833333333333333, 0.35603266600026917], [0.22500000000000003, 0.3897114317029973], [0.18333333333333335, 0.3175426480542941]]",6,5,5,full,1122,7204,3102,1145,1122,1145,1.0,0.65,0.65,8,98.0,3.357596122712476,23,0.020087336244541485,#a0a161,0.627451,0.6313726,0.38039216,64.73869432861589,-9.88047011598131,32.94870781297627,64.82697455420676,-9.954529523746482,33.01743753860613,14.19638497307753,34.46735360330427,1.1801029774425922,2.1112454273285595,0.6674279640965978,106.69263567511632,34.39827083237881,LayerLoomPhotos100NCZ_5/centered_4x3_tif/DSC_4541ynm.tif,DSC_4541ynm.tif,DSC_4541,ynm,capture_number,4541,y,n,m,CMY+neutral,full__ynm__DSC_4541ynm,0.5408653846153846
23,ynm_full_023_yyn,ynm,full,ccy,yyn,0.6666666666666666,0.3333333333333333,0.0,0.6666666666666666,0.3333333333333333,0.0,0.16666666666666666,0.28867513459481287,#d8c431,0.8470588235294118,0.7699346405228757,0.19084967320261437,78.72372712820206,-8.237777918537581,70.6964771510838,"[[0.20833333333333337, 0.21650635094610968], [0.2333333333333333, 0.2309401076758503], [0.24999999999999997, 0.2501851166488378], [0.24999999999999997, 0.27905263010831904], [0.1833333333333333, 0.3175426480542941], [0.14583333333333334, 0.2525907427704613]]",6,5,5,full,1234,7575,3196,1259,1234,1259,1.0,0.65,0.65,8,98.0,2.4323190708955513,25,0.019857029388403495,#a9aa60,0.6627451,0.6666667,0.3764706,68.00911252604462,-11.243161056837259,38.01842492229501,68.00300440298452,-11.17093763595337,37.89164006398802,13.292449002567361,34.520868925161615,1.001987041586951,1.7464071163312014,0.5160443307332532,106.4744905680044,39.64605029662052,LayerLoomPhotos100NCZ_5/centered_4x3_tif/DSC_4541ynm.tif,DSC_4541ynm.tif,DSC_4541,ynm,capture_number,4541,y,n,m,CMY+neutral,full__ynm__DSC_4541ynm,0.5408653846153846
24,ynm_full_024_ymynyn,ynm,full,cmcycy,ymynyn,0.5,0.3333333333333333,0.16666666666666666,0.5,0.3333333333333333,0.16666666666666666,0.3333333333333333,0.28867513459481287,#cea34a,0.8078431372549019,0.6405228758169935,0.28888888888888886,69.41767008410272,6.005325361425562,51.31058746643844,"[[0.31666666666666676, 0.23094010767585027], [0.4000000000000001, 0.2790526301083191], [0.31666666666666676, 0.3752776749732568], [0.2833333333333334, 0.3560326660002692], [0.24999999999999994, 0.279052630108319], [0.24999999999999994, 0.2501851166488378]]",6,5,5,full,3410,15102,6427,3479,3410,3479,1.0,0.65,0.65,8,98.0,6.236389578875555,69,0.019833285426846797,#a99366,0.6627451,0.5764706,0.4,62.04878326135521,1.4350374971735524,27.1380807106814,62.00440246451143,1.919014332330303,27.079010591323748,10.825847313378059,25.68069522084071,2.71156936758192,4.626950769862213,1.2608190309631102,86.97306949530503,27.175995975819394,LayerLoomPhotos100NCZ_5/centered_4x3_tif/DSC_4541ynm.tif,DSC_4541ynm.tif,DSC_4541,ynm,capture_number,4541,y,n,m,CMY+neutral,full__ynm__DSC_4541ynm,0.5408653846153846
25,ynm_full_025_yyyn,ynm,full,cccy,yyyn,0.75,0.25,0.0,0.75,0.25,0.0,0.125,0.21650635094610965,#e2cb25,0.8852941176470588,0.7960784313725491,0.14313725490196078,81.2769266711839,-7.829922023281255,76.58440743090578,"[[0.175, 0.15877132402714708], [0.20833333333333334, 0.21650635094610968], [0.14583333333333334, 0.2525907427704613], [0.11249999999999999, 0.1948557158514987]]",6,5,5,full,738,5738,2446,754,738,754,1.0,0.65,0.65,8,98.0,3.3735552560593796,16,0.021220159151193633,#b7b75d,0.7176471,0.7176471,0.3647059,72.68197091835444,-12.196308445153015,44.94243309464654,72.43124576421971,-12.09543051991485,44.545111709958995,11.68152886347478,33.07798565019779,1.1613156425127862,2.287106336436231,0.6995518057595299,105.18304452120009,46.56793137080593,LayerLoomPhotos100NCZ_5/centered_4x3_tif/DSC_4541ynm.tif,DSC_4541ynm.tif,DSC_4541,ynm,capture_number,4541,y,n,m,CMY+neutral,full__ynm__DSC_4541ynm,0.5408653846153846
26,ynm_full_026_yyyyn,ynm,full,ccccy,yyyyn,0.8,0.2,0.0,0.8,0.2,0.0,0.1,0.17320508075688773,#e8cf1d,0.908235294117647,0.8117647058823529,0.11450980392156862,82.81074853195292,-7.519206396517985,79.61408985962831,"[[0.16666666666666669, 0.11547005383792511], [0.175, 0.15877132402714705], [0.11249999999999999, 0.19485571585149866], [0.09166666666666666, 0.15877132402714705]]",6,5,5,full,275,3970,1690,279,275,279,1.0,0.65,0.65,8,98.0,3.112828960505015,4,0.014336917562724014,#c2c15b,0.7607843,0.75686276,0.35686275,76.11544186514686,-13.121527238652508,50.66277184197106,75.93362599913668,-12.967001329861771,50.18295860027169,10.298527123079639,30.23891441735827,1.350193465386587,2.6293075762477107,0.7134665256905266,104.52039682010019,52.33441437320489,LayerLoomPhotos100NCZ_5/centered_4x3_tif/DSC_4541ynm.tif,DSC_4541ynm.tif,DSC_4541,ynm,capture_number,4541,y,n,m,CMY+neutral,full__ynm__DSC_4541ynm,0.5408653846153846
27,ynm_full_027_yyyyyn,ynm,full,cccccy,yyyyyn,0.8333333333333334,0.16666666666666666,0.0,0.8333333333333334,0.16666666666666666,0.0,0.08333333333333333,0.14433756729740643,#ebd218,0.9235294117647058,0.8222222222222223,0.09542483660130718,83.83360482289972,-7.288895626831382,81.42887398455399,"[[0.16666666666666663, 0.0962250448649376], [0.16666666666666663, 0.11547005383792514], [0.09166666666666666, 0.15877132402714705], [0.041666666666666664, 0.07216878364870322], [0.08333333333333333, 0.048112522432468816]]",6,5,5,full,1512,8941,3842,1543,1512,1543,1.0,0.65,0.65,8,98.0,3.8066807498772497,31,0.020090732339598186,#c9c75b,0.7882353,0.7784314,0.35686275,78.34458569323336,-13.455166234429383,53.20009328719806,77.87652135822171,-13.0922020497208,52.54032786361365,9.749562596853314,29.41115917252132,1.428619614748678,3.1078014717984286,0.9223563490366341,104.19339342056753,54.87523507159404,LayerLoomPhotos100NCZ_5/centered_4x3_tif/DSC_4541ynm.tif,DSC_4541ynm.tif,DSC_4541,ynm,capture_number,4541,y,n,m,CMY+neutral,full__ynm__DSC_4541ynm,0.5408653846153846
28,ynm_full_028_y,ynm,full,c,y,1.0,0.0,0.0,1.0,0.0,0.0,0.0,0.0,#ffdf00,1.0,0.8745098039215686,0.0,88.94096720886532,-5.949434572648293,88.5567575521992,"[[0.08333333333333333, 0.048112522432468816], [0.041666666666666664, 0.07216878364870322], [0.0, 0.0], [0.08333333333333333, 0.0]]",6,5,5,full,623,4830,2043,636,623,0,0.0,0.65,0.65,8,98.0,0.9715359620516709,13,0.020440251572327043,#ffea55,1.0,0.91764706,0.33333334,92.03399433620672,-9.195626614860785,71.86126883286465,92.04659555892735,-9.213757961468913,71.78381420154969,4.825926897426504,17.287102798410746,0.3681797919866311,0.6479201198590331,0.18773381180532556,97.29214431612462,72.44723257039692,LayerLoomPhotos100NCZ_5/centered_4x3_tif/DSC_4541ynm.tif,DSC_4541ynm.tif,DSC_4541,ynm,capture_number,4541,y,n,m,CMY+neutral,full__ynm__DSC_4541ynm,0.5408653846153846
29,ynm_full_029_ymyn,ynm,full,cmcy,ymyn,0.5,0.25,0.25,0.5,0.25,0.25,0.375,0.21650635094610965,#d39a4a,0.8264705882352941,0.6019607843137256,0.2901960784313725,67.46859220828456,13.361240107458261,49.13294720691385,"[[0.44166666666666676, 0.20688384645961588], [0.45, 0.23094010767585005], [0.4249999999999999, 0.27424137786507224], [0.4, 0.2790526301083191], [0.31666666666666676, 0.23094010767585027], [0.3583333333333334, 0.1587713240271471]]",6,5,5,full,2207,11067,4735,2253,2207,2253,1.0,0.65,0.65,8,98.0,5.238661439565926,46,0.020417221482467822,#b59066,0.70980394,0.5647059,0.4,62.35895088753087,7.885242779330948,27.672363299135316,62.289471672770475,7.866836660680979,27.664318750418293,8.983208416148624,22.72997234550042,2.222517397484233,3.990911776120133,1.086185755866303,74.09509220981397,28.773889974216594,LayerLoomPhotos100NCZ_5/centered_4x3_tif/DSC_4541ynm.tif,DSC_4541ynm.tif,DSC_4541,ynm,capture_number,4541,y,n,m,CMY+neutral,full__ynm__DSC_4541ynm,0.5408653846153846
30,ynm_full_030_yymyn,ynm,full,ccmcy,yymyn,0.6,0.2,0.2,0.6,0.2,0.2,0.30000000000000004,0.17320508075688773,#dca73b,0.8611764705882352,0.6564705882352941,0.232156862745098,71.7301389542516,8.8878629404342,60.44977219877175,"[[0.34166666666666673, 0.09141379262169073], [0.3583333333333334, 0.15877132402714716], [0.31666666666666676, 0.23094010767585027], [0.24999999999999997, 0.2501851166488378], [0.23333333333333336, 0.23094010767585035], [0.31666666666666665, 0.08660254037844387]]",6,5,5,full,2421,12751,5334,2471,2421,2471,1.0,0.65,0.65,8,98.0,6.731952101197388,50,0.020234722784297856,#c09a67,0.7529412,0.6039216,0.40392157,65.9934744203355,6.819829304960945,31.836809060955893,66.22623239037482,6.766323232013286,32.1408287436256,10.433522773761192,29.25555917459361,3.21440679218044,5.276234502317508,1.4631699119361217,77.9092763254211,32.55906145656793,LayerLoomPhotos100NCZ_5/centered_4x3_tif/DSC_4541ynm.tif,DSC_4541ynm.tif,DSC_4541,ynm,capture_number,4541,y,n,m,CMY+neutral,full__ynm__DSC_4541ynm,0.5408653846153846
31,ynm_full_031_yyymyn,ynm,full,cccmcy,yyymyn,0.6666666666666666,0.16666666666666666,0.16666666666666666,0.6666666666666666,0.16666666666666666,0.16666666666666666,0.25,0.14433756729740643,#e2b131,0.884313725490196,0.69281045751634,0.19346405228758168,74.59014028229971,6.110352793145757,67.05869448493848,"[[0.22499999999999992, 0.07216878364870322], [0.29166666666666674, 0.0721687836487032], [0.3166666666666667, 0.08660254037844384], [0.23333333333333334, 0.2309401076758503], [0.20833333333333331, 0.21650635094610965], [0.175, 0.1587713240271471], [0.16666666666666666, 0.11547005383792512], [0.16666666666666666, 0.09622504486493762], [0.1833333333333334, 0.0866025403784438]]",6,5,5,full,4128,17325,7344,4213,4128,4213,1.0,0.65,0.65,8,98.0,5.94994539369836,85,0.020175646807500593,#c8a465,0.78431374,0.6431373,0.39607844,69.29581258459437,5.465408451172826,37.166487734476746,69.1384524162437,5.738186454327184,37.30922342841832,9.905671266753007,30.36428631447285,2.598860581213629,4.70444130549992,1.3564818852646066,81.63449339568729,37.56618825559976,LayerLoomPhotos100NCZ_5/centered_4x3_tif/DSC_4541ynm.tif,DSC_4541ynm.tif,DSC_4541,ynm,capture_number,4541,y,n,m,CMY+neutral,full__ynm__DSC_4541ynm,0.5408653846153846
32,ynm_full_032_yyyyym,ynm,full,cccccm,yyyyym,0.8333333333333334,0.0,0.16666666666666666,0.8333333333333334,0.0,0.16666666666666666,0.16666666666666666,0.0,#f5be19,0.9607843137254902,0.7450980392156863,0.09803921568627451,79.79204921266052,6.88998560197307,78.60061215554556,"[[0.18333333333333338, 0.08660254037844385], [0.16666666666666669, 0.09622504486493762], [0.08333333333333334, 0.04811252243246881], [0.08333333333333333, 0.0], [0.18333333333333335, 0.0]]",6,5,5,full,1839,9011,3851,1876,1839,1876,1.0,0.65,0.65,8,98.0,7.2890345177692915,37,0.019722814498933903,#fab077,0.98039216,0.6901961,0.46666667,77.59653752753631,21.372323315885676,40.1465139997395,77.09463527806405,21.966141583654544,39.303951267953465,17.89636057217586,41.14943550275872,2.869440198482167,6.2667371309101485,1.8687875041566824,61.9710317837779,45.48097173818992,LayerLoomPhotos100NCZ_5/centered_4x3_tif/DSC_4541ynm.tif,DSC_4541ynm.tif,DSC_4541,ynm,capture_number,4541,y,n,m,CMY+neutral,full__ynm__DSC_4541ynm,0.5408653846153846
33,ynm_full_033_yyyym,ynm,full,ccccm,yyyym,0.8,0.0,0.2,0.8,0.0,0.2,0.2,0.0,#f3b71e,0.9529411764705882,0.7192156862745098,0.11764705882352941,77.98402366630827,9.564777772315624,76.10333175007294,"[[0.225, 0.07216878364870322], [0.18333333333333338, 0.08660254037844384], [0.18333333333333335, 0.0], [0.22499999999999998, 0.0]]",6,5,5,full,531,4004,1753,541,531,541,1.0,0.65,0.65,8,98.0,6.304257787298901,10,0.018484288354898338,#f7a578,0.96862745,0.64705884,0.47058824,74.908291691706,25.763091536826543,36.11770880558309,74.85261032578504,25.82284274091495,35.313811717249536,20.651288935891696,43.25153798712883,2.665085845413949,4.989334100938018,1.460136309290775,54.499389954795106,44.36469063230125,LayerLoomPhotos100NCZ_5/centered_4x3_tif/DSC_4541ynm.tif,DSC_4541ynm.tif,DSC_4541,ynm,capture_number,4541,y,n,m,CMY+neutral,full__ynm__DSC_4541ynm,0.5408653846153846
34,ynm_full_034_yyym,ynm,full,cccm,yyym,0.75,0.0,0.25,0.75,0.0,0.25,0.25,0.0,#f0ae26,0.9411764705882353,0.6803921568627451,0.14705882352941177,75.29275943833024,13.646301897515034,71.93335971602419,"[[0.2916666666666667, 0.07216878364870322], [0.22499999999999998, 0.0721687836487032], [0.22499999999999998, 0.0], [0.29166666666666674, 0.0]]",6,5,5,full,1095,5734,2475,1117,1095,1117,1.0,0.65,0.65,8,98.0,4.280921429958987,22,0.019695613249776187,#f69e77,0.9647059,0.61960787,0.46666667,73.04099394053762,28.817404526478573,33.85765085367809,73.08426063267342,28.762865519315255,33.422920922425064,20.725462098532923,41.04865903054246,1.6564706665303581,3.3330184562427894,1.0077745660364565,49.597757514831926,44.4610315329309,LayerLoomPhotos100NCZ_5/centered_4x3_tif/DSC_4541ynm.tif,DSC_4541ynm.tif,DSC_4541,ynm,capture_number,4541,y,n,m,CMY+neutral,full__ynm__DSC_4541ynm,0.5408653846153846
35,ynm_full_035_yym,ynm,full,ccm,yym,0.6666666666666666,0.0,0.3333333333333333,0.6666666666666666,0.0,0.3333333333333333,0.3333333333333333,0.0,#eb9d32,0.9215686274509803,0.615686274509804,0.19607843137254902,70.87834005274337,20.623964460334378,63.79337035503971,"[[0.3666666666666667, 0.07698003589195004], [0.3416666666666667, 0.0914137926216907], [0.31666666666666665, 0.08660254037844384], [0.2916666666666667, 0.07216878364870323], [0.2916666666666667, 0.0], [0.3666666666666667, 0.0]]",6,5,5,full,1503,7557,3172,1534,1503,1534,1.0,0.65,0.65,8,98.0,3.7372165056269577,31,0.020208604954367666,#f2937b,0.9490196,0.5764706,0.48235294,70.41767399987421,33.36964555419208,28.427392531042607,70.47983041021854,33.21377694518654,28.08654376452991,20.549573761729174,37.59543838294804,1.3107706453484451,2.673371314950073,0.8345813427992854,40.42746987402711,43.836627271339985,LayerLoomPhotos100NCZ_5/centered_4x3_tif/DSC_4541ynm.tif,DSC_4541ynm.tif,DSC_4541,ynm,capture_number,4541,y,n,m,CMY+neutral,full__ynm__DSC_4541ynm,0.5408653846153846
36,ynm_full_036_ymymyn,ynm,full,cmcmcy,ymymyn,0.5,0.16666666666666666,0.3333333333333333,0.5,0.16666666666666666,0.3333333333333333,0.41666666666666663,0.14433756729740643,#d8904a,0.8450980392156863,0.5633986928104576,0.29150326797385623,65.648085478414,20.70427154906462,47.07745474695155,"[[0.44999999999999996, 0.06735753140545633], [0.4833333333333334, 0.08660254037844393], [0.44166666666666676, 0.20688384645961588], [0.3583333333333334, 0.1587713240271471], [0.3416666666666667, 0.09141379262169072], [0.3666666666666667, 0.07698003589195006]]",6,5,5,full,3518,15099,6371,3589,3518,3589,1.0,0.65,0.65,8,98.0,6.470980904853492,71,0.01978266926720535,#c48b6b,0.76862746,0.54509807,0.41960785,62.86640264010445,17.535099153606847,26.139366511538277,62.95842407487062,17.18255967682986,26.014564863594448,8.965338138382895,21.358486651423345,2.8982083569326034,5.221830314001441,1.5139574886951885,56.1450633841182,31.476120852979204,LayerLoomPhotos100NCZ_5/centered_4x3_tif/DSC_4541ynm.tif,DSC_4541ynm.tif,DSC_4541,ynm,capture_number,4541,y,n,m,CMY+neutral,full__ynm__DSC_4541ynm,0.5408653846153846
37,ynm_full_037_yymym,ynm,full,ccmcm,yymym,0.6,0.0,0.4,0.6,0.0,0.4,0.4,0.0,#e7903c,0.9058823529411765,0.563921568627451,0.23529411764705882,67.4309478758879,26.342851808801193,56.233812465552,"[[0.44999999999999996, 0.06735753140545633], [0.3666666666666667, 0.07698003589195006], [0.3666666666666667, 0.0], [0.44999999999999996, 0.0]]",6,5,5,full,1459,7159,3067,1489,1459,1489,1.0,0.65,0.65,8,98.0,3.598443695199485,30,0.020147750167897917,#f08c7e,0.9411765,0.54901963,0.49411765,68.65769196439534,36.308080648971895,23.79886724944573,68.64808979524648,36.45924818402555,24.212485541386116,19.472486778569777,33.95344397947685,1.5380465891574218,2.7662581508462387,0.8250875751455824,33.24364969596144,43.4127032418967,LayerLoomPhotos100NCZ_5/centered_4x3_tif/DSC_4541ynm.tif,DSC_4541ynm.tif,DSC_4541,ynm,capture_number,4541,y,n,m,CMY+neutral,full__ynm__DSC_4541ynm,0.5408653846153846
38,ynm_full_038_ym,ynm,full,cm,ym,0.5,0.0,0.5,0.5,0.0,0.5,0.5,0.0,#e17c4b,0.8823529411764706,0.48627450980392156,0.29411764705882354,62.45289702748056,35.06929839281481,43.41945673452145,"[[0.55, 0.06735753140545635], [0.5166666666666666, 0.08660254037844395], [0.4833333333333334, 0.08660254037844395], [0.44999999999999996, 0.06735753140545636], [0.44999999999999996, 0.0], [0.55, 0.0]]",6,5,5,full,2180,9566,4123,2219,2180,2219,1.0,0.65,0.65,8,98.0,2.39578962516296,39,0.01757548445245606,#ee837b,0.93333334,0.51176476,0.48235294,66.24185846848516,40.17780603229354,22.35319070802071,66.26610902587257,40.25270628355795,22.18824416709984,13.257467724810072,22.005468488612813,1.0017296492864274,1.7192452593473824,0.4999548882559997,29.089667428294035,45.977399147817685,LayerLoomPhotos100NCZ_5/centered_4x3_tif/DSC_4541ynm.tif,DSC_4541ynm.tif,DSC_4541,ynm,capture_number,4541,y,n,m,CMY+neutral,full__ynm__DSC_4541ynm,0.5408653846153846
39,ynm_full_039_ymymn,ynm,full,cmcmy,ymymn,0.4,0.2,0.4,0.4,0.2,0.4,0.5,0.17320508075688773,#d08059,0.8141176470588235,0.5011764705882353,0.34980392156862744,61.19083335603244,27.047627167659293,33.81351824611435,"[[0.5166666666666666, 0.08660254037844392], [0.5583333333333332, 0.20688384645961583], [0.5499999999999999, 0.23094010767585013], [0.45000000000000007, 0.23094010767585016], [0.44166666666666676, 0.20688384645961586], [0.4833333333333334, 0.08660254037844392]]",6,5,5,full,3124,13865,5848,3188,3124,3188,1.0,0.65,0.65,8,98.0,7.004415313919893,64,0.020075282308657464,#bb866e,0.73333335,0.5254902,0.43137255,60.66891942113742,18.387877208622893,21.011715972681834,60.69406215334158,18.34872004560136,20.725979124625464,6.044133615544247,15.46446911331037,2.7609694774038775,4.796313401767429,1.305645869510088,48.810019877508864,27.921429697564665,LayerLoomPhotos100NCZ_5/centered_4x3_tif/DSC_4541ynm.tif,DSC_4541ynm.tif,DSC_4541,ynm,capture_number,4541,y,n,m,CMY+neutral,full__ynm__DSC_4541ynm,0.5408653846153846
40,ynm_full_040_ymymm,ynm,full,cmcmm,ymymm,0.4,0.0,0.6,0.4,0.0,0.6,0.6,0.0,#db685a,0.8588235294117647,0.4086274509803922,0.3529411764705882,57.792720015896336,43.79980661784777,29.401577379574974,"[[0.6333333333333333, 0.07698003589195006], [0.55, 0.06735753140545635], [0.55, 0.0], [0.6333333333333334, 0.0]]",6,5,5,full,1452,7164,3061,1482,1452,1482,1.0,0.65,0.65,8,98.0,4.1732683514893765,30,0.020242914979757085,#eb7e82,0.92156863,0.49411765,0.50980395,65.27711811641376,42.10244893911275,17.073863426630318,65.1691877314703,42.312751816461024,16.93626818696531,9.25024195628515,14.521355629631,1.6150662921854442,2.998848305372389,0.9649734495411583,22.07409735081427,45.43273070135473,LayerLoomPhotos100NCZ_5/centered_4x3_tif/DSC_4541ynm.tif,DSC_4541ynm.tif,DSC_4541,ynm,capture_number,4541,y,n,m,CMY+neutral,full__ynm__DSC_4541ynm,0.5408653846153846
41,ynm_full_041_ymm,ynm,full,cmm,ymm,0.3333333333333333,0.0,0.6666666666666666,0.3333333333333333,0.0,0.6666666666666666,0.6666666666666666,0.0,#d75b64,0.8431372549019608,0.3568627450980392,0.39215686274509803,54.92109472478978,49.47976671792647,19.744343642877826,"[[0.7083333333333331, 0.07216878364870336], [0.6833333333333338, 0.08660254037844362], [0.6583333333333332, 0.09141379262169061], [0.6333333333333334, 0.07698003589195007], [0.6333333333333334, 0.0], [0.7083333333333333, 0.0]]",6,5,5,full,1543,7516,3227,1574,1543,1574,1.0,0.65,0.65,8,98.0,3.6337973142401956,31,0.019695044472681066,#ea7c87,0.91764706,0.4862745,0.5294118,64.62631741071475,43.51578078395768,13.432230350389007,64.5111810426929,43.6253163356818,13.257309835042815,9.186556429387782,13.023181248112317,1.3728101597094269,2.529984650534039,0.7521350330378003,17.154145381524415,45.541717023223576,LayerLoomPhotos100NCZ_5/centered_4x3_tif/DSC_4541ynm.tif,DSC_4541ynm.tif,DSC_4541,ynm,capture_number,4541,y,n,m,CMY+neutral,full__ynm__DSC_4541ynm,0.5408653846153846
42,ynm_full_042_ymymnm,ynm,full,cmcmym,ymymnm,0.3333333333333333,0.16666666666666666,0.5,0.3333333333333333,0.16666666666666666,0.5,0.5833333333333334,0.14433756729740643,#cd6f63,0.8058823529411764,0.4339869281045752,0.3895424836601307,57.325240015783734,36.19161787990488,23.104818997146914,"[[0.6583333333333332, 0.09141379262169057], [0.6416666666666665, 0.15877132402714716], [0.5583333333333332, 0.20688384645961586], [0.5166666666666666, 0.0866025403784439], [0.55, 0.06735753140545633], [0.6333333333333334, 0.07698003589195007]]",6,5,5,full,3534,15060,6405,3607,3534,3607,1.0,0.65,0.65,8,98.0,8.784205349402836,73,0.02023842528416967,#c48073,0.76862746,0.5019608,0.4509804,60.1064083657048,24.695327255632836,18.415517201134602,59.889721876755196,24.589328304120407,17.276829338901237,5.548094058100943,12.723566592839145,3.434302290068335,7.349242733528944,2.1576022542953277,36.71220953538557,30.805688793599252,LayerLoomPhotos100NCZ_5/centered_4x3_tif/DSC_4541ynm.tif,DSC_4541ynm.tif,DSC_4541,ynm,capture_number,4541,y,n,m,CMY+neutral,full__ynm__DSC_4541ynm,0.5408653846153846
43,ynm_full_043_ymmm,ynm,full,cmmm,ymmm,0.25,0.0,0.75,0.25,0.0,0.75,0.75,0.0,#d24b71,0.8235294117647058,0.29215686274509806,0.4411764705882353,51.668565525830644,56.21727015606698,7.685778968975887,"[[0.7750000000000006, 0.07216878364870336], [0.7083333333333333, 0.07216878364870336], [0.7083333333333331, 0.0], [0.7750000000000006, 0.0]]",6,5,5,full,1093,5846,2473,1116,1093,1116,1.0,0.65,0.65,8,98.0,4.920026191341627,23,0.02060931899641577,#e8778d,0.9098039,0.46666667,0.5529412,63.45134947879792,45.723003318691504,7.667939882577546,63.62796352421857,45.654134571972605,8.264261498462341,11.211203673776396,15.778591583831094,2.0607423909384024,3.713564948239881,1.069837517590616,9.52015231431335,46.361517819457745,LayerLoomPhotos100NCZ_5/centered_4x3_tif/DSC_4541ynm.tif,DSC_4541ynm.tif,DSC_4541,ynm,capture_number,4541,y,n,m,CMY+neutral,full__ynm__DSC_4541ynm,0.5408653846153846
44,ynm_full_044_ymmmm,ynm,full,cmmmm,ymmmm,0.2,0.0,0.8,0.2,0.0,0.8,0.8,0.0,#cf4178,0.8117647058823529,0.25333333333333335,0.47058823529411764,49.9300161110031,59.96278169082675,0.597488729997786,"[[0.8166666666666662, 0.08660254037844367], [0.7750000000000006, 0.07216878364870337], [0.7750000000000006, 0.0], [0.8166666666666663, 0.0]]",6,5,5,full,512,3989,1716,522,512,522,1.0,0.65,0.65,8,98.0,6.188555510807304,10,0.019157088122605363,#e77294,0.90588236,0.44705883,0.5803922,62.64937289683446,48.547452857437776,2.5750266216647444,62.942091508476175,48.05613006902004,3.311399266670799,12.315001112530815,17.204721024551795,2.09830220999089,4.322973333411516,1.3916910673427303,3.036205217428858,48.615696447211626,LayerLoomPhotos100NCZ_5/centered_4x3_tif/DSC_4541ynm.tif,DSC_4541ynm.tif,DSC_4541,ynm,capture_number,4541,y,n,m,CMY+neutral,full__ynm__DSC_4541ynm,0.5408653846153846
45,ynm_full_045_ymmmmm,ynm,full,cmmmmm,ymmmmm,0.16666666666666666,0.0,0.8333333333333334,0.16666666666666666,0.0,0.8333333333333334,0.8333333333333334,0.0,#cd3a7d,0.8039215686274509,0.22745098039215692,0.4901960784313726,48.87116714116331,62.29780497489007,-4.023754337227636,"[[0.8333333333333333, 0.0962250448649377], [0.8166666666666662, 0.0866025403784437], [0.8166666666666663, 0.0], [0.9166666666666666, 0.0], [0.9166666666666666, 0.048112522432468836]]",6,5,5,full,1816,8988,3816,1854,1816,1854,1.0,0.65,0.65,8,98.0,6.497522600584612,38,0.020496224379719527,#e77297,0.90588236,0.44705883,0.5921569,62.6572444022181,49.11280808116303,1.2241160079762947,62.811242531811665,48.72565442508801,1.7868749483315354,13.650749174173411,19.784848053382525,2.8285809719641586,5.270261092435146,1.5181906055283192,1.42777750377428,49.12806099998388,LayerLoomPhotos100NCZ_5/centered_4x3_tif/DSC_4541ynm.tif,DSC_4541ynm.tif,DSC_4541,ynm,capture_number,4541,y,n,m,CMY+neutral,full__ynm__DSC_4541ynm,0.5408653846153846
46,ynm_full_046_m,ynm,full,m,m,0.0,0.0,1.0,0.0,0.0,1.0,1.0,0.0,#c31996,0.7647058823529411,0.09803921568627451,0.5882352941176471,44.94517938493525,71.41561872915153,-25.286338363609783,"[[0.9166666666666667, 0.048112522432468885], [0.9166666666666667, 0.0], [1.0, 0.0], [0.9583333333333334, 0.07216878364870329]]",6,5,5,full,662,4789,2087,672,662,672,1.0,0.65,0.65,8,98.0,2.094182695433946,10,0.01488095238095238,#e666ab,0.9019608,0.4,0.67058825,61.019292479631986,56.95687085230594,-12.630824457030233,60.87491243438202,57.09652199625703,-12.711891713321215,16.60631985585282,25.05183694236645,0.5263245220179378,1.3484323736131234,0.4953475506285075,347.4963659223028,58.34057647770179,LayerLoomPhotos100NCZ_5/centered_4x3_tif/DSC_4541ynm.tif,DSC_4541ynm.tif,DSC_4541,ynm,capture_number,4541,y,n,m,CMY+neutral,full__ynm__DSC_4541ynm,0.5408653846153846
47,ynm_full_047_ymnm,ynm,full,cmym,ymnm,0.25,0.25,0.5,0.25,0.25,0.5,0.625,0.21650635094610965,#c46870,0.7676470588235293,0.40784313725490196,0.4372549019607843,54.829021595380624,37.198719998467965,12.422840840207371,"[[0.6833333333333332, 0.23094010767585077], [0.6000000000000006, 0.27905263010831916], [0.575, 0.2742413778650722], [0.5499999999999999, 0.23094010767585016], [0.5583333333333332, 0.20688384645961583], [0.6416666666666664, 0.1587713240271472]]",6,5,5,full,2173,10984,4693,2218,2173,2218,1.0,0.65,0.65,8,98.0,6.474427494035519,45,0.02028854824165915,#b37b77,0.7019608,0.48235294,0.46666667,57.216093119383686,21.393327462300604,10.726491947250816,57.31491675620472,21.316896873062852,10.90151881085552,7.467489202102816,16.07439402433809,2.823644982877298,5.1671281497465245,1.4816191929692013,26.628924459995744,23.931821690035672,LayerLoomPhotos100NCZ_5/centered_4x3_tif/DSC_4541ynm.tif,DSC_4541ynm.tif,DSC_4541,ynm,capture_number,4541,y,n,m,CMY+neutral,full__ynm__DSC_4541ynm,0.5408653846153846
48,ynm_full_048_ymmnm,ynm,full,cmmym,ymmnm,0.2,0.2,0.6,0.2,0.2,0.6,0.7,0.17320508075688773,#c45877,0.7670588235294117,0.3458823529411765,0.4674509803921569,51.8759859229267,46.00259725036238,3.670572514643844,"[[0.766666666666667, 0.23094010767584996], [0.7499999999999998, 0.25018511664883825], [0.6833333333333333, 0.23094010767585071], [0.6416666666666665, 0.15877132402714722], [0.6583333333333332, 0.0914137926216906], [0.6833333333333339, 0.08660254037844359]]",6,5,5,full,2417,12685,5384,2466,2417,2466,1.0,0.65,0.65,8,98.0,9.674992788125348,49,0.019870235198702353,#bb767f,0.73333335,0.4627451,0.49803922,57.13115890688506,27.37262987070438,5.89387458448658,57.39517887916164,27.59841181614338,6.675085537033198,8.956241557861937,19.48423977865736,3.7084232984131114,7.040843791948704,1.9769113768985,12.151403435083466,27.999975422421972,LayerLoomPhotos100NCZ_5/centered_4x3_tif/DSC_4541ynm.tif,DSC_4541ynm.tif,DSC_4541,ynm,capture_number,4541,y,n,m,CMY+neutral,full__ynm__DSC_4541ynm,0.5408653846153846
49,ynm_full_049_ymmmnm,ynm,full,cmmmym,ymmmnm,0.16666666666666666,0.16666666666666666,0.6666666666666666,0.16666666666666666,0.16666666666666666,0.6666666666666666,0.75,0.14433756729740643,#c34e7c,0.7666666666666666,0.30457516339869284,0.4875816993464052,50.141260101472,51.50272536084199,-1.9308633650535478,"[[0.8250000000000003, 0.1587713240271464], [0.7916666666666666, 0.21650635094610957], [0.7666666666666672, 0.2309401076758499], [0.6833333333333339, 0.08660254037844357], [0.7083333333333331, 0.07216878364870336], [0.7750000000000006, 0.07216878364870336], [0.8166666666666662, 0.08660254037844367], [0.8333333333333333, 0.09622504486493769], [0.8333333333333333, 0.11547005383792629]]",6,5,5,full,4116,17362,7341,4199,4116,4199,1.0,0.65,0.65,8,98.0,11.654722210130203,83,0.019766611097880447,#bf7286,0.7490196,0.44705883,0.5254902,56.959803895547886,32.761433042611145,1.5117022256489365,57.569510481668814,32.133393616648576,3.3324181501821872,9.438060138174217,20.23807883855081,3.0723971016530767,8.723491421373136,2.7187053878099054,2.6419102037095854,32.796291537680375,LayerLoomPhotos100NCZ_5/centered_4x3_tif/DSC_4541ynm.tif,DSC_4541ynm.tif,DSC_4541,ynm,capture_number,4541,y,n,m,CMY+neutral,full__ynm__DSC_4541ynm,0.5408653846153846
50,ynm_full_050_mmmmmn,ynm,full,mmmmmy,mmmmmn,0.0,0.16666666666666666,0.8333333333333334,0.0,0.16666666666666666,0.8333333333333334,0.9166666666666667,0.14433756729740643,#ba2d95,0.7274509803921568,0.17516339869281047,0.5856209150326798,44.81708723256165,64.5261279992363,-25.217343718216046,"[[0.8333333333333334, 0.11547005383792527], [0.8333333333333334, 0.09622504486493769], [0.9166666666666666, 0.0481125224324689], [0.9583333333333333, 0.07216878364870329], [0.9083333333333332, 0.15877132402714716]]",6,5,5,full,1511,8966,3813,1542,1511,1542,1.0,0.65,0.65,8,98.0,3.9546528645298586,31,0.020103761348897537,#bf649e,0.7490196,0.39215687,0.61960787,55.00226008316763,45.01839108275557,-15.951987325576344,54.91348979229876,43.66002382875909,-15.351117757407776,11.810922487108623,23.87752865524352,1.657359583420938,2.9791633596273877,0.8562092768060741,340.4885346467591,47.76108704076232,LayerLoomPhotos100NCZ_5/centered_4x3_tif/DSC_4541ynm.tif,DSC_4541ynm.tif,DSC_4541,ynm,capture_number,4541,y,n,m,CMY+neutral,full__ynm__DSC_4541ynm,0.5408653846153846
51,ynm_full_051_mmmmn,ynm,full,mmmmy,mmmmn,0.0,0.2,0.8,0.0,0.2,0.8,0.9,0.17320508075688773,#b83195,0.72,0.19058823529411764,0.5850980392156864,44.918116447875995,62.80487675537733,-25.00603531788006,"[[0.8250000000000001, 0.15877132402714667], [0.8333333333333333, 0.11547005383792514], [0.9083333333333332, 0.15877132402714725], [0.8875000000000002, 0.19485571585149836]]",6,5,5,full,297,3953,1729,304,297,304,1.0,0.65,0.65,8,98.0,2.314235153048634,7,0.023026315789473683,#b9659c,0.7254902,0.39607844,0.6117647,54.63244034420673,41.23103025936775,-15.227466469565275,54.489296501459926,40.80883121799223,-15.067701502230776,11.838422476208589,25.601159155738227,1.4540168419825823,2.036226607341111,0.47450134253100157,339.7297761308718,43.95308397974633,LayerLoomPhotos100NCZ_5/centered_4x3_tif/DSC_4541ynm.tif,DSC_4541ynm.tif,DSC_4541,ynm,capture_number,4541,y,n,m,CMY+neutral,full__ynm__DSC_4541ynm,0.5408653846153846
52,ynm_full_052_mmmn,ynm,full,mmmy,mmmn,0.0,0.25,0.75,0.0,0.25,0.75,0.875,0.21650635094610965,#b53795,0.7088235294117646,0.21372549019607845,0.584313725490196,45.152474771199074,60.00786555802967,-24.560241234987366,"[[0.7916666666666665, 0.21650635094610965], [0.8250000000000001, 0.1587713240271467], [0.8875000000000002, 0.19485571585149844], [0.8541666666666666, 0.2525907427704614]]",6,5,5,full,771,5761,2487,787,771,787,1.0,0.65,0.65,8,98.0,4.145587904807216,16,0.020330368487928845,#b36799,0.7019608,0.40392157,0.6,53.465424214152534,37.00797989967064,-13.739413794917809,53.69300939152375,36.685664335109706,-13.745745650714,11.269091325780213,26.743039752923604,1.551756178253801,2.9777346735002133,0.85312519560659,339.6322824654881,39.47609488896291,LayerLoomPhotos100NCZ_5/centered_4x3_tif/DSC_4541ynm.tif,DSC_4541ynm.tif,DSC_4541,ynm,capture_number,4541,y,n,m,CMY+neutral,full__ynm__DSC_4541ynm,0.5408653846153846
53,ynm_full_053_mmn,ynm,full,mmy,mmn,0.0,0.3333333333333333,0.6666666666666666,0.0,0.3333333333333333,0.6666666666666666,0.8333333333333333,0.28867513459481287,#b04095,0.6901960784313724,0.2522875816993464,0.5830065359477125,45.76549839412049,54.79116553605162,-23.472415052041008,"[[0.7499999999999999, 0.2790526301083193], [0.7499999999999999, 0.25018511664883825], [0.7666666666666673, 0.23094010767584988], [0.7916666666666665, 0.2165063509461097], [0.8541666666666666, 0.25259074277046145], [0.8166666666666667, 0.3175426480542943]]",6,5,5,full,1235,7439,3199,1259,1235,1259,1.0,0.65,0.65,8,98.0,3.043190198979312,24,0.019062748212867357,#a76a92,0.654902,0.41568628,0.57254905,52.43790775259488,30.716953084047372,-11.56230292938314,52.47427511933991,30.68746873966793,-11.666029261409145,11.00401532835941,27.675612416088917,1.3895633816689688,2.5345003447579217,0.760669269674941,339.3729406919677,32.82100022544086,LayerLoomPhotos100NCZ_5/centered_4x3_tif/DSC_4541ynm.tif,DSC_4541ynm.tif,DSC_4541,ynm,capture_number,4541,y,n,m,CMY+neutral,full__ynm__DSC_4541ynm,0.5408653846153846
54,ynm_full_054_ymnmnm,ynm,full,cmymym,ymnmnm,0.16666666666666666,0.3333333333333333,0.5,0.16666666666666666,0.3333333333333333,0.5,0.6666666666666666,0.28867513459481287,#ba617c,0.7294117647058823,0.3816993464052288,0.4849673202614379,52.397367165058654,38.56228419404151,1.5940284128164395,"[[0.7499999999999998, 0.2790526301083193], [0.7166666666666667, 0.35603266600026906], [0.6833333333333338, 0.3752776749732563], [0.6000000000000006, 0.27905263010831927], [0.6833333333333333, 0.23094010767585077], [0.7499999999999998, 0.2501851166488382]]",6,5,5,full,3489,15141,6508,3560,3489,3560,1.0,0.65,0.65,8,98.0,11.619808345702877,71,0.019943820224719102,#a6767c,0.6509804,0.4627451,0.4862745,54.62582581470237,19.83954267295507,4.245939539423693,54.85310108764405,19.55891938983339,5.569954364657177,8.92376761596723,19.040475588650864,3.805421247468149,8.122080364337402,2.5860348697179694,12.079870687672496,20.28880124710296,LayerLoomPhotos100NCZ_5/centered_4x3_tif/DSC_4541ynm.tif,DSC_4541ynm.tif,DSC_4541,ynm,capture_number,4541,y,n,m,CMY+neutral,full__ynm__DSC_4541ynm,0.5408653846153846
55,ynm_full_055_mmnmn,ynm,full,mmymy,mmnmn,0.0,0.4,0.6,0.0,0.4,0.6,0.8,0.34641016151377546,#ac4894,0.6752941176470587,0.28313725490196073,0.5819607843137256,46.45421009260702,50.15238958253848,-22.296503628763787,"[[0.7166666666666666, 0.356032666000269], [0.7499999999999999, 0.2790526301083194], [0.8166666666666665, 0.3175426480542942], [0.775, 0.38971143170299727]]",6,5,5,full,1116,7176,3053,1135,1116,1135,1.0,0.65,0.65,8,98.0,3.915873639367385,19,0.016740088105726872,#9d6a8b,0.6156863,0.41568628,0.54509807,51.127838209787335,25.068698535299944,-9.275481120492968,51.169939164548424,25.547275227763507,-9.57902799256568,11.060345048557537,28.64579172394976,1.7953952826523,3.129868232300552,0.8859415242704988,339.69540031761994,26.72965013370678,LayerLoomPhotos100NCZ_5/centered_4x3_tif/DSC_4541ynm.tif,DSC_4541ynm.tif,DSC_4541,ynm,capture_number,4541,y,n,m,CMY+neutral,full__ynm__DSC_4541ynm,0.5408653846153846
