region_index,label,corner_label,condition,local_stack_token,stack_token,f_bottom_left,f_top,f_bottom_right,f_y,f_o,f_m,site_x,site_y,expected_hex,expected_R,expected_G,expected_B,expected_L,expected_a,expected_b,polygon_xy,max_height,max_run,distinct_lte,preset
1,yom_two_color_001_mo,yom,two_color,my,mo,0.0,0.5,0.5,0.0,0.5,0.5,0.75,0.4330127018922193,#e14a58,0.8823529411764706,0.2882352941176471,0.34509803921568627,53.54422411041759,59.41211690493975,25.270447288206512,"[[0.5, 0.34641016151377513], [0.5, 0.34641016151377513], [0.5, 0.28867513459481287], [0.55, 0.2598076211353315], [0.5500000000000003, 0.25980762113533146], [0.7750000000000001, 0.38971143170299727], [0.7250000000000001, 0.47631397208144116]]",6,2,2,two_color
2,yom_two_color_002_momoo,yom,two_color,mymyy,momoo,0.0,0.6,0.4,0.0,0.6,0.4,0.7,0.5196152422706631,#e7534c,0.9058823529411765,0.3262745098039216,0.29647058823529415,55.8139974622423,56.7134096855314,35.498889888143104,"[[0.49999999999999994, 0.44263520637871284], [0.49999999999999994, 0.44263520637871284], [0.49999999999999994, 0.3464101615137752], [0.7250000000000001, 0.47631397208144116], [0.6833333333333335, 0.5484827557301443]]",6,2,2,two_color
3,yom_two_color_003_moo,yom,two_color,myy,moo,0.0,0.6666666666666666,0.3333333333333333,0.0,0.6666666666666666,0.3333333333333333,0.6666666666666666,0.5773502691896257,#eb5a43,0.9215686274509803,0.3516339869281046,0.26405228758169935,57.39852042880595,54.90663095909532,42.082164119748555,"[[0.5, 0.5292377467571571], [0.4999999999999999, 0.5292377467571567], [0.49999999999999994, 0.4426352063787129], [0.6833333333333335, 0.5484827557301444], [0.6458333333333334, 0.6134346610139774]]",6,2,2,two_color
4,yom_two_color_004_omoo,yom,two_color,ymyy,omoo,0.0,0.75,0.25,0.0,0.75,0.25,0.625,0.649519052838329,#f06239,0.9411764705882353,0.38333333333333336,0.22352941176470587,59.448011134100184,52.65300814714402,49.88283392374061,"[[0.5, 0.6062177826491071], [0.5, 0.6062177826491071], [0.5, 0.529237746757157], [0.6458333333333334, 0.6134346610139774], [0.6125, 0.6711696879329399]]",6,2,2,two_color
5,yom_two_color_005_oomoo,yom,two_color,yymyy,oomoo,0.0,0.8,0.2,0.0,0.8,0.2,0.6000000000000001,0.6928203230275509,#f36733,0.9529411764705882,0.4023529411764706,0.1992156862745098,60.70995235657307,51.307850870585206,54.25771386802355,"[[0.5, 0.7505553499465134], [0.5, 0.6062177826491071], [0.6125, 0.6711696879329399], [0.55, 0.7794228634059948]]",6,2,2,two_color
6,yom_two_color_006_o,yom,two_color,y,o,0.0,1.0,0.0,0.0,1.0,0.0,0.5,0.8660254037844386,#ff7a1a,1.0,0.47843137254901963,0.10196078431372549,65.95057778279283,46.01545402094476,68.57062418706151,"[[0.45, 0.7794228634059948], [0.5, 0.7505553499465135], [0.5499999999999999, 0.7794228634059948], [0.5, 0.8660254037844386]]",6,2,2,two_color
7,yom_two_color_007_ooyoo,yom,two_color,yycyy,ooyoo,0.2,0.8,0.0,0.2,0.8,0.0,0.4,0.6928203230275509,#ff8e15,1.0,0.5576470588235295,0.0815686274509804,69.9827856485692,35.900579068845914,72.69096121414668,"[[0.45, 0.7794228634059948], [0.38750000000000007, 0.6711696879329401], [0.5, 0.6062177826491071], [0.49999999999999994, 0.606217782649107], [0.5, 0.7505553499465134]]",6,2,2,two_color
8,yom_two_color_008_oyoo,yom,two_color,ycyy,oyoo,0.25,0.75,0.0,0.25,0.75,0.0,0.375,0.649519052838329,#ff9314,1.0,0.5774509803921569,0.07647058823529412,71.04973524387583,33.302977338059705,73.70192716191266,"[[0.49999999999999994, 0.6062177826491072], [0.38750000000000007, 0.6711696879329401], [0.3541666666666665, 0.6134346610139771], [0.4999999999999999, 0.5292377467571566], [0.5, 0.529237746757157], [0.5, 0.606217782649107]]",6,2,2,two_color
9,yom_two_color_009_yoo,yom,two_color,cyy,yoo,0.3333333333333333,0.6666666666666666,0.0,0.3333333333333333,0.6666666666666666,0.0,0.3333333333333333,0.5773502691896257,#ff9c11,1.0,0.6104575163398693,0.06797385620915032,72.87373589050357,28.9356606984682,75.37165258562459,"[[0.5000000000000001, 0.5292377467571565], [0.3541666666666665, 0.6134346610139771], [0.31666666666666654, 0.5484827557301443], [0.4999999999999999, 0.44263520637871295], [0.49999999999999994, 0.4426352063787134], [0.49999999999999994, 0.529237746757157]]",6,2,2,two_color
10,yom_two_color_010_yoyoo,yom,two_color,cycyy,yoyoo,0.4,0.6,0.0,0.4,0.6,0.0,0.3,0.5196152422706631,#ffa210,1.0,0.6368627450980393,0.0611764705882353,74.37079615128846,25.418703439362755,76.6951025205173,"[[0.49999999999999994, 0.44263520637871295], [0.3166666666666666, 0.5484827557301443], [0.27500000000000013, 0.47631397208144144], [0.5, 0.3464101615137757], [0.5, 0.34641016151377535], [0.5, 0.4426352063787127]]",6,2,2,two_color
11,yom_two_color_011_yo,yom,two_color,cy,yo,0.5,0.5,0.0,0.5,0.5,0.0,0.25,0.4330127018922193,#ffad0d,1.0,0.6764705882352942,0.050980392156862744,76.67300518430393,20.125485418718892,78.66286162698684,"[[0.4999999999999999, 0.3464101615137758], [0.2750000000000002, 0.47631397208144144], [0.22500000000000003, 0.3897114317029974], [0.45, 0.25980762113533157], [0.45, 0.25980762113533157], [0.5, 0.28867513459481287], [0.5, 0.34641016151377524]]",6,2,2,two_color
12,yom_two_color_012_yyoyo,yom,two_color,ccycy,yyoyo,0.6,0.4,0.0,0.6,0.4,0.0,0.2,0.34641016151377546,#ffb70a,1.0,0.716078431372549,0.0407843137254902,79.03551590229607,14.834011880161036,80.61386264736072,"[[0.36666666666666653, 0.21169509870286277], [0.36666666666666714, 0.21169509870286302], [0.45, 0.25980762113533157], [0.225, 0.3897114317029973], [0.18333333333333335, 0.3175426480542941]]",6,2,2,two_color
13,yom_two_color_013_yyo,yom,two_color,ccy,yyo,0.6666666666666666,0.3333333333333333,0.0,0.6666666666666666,0.3333333333333333,0.0,0.16666666666666666,0.28867513459481287,#ffbd09,1.0,0.742483660130719,0.03398692810457516,80.64006228490356,11.318016287963806,81.91233890022134,"[[0.29166666666666674, 0.16839382851364088], [0.29166666666666674, 0.16839382851364088], [0.3666666666666666, 0.21169509870286274], [0.18333333333333332, 0.3175426480542941], [0.14583333333333337, 0.2525907427704613]]",6,2,2,two_color
14,yom_two_color_014_yyoy,yom,two_color,ccyc,yyoy,0.75,0.25,0.0,0.75,0.25,0.0,0.125,0.21650635094610965,#ffc607,1.0,0.7754901960784314,0.025490196078431372,82.67503192424981,6.944610171289112,83.55113476041522,"[[0.22499999999999984, 0.12990381056766567], [0.2916666666666667, 0.16839382851364085], [0.14583333333333337, 0.2525907427704613], [0.11250000000000002, 0.1948557158514987], [0.22500000000000003, 0.12990381056766576]]",6,2,2,two_color
15,yom_two_color_015_yyoyy,yom,two_color,ccycc,yyoyy,0.8,0.2,0.0,0.8,0.2,0.0,0.1,0.17320508075688773,#ffcb05,1.0,0.7952941176470588,0.0203921568627451,83.91018440610115,4.335725257683776,84.54218946995307,"[[0.22499999999999995, 0.12990381056766578], [0.11249999999999999, 0.19485571585149866], [0.04999999999999999, 0.08660254037844385], [0.1, 0.05773502691896256]]",6,2,2,two_color
16,yom_two_color_016_y,yom,two_color,c,y,1.0,0.0,0.0,1.0,0.0,0.0,0.0,0.0,#ffdf00,1.0,0.8745098039215686,0.0,88.94096720886532,-5.949434572648293,88.5567575521992,"[[0.1, 0.057735026918962574], [0.05, 0.08660254037844387], [0.0, 0.0], [0.10000000000000002, 0.0]]",6,2,2,two_color
17,yom_two_color_017_yymyy,yom,two_color,ccmcc,yymyy,0.8,0.0,0.2,0.8,0.0,0.2,0.2,0.0,#f3b71e,0.9529411764705882,0.7192156862745098,0.11764705882352941,77.98402366630827,9.564777772315624,76.10333175007294,"[[0.22499999999999998, 0.12990381056766578], [0.22499999999999992, 0.12990381056766576], [0.1, 0.05773502691896257], [0.10000000000000002, 0.0], [0.22499999999999998, 0.0]]",6,2,2,two_color
18,yom_two_color_018_yymy,yom,two_color,ccmc,yymy,0.75,0.0,0.25,0.75,0.0,0.25,0.25,0.0,#f0ae26,0.9411764705882353,0.6803921568627451,0.14705882352941177,75.29275943833024,13.646301897515034,71.93335971602419,"[[0.29166666666666663, 0.16839382851364085], [0.29166666666666674, 0.16839382851364088], [0.22499999999999992, 0.12990381056766573], [0.22499999999999995, 0.12990381056766576], [0.22499999999999998, 0.0], [0.29166666666666674, 0.0]]",6,2,2,two_color
19,yom_two_color_019_yym,yom,two_color,ccm,yym,0.6666666666666666,0.0,0.3333333333333333,0.6666666666666666,0.0,0.3333333333333333,0.3333333333333333,0.0,#eb9d32,0.9215686274509803,0.615686274509804,0.19607843137254902,70.87834005274337,20.623964460334378,63.79337035503971,"[[0.3666666666666667, 0.2116950987028628], [0.36666666666666675, 0.2116950987028628], [0.29166666666666674, 0.16839382851364085], [0.2916666666666667, 0.16839382851364082], [0.2916666666666667, 0.0], [0.3666666666666667, 0.0]]",6,2,2,two_color
20,yom_two_color_020_yymym,yom,two_color,ccmcm,yymym,0.6,0.0,0.4,0.6,0.0,0.4,0.4,0.0,#e7903c,0.9058823529411765,0.563921568627451,0.23529411764705882,67.4309478758879,26.342851808801193,56.233812465552,"[[0.44999999999999996, 0.25980762113533157], [0.4500000000000001, 0.2598076211353316], [0.3666666666666665, 0.21169509870286266], [0.36666666666666675, 0.21169509870286288], [0.3666666666666667, 0.0], [0.44999999999999996, 0.0]]",6,2,2,two_color
21,yom_two_color_021_ym,yom,two_color,cm,ym,0.5,0.0,0.5,0.5,0.0,0.5,0.5,0.0,#e17c4b,0.8823529411764706,0.48627450980392156,0.29411764705882354,62.45289702748056,35.06929839281481,43.41945673452145,"[[0.55, 0.2598076211353316], [0.5, 0.2886751345948129], [0.4500000000000002, 0.25980762113533173], [0.44999999999999996, 0.25980762113533157], [0.44999999999999996, 0.0], [0.55, 0.0]]",6,2,2,two_color
22,yom_two_color_022_ymymm,yom,two_color,cmcmm,ymymm,0.4,0.0,0.6,0.4,0.0,0.6,0.6,0.0,#db685a,0.8588235294117647,0.4086274509803922,0.3529411764705882,57.792720015896336,43.79980661784777,29.401577379574974,"[[0.6333333333333334, 0.2116950987028627], [0.6333333333333331, 0.211695098702863], [0.5500000000000002, 0.25980762113533157], [0.55, 0.2598076211353316], [0.55, 0.0], [0.6333333333333334, 0.0]]",6,2,2,two_color
23,yom_two_color_023_ymm,yom,two_color,cmm,ymm,0.3333333333333333,0.0,0.6666666666666666,0.3333333333333333,0.0,0.6666666666666666,0.6666666666666666,0.0,#d75b64,0.8431372549019608,0.3568627450980392,0.39215686274509803,54.92109472478978,49.47976671792647,19.744343642877826,"[[0.7083333333333331, 0.168393828513641], [0.7083333333333331, 0.168393828513641], [0.6333333333333333, 0.2116950987028628], [0.6333333333333334, 0.0], [0.7083333333333333, 0.0]]",6,2,2,two_color
24,yom_two_color_024_mymm,yom,two_color,mcmm,mymm,0.25,0.0,0.75,0.25,0.0,0.75,0.75,0.0,#d24b71,0.8235294117647058,0.29215686274509806,0.4411764705882353,51.668565525830644,56.21727015606698,7.685778968975887,"[[0.7750000000000006, 0.12990381056766542], [0.7750000000000004, 0.12990381056766562], [0.7083333333333331, 0.16839382851364093], [0.7083333333333331, 0.0], [0.7750000000000006, 0.0]]",6,2,2,two_color
25,yom_two_color_025_mmymm,yom,two_color,mmcmm,mmymm,0.2,0.0,0.8,0.2,0.0,0.8,0.8,0.0,#cf4178,0.8117647058823529,0.25333333333333335,0.47058823529411764,49.9300161110031,59.96278169082675,0.597488729997786,"[[0.7750000000000006, 0.12990381056766537], [0.7750000000000006, 0.0], [0.8999999999999999, 0.0], [0.8999999999999999, 0.05773502691896263]]",6,2,2,two_color
26,yom_two_color_026_m,yom,two_color,m,m,0.0,0.0,1.0,0.0,0.0,1.0,1.0,0.0,#c31996,0.7647058823529411,0.09803921568627451,0.5882352941176471,44.94517938493525,71.41561872915153,-25.286338363609783,"[[0.8999999999999999, 0.05773502691896262], [0.8999999999999999, 0.0], [1.0, 0.0], [0.95, 0.08660254037844395]]",6,2,2,two_color
27,yom_two_color_027_mmomm,yom,two_color,mmymm,mmomm,0.0,0.2,0.8,0.0,0.2,0.8,0.9,0.17320508075688773,#cf2c7d,0.8117647058823529,0.17411764705882354,0.4909803921568628,47.73462346444327,67.08714465268916,-5.790117668219019,"[[0.7750000000000004, 0.12990381056766553], [0.7750000000000004, 0.1299038105676656], [0.8999999999999999, 0.05773502691896262], [0.95, 0.08660254037844393], [0.8875000000000002, 0.19485571585149836]]",6,2,2,two_color
28,yom_two_color_028_mmom,yom,two_color,mmym,mmom,0.0,0.25,0.75,0.0,0.25,0.75,0.875,0.21650635094610965,#d23177,0.8235294117647058,0.1931372549019608,0.4666666666666667,48.58003200991725,65.88304866652928,-0.7034040005712283,"[[0.7083333333333333, 0.16839382851364088], [0.708333333333333, 0.1683938285136411], [0.7750000000000006, 0.12990381056766553], [0.7750000000000005, 0.12990381056766556], [0.8875000000000002, 0.19485571585149838], [0.8541666666666666, 0.2525907427704614]]",6,2,2,two_color
29,yom_two_color_029_mmo,yom,two_color,mmy,mmo,0.0,0.3333333333333333,0.6666666666666666,0.0,0.3333333333333333,0.6666666666666666,0.8333333333333333,0.28867513459481287,#d7396d,0.8431372549019608,0.22483660130718955,0.42614379084967324,50.10623141864188,63.795324231423145,7.899709013172629,"[[0.6333333333333329, 0.21169509870286304], [0.6333333333333332, 0.2116950987028628], [0.708333333333333, 0.16839382851364093], [0.7083333333333333, 0.16839382851364088], [0.8541666666666666, 0.25259074277046145], [0.8166666666666667, 0.3175426480542943]]",6,2,2,two_color
30,yom_two_color_030_mmomo,yom,two_color,mmymy,mmomo,0.0,0.4,0.6,0.0,0.4,0.6,0.8,0.34641016151377546,#db4064,0.8588235294117647,0.25019607843137254,0.39372549019607844,51.42406872049685,62.0679106077171,14.84953793234256,"[[0.5500000000000003, 0.2598076211353315], [0.5500000000000003, 0.2598076211353315], [0.6333333333333333, 0.21169509870286285], [0.6333333333333329, 0.21169509870286302], [0.8166666666666665, 0.3175426480542942], [0.775, 0.38971143170299727]]",6,2,2,two_color
