region_index,label,corner_label,condition,local_stack_token,stack_token,f_bottom_left,f_top,f_bottom_right,f_c,f_w,f_y,site_x,site_y,expected_hex,expected_R,expected_G,expected_B,expected_L,expected_a,expected_b,polygon_xy,max_height,max_run,distinct_lte,preset,sample_pixels,raw_region_pixels,core_region_pixels,candidate_mask_pixels,sample_mask_pixels,old_color_mask_pixels,old_color_mask_fraction,sample_core_fraction_requested,sample_core_fraction_used,erosion_px_used,lab_trim_percentile,lab_trim_cutoff_deltaE00,lab_trimmed_pixels,lab_trimmed_fraction,measured_hex,measured_R,measured_G,measured_B,measured_L,measured_a,measured_b,measured_L_mean,measured_a_mean,measured_b_mean,deltaE00_to_expected,deltaE76_to_expected,within_region_deltaE00_median,within_region_deltaE00_p90,within_region_deltaE00_sd,hue_angle_degrees,measured_chroma,source_path,filename,photo_id,filename_label,condition_source,capture_number,bottom_left_anchor,top_anchor,bottom_right_anchor,palette_family,analysis_id,analysis_scale
1,cwy_two_color_001_yw,cwy,two_color,my,yw,0.0,0.5,0.5,0.0,0.5,0.5,0.75,0.4330127018922193,#faea7b,0.9803921568627452,0.9176470588235295,0.4803921568627451,91.9488240565362,-8.674881669843703,55.525164261720896,"[[0.5, 0.34641016151377513], [0.5, 0.34641016151377513], [0.5, 0.28867513459481287], [0.55, 0.2598076211353315], [0.5500000000000003, 0.25980762113533146], [0.7750000000000001, 0.38971143170299727], [0.7250000000000001, 0.47631397208144116]]",6,2,2,two_color,10911,39576,16854,11100,10911,0,0.0,0.65,0.65,8,98.0,2.465926517246599,189,0.017027027027027027,#ffef89,1.0,0.9372549,0.5372549,93.7136414018293,-7.6921696702376146,50.70652625285605,93.71163137589359,-7.653610644667207,50.58403097146238,1.802053720203726,5.2248995585459985,0.8914484966448826,1.8546498140139314,0.5785194474968619,98.62598981274266,51.28665790307752,LayerLoomPhotos100NCZ_5/centered_4x3_tif/DSC_4574cwy.tif,DSC_4574cwy.tif,DSC_4574,cwy,capture_number,4574,c,w,y,CMY+neutral,two_color__cwy__DSC_4574cwy,0.6064690026954178
2,cwy_two_color_002_ywyww,cwy,two_color,mymyy,ywyww,0.0,0.6,0.4,0.0,0.6,0.4,0.7,0.5196152422706631,#f9ec93,0.9764705882352942,0.9262745098039217,0.5764705882352941,92.73114977667396,-7.8910818467205495,44.73620836974273,"[[0.49999999999999994, 0.44263520637871284], [0.49999999999999994, 0.44263520637871284], [0.49999999999999994, 0.3464101615137752], [0.7250000000000001, 0.47631397208144116], [0.6833333333333335, 0.5484827557301443]]",6,2,2,two_color,7074,28737,12134,7208,7074,2674,0.370976692563818,0.65,0.65,8,98.0,5.5676272441005406,134,0.018590455049944506,#fef096,0.99607843,0.9411765,0.5882353,94.07528442131425,-7.24718947459968,45.137222599785254,94.08575179429702,-7.117179793833347,43.80927195331302,0.9476878982666368,1.5434078341431094,1.6879328725845837,4.009748618977667,1.3505098635406778,99.12150573800193,45.71532149403866,LayerLoomPhotos100NCZ_5/centered_4x3_tif/DSC_4574cwy.tif,DSC_4574cwy.tif,DSC_4574,cwy,capture_number,4574,c,w,y,CMY+neutral,two_color__cwy__DSC_4574cwy,0.6064690026954178
3,cwy_two_color_003_yww,cwy,two_color,myy,yww,0.0,0.6666666666666666,0.3333333333333333,0.0,0.6666666666666666,0.3333333333333333,0.6666666666666666,0.5773502691896257,#f8eea3,0.9738562091503269,0.9320261437908498,0.6405228758169935,93.28989762805435,-7.0985775864075285,37.34317724520992,"[[0.5, 0.5292377467571571], [0.4999999999999999, 0.5292377467571567], [0.49999999999999994, 0.4426352063787129], [0.6833333333333335, 0.5484827557301444], [0.6458333333333334, 0.6134346610139774]]",6,2,2,two_color,4707,20845,8817,4804,4707,3620,0.7535387177352206,0.65,0.65,8,98.0,4.160160012915306,97,0.020191507077435472,#fdf0a1,0.99215686,0.9411765,0.6313726,94.29820896900131,-7.026933829326342,39.792107491183735,94.32273170522843,-7.246020598375566,40.939842283022365,1.1194187251410683,2.649355381570454,1.5116380655600503,3.3048181092662143,1.0712684144390552,100.01467845212079,40.40779154608244,LayerLoomPhotos100NCZ_5/centered_4x3_tif/DSC_4574cwy.tif,DSC_4574cwy.tif,DSC_4574,cwy,capture_number,4574,c,w,y,CMY+neutral,two_color__cwy__DSC_4574cwy,0.6064690026954178
4,cwy_two_color_004_wyww,cwy,two_color,ymyy,wyww,0.0,0.75,0.25,0.0,0.75,0.25,0.625,0.649519052838329,#f8f0b8,0.9705882352941178,0.9392156862745099,0.7205882352941176,94.03074541756537,-5.8061779066262424,27.997281699796005,"[[0.5, 0.6062177826491071], [0.5, 0.6062177826491071], [0.5, 0.529237746757157], [0.6458333333333334, 0.6134346610139774], [0.6125, 0.6711696879329399]]",6,2,2,two_color,2905,14470,6156,2960,2905,2939,0.9929054054054054,0.65,0.65,8,98.0,5.763811928692231,55,0.018581081081081082,#fbf1b0,0.9843137,0.94509804,0.6901961,94.60852652315086,-6.491619640008272,32.677663283379665,94.60240543980899,-6.789304887497247,33.65819442473763,2.0137706521084326,4.765462531988101,2.4961994648677086,4.39575419420351,1.4836345330728422,101.23587931688616,33.31622432408091,LayerLoomPhotos100NCZ_5/centered_4x3_tif/DSC_4574cwy.tif,DSC_4574cwy.tif,DSC_4574,cwy,capture_number,4574,c,w,y,CMY+neutral,two_color__cwy__DSC_4574cwy,0.6064690026954178
5,cwy_two_color_005_wwyww,cwy,two_color,yymyy,wwyww,0.0,0.8,0.2,0.0,0.8,0.2,0.6000000000000001,0.6928203230275509,#f7f1c4,0.9686274509803923,0.943529411764706,0.7686274509803922,94.49799914190935,-4.872218839970466,22.370113365105905,"[[0.5, 0.7505553499465134], [0.5, 0.6062177826491071], [0.6125, 0.6711696879329399], [0.55, 0.7794228634059948]]",6,2,2,two_color,4010,17181,7255,4090,4010,4090,1.0,0.65,0.65,8,98.0,7.547427443591941,80,0.019559902200488997,#f8f2c0,0.972549,0.9490196,0.7529412,94.77605801832895,-5.433768281018048,24.937243226347604,94.78746846005494,-6.002285643972225,27.18692014279613,1.273658317123088,2.6425007545836983,2.4844219672381143,5.899425025879625,1.8630513153783264,102.29247657691963,25.522381108780138,LayerLoomPhotos100NCZ_5/centered_4x3_tif/DSC_4574cwy.tif,DSC_4574cwy.tif,DSC_4574,cwy,capture_number,4574,c,w,y,CMY+neutral,two_color__cwy__DSC_4574cwy,0.6064690026954178
6,cwy_two_color_006_w,cwy,two_color,y,w,0.0,1.0,0.0,0.0,1.0,0.0,0.5,0.8660254037844386,#f5f5f5,0.9607843137254902,0.9607843137254902,0.9607843137254902,96.53749336548567,-1.616917905122861e-05,6.467671598286984e-06,"[[0.45, 0.7794228634059948], [0.5, 0.7505553499465135], [0.5499999999999999, 0.7794228634059948], [0.5, 0.8660254037844386]]",6,2,2,two_color,1389,8419,3600,1392,1389,0,0.0,0.65,0.65,8,98.0,0.841933281840475,3,0.0021551724137931034,#f4f2f0,0.95686275,0.9490196,0.9411765,95.59245486785065,0.3159610100488264,1.1972938851944948,95.5708884118015,0.17282707742368955,1.2097328996115195,1.3709904649444347,1.5577023142961939,0.0,0.8315985794016489,0.2993542302229311,75.21689560064942,1.2382826847675785,LayerLoomPhotos100NCZ_5/centered_4x3_tif/DSC_4574cwy.tif,DSC_4574cwy.tif,DSC_4574,cwy,capture_number,4574,c,w,y,CMY+neutral,two_color__cwy__DSC_4574cwy,0.6064690026954178
7,cwy_two_color_007_wwcww,cwy,two_color,yycyy,wwcww,0.2,0.8,0.0,0.2,0.8,0.0,0.4,0.6928203230275509,#d0ecf0,0.8141176470588235,0.9254901960784314,0.9411764705882353,91.51973966957743,-8.457423368081695,-5.0711284268249335,"[[0.45, 0.7794228634059948], [0.38750000000000007, 0.6711696879329401], [0.5, 0.6062177826491071], [0.49999999999999994, 0.606217782649107], [0.5, 0.7505553499465134]]",6,2,2,two_color,4017,17089,7271,4097,4017,4097,1.0,0.65,0.65,8,98.0,3.705388037762924,80,0.01952648279228704,#c8daee,0.78431374,0.85490197,0.93333334,86.27343390223787,-2.2827644204412856,-11.814969399291897,85.98222972540059,-2.3640685170637434,-12.358732616097818,9.323633476584352,10.541799105751366,1.2642958544704608,3.0489342475330847,0.8985031733871781,259.06465380941347,12.033474781019677,LayerLoomPhotos100NCZ_5/centered_4x3_tif/DSC_4574cwy.tif,DSC_4574cwy.tif,DSC_4574,cwy,capture_number,4574,c,w,y,CMY+neutral,two_color__cwy__DSC_4574cwy,0.6064690026954178
8,cwy_two_color_008_wcww,cwy,two_color,ycyy,wcww,0.25,0.75,0.0,0.25,0.75,0.0,0.375,0.649519052838329,#c6eaef,0.7774509803921569,0.9166666666666667,0.9362745098039217,90.30247916735165,-10.471861430872476,-6.282213693416638,"[[0.49999999999999994, 0.6062177826491072], [0.38750000000000007, 0.6711696879329401], [0.3541666666666665, 0.6134346610139771], [0.4999999999999999, 0.5292377467571566], [0.5, 0.529237746757157], [0.5, 0.606217782649107]]",6,2,2,two_color,2941,14469,6195,2992,2941,2992,1.0,0.65,0.65,8,98.0,2.972067977458822,51,0.017045454545454544,#bfd4ee,0.7490196,0.83137256,0.93333334,84.14671515993813,-2.155636089758328,-14.844554377449715,83.91282047204918,-2.2082827005628785,-15.173393534522775,11.461336105297988,13.4300674766959,1.1350917132046632,2.5978902333341134,0.7894532164750637,261.73760821659505,15.000252051766665,LayerLoomPhotos100NCZ_5/centered_4x3_tif/DSC_4574cwy.tif,DSC_4574cwy.tif,DSC_4574,cwy,capture_number,4574,c,w,y,CMY+neutral,two_color__cwy__DSC_4574cwy,0.6064690026954178
9,cwy_two_color_009_cww,cwy,two_color,cyy,cww,0.3333333333333333,0.6666666666666666,0.0,0.3333333333333333,0.6666666666666666,0.0,0.3333333333333333,0.5773502691896257,#b7e6ed,0.7163398692810458,0.9019607843137255,0.9281045751633988,88.31045586045082,-13.711917871608081,-8.244035410743255,"[[0.5000000000000001, 0.5292377467571565], [0.3541666666666665, 0.6134346610139771], [0.31666666666666654, 0.5484827557301443], [0.4999999999999999, 0.44263520637871295], [0.49999999999999994, 0.4426352063787134], [0.49999999999999994, 0.529237746757157]]",6,2,2,two_color,4761,20716,8891,4854,4761,4854,1.0,0.65,0.65,8,98.0,2.4139786878276004,93,0.019159456118665017,#b2cded,0.69803923,0.8039216,0.92941177,81.39152301817316,-2.0807384064583934,-18.758504360474817,81.38255222638229,-2.118912123453184,-18.836147358976806,13.777044653409318,17.13797026258761,1.0693314186419962,1.9035765970446838,0.5573542208868083,263.6704887188972,18.873551816180857,LayerLoomPhotos100NCZ_5/centered_4x3_tif/DSC_4574cwy.tif,DSC_4574cwy.tif,DSC_4574,cwy,capture_number,4574,c,w,y,CMY+neutral,two_color__cwy__DSC_4574cwy,0.6064690026954178
10,cwy_two_color_010_cwcww,cwy,two_color,cycyy,cwcww,0.4,0.6,0.0,0.4,0.6,0.0,0.3,0.5196152422706631,#aae3eb,0.6674509803921569,0.8901960784313726,0.9215686274509804,86.75197064023902,-16.180608536512654,-9.758997314842022,"[[0.49999999999999994, 0.44263520637871295], [0.3166666666666666, 0.5484827557301443], [0.27500000000000013, 0.47631397208144144], [0.5, 0.3464101615137757], [0.5, 0.34641016151377535], [0.5, 0.4426352063787127]]",6,2,2,two_color,7099,28655,12190,7242,7099,7242,1.0,0.65,0.65,8,98.0,3.4187092163207526,143,0.019745926539629935,#a8c7ec,0.65882355,0.78039217,0.9254902,79.26786731252847,-1.938334846967149,-21.695621303270187,79.61322522439782,-1.9453689559731997,-21.126187595667467,15.145888129629519,20.033400977090412,1.0651295790312774,2.442663534770104,0.7639671731092679,264.8946231564214,21.782036766883817,LayerLoomPhotos100NCZ_5/centered_4x3_tif/DSC_4574cwy.tif,DSC_4574cwy.tif,DSC_4574,cwy,capture_number,4574,c,w,y,CMY+neutral,two_color__cwy__DSC_4574cwy,0.6064690026954178
11,cwy_two_color_011_cw,cwy,two_color,cy,cw,0.5,0.5,0.0,0.5,0.5,0.0,0.25,0.4330127018922193,#98dfe9,0.5941176470588235,0.8725490196078431,0.911764705882353,84.47714009895887,-19.637580053559034,-11.93320855548472,"[[0.4999999999999999, 0.3464101615137758], [0.2750000000000002, 0.47631397208144144], [0.22500000000000003, 0.3897114317029974], [0.45, 0.25980762113533157], [0.45, 0.25980762113533157], [0.5, 0.28867513459481287], [0.5, 0.34641016151377524]]",6,2,2,two_color,10879,39915,16849,11083,10879,11083,1.0,0.65,0.65,8,98.0,1.7734251973132187,204,0.01840656861860507,#a0c2ec,0.627451,0.7607843,0.9254902,77.32073986373021,-1.6458925301725547,-24.537094627818767,77.36364783181875,-1.642635234641593,-24.500315098936493,16.246766100282965,23.10352415520926,0.539856603521301,1.1015903509662446,0.3523402871155983,266.1624780077835,24.592234038318082,LayerLoomPhotos100NCZ_5/centered_4x3_tif/DSC_4574cwy.tif,DSC_4574cwy.tif,DSC_4574,cwy,capture_number,4574,c,w,y,CMY+neutral,two_color__cwy__DSC_4574cwy,0.6064690026954178
12,cwy_two_color_012_ccwcw,cwy,two_color,ccycy,ccwcw,0.6,0.4,0.0,0.6,0.4,0.0,0.2,0.34641016151377546,#85dae6,0.5207843137254902,0.8549019607843137,0.9019607843137255,82.2833002416743,-22.74293603831096,-13.98008971986997,"[[0.36666666666666653, 0.21169509870286277], [0.36666666666666714, 0.21169509870286302], [0.45, 0.25980762113533157], [0.225, 0.3897114317029973], [0.18333333333333335, 0.3175426480542941]]",6,2,2,two_color,6868,28483,12068,7004,6868,7004,1.0,0.65,0.65,8,98.0,2.9660871176366306,136,0.019417475728155338,#9abeeb,0.6039216,0.74509805,0.92156863,75.83200083828248,-1.1392480534878902,-26.616977035504053,75.67296719172428,-1.1823930170592885,-26.77447318743295,17.099270497682177,25.8462670334775,0.8423883988278583,2.0465078656019657,0.6738929992516149,267.54914734253276,26.641346674594473,LayerLoomPhotos100NCZ_5/centered_4x3_tif/DSC_4574cwy.tif,DSC_4574cwy.tif,DSC_4574,cwy,capture_number,4574,c,w,y,CMY+neutral,two_color__cwy__DSC_4574cwy,0.6064690026954178
13,cwy_two_color_013_ccw,cwy,two_color,ccy,ccw,0.6666666666666666,0.3333333333333333,0.0,0.6666666666666666,0.3333333333333333,0.0,0.16666666666666666,0.28867513459481287,#78d7e4,0.47189542483660135,0.8431372549019608,0.8954248366013072,80.86869976537044,-24.584811857946644,-15.26882688076956,"[[0.29166666666666674, 0.16839382851364088], [0.29166666666666674, 0.16839382851364088], [0.3666666666666666, 0.21169509870286274], [0.18333333333333332, 0.3175426480542941], [0.14583333333333337, 0.2525907427704613]]",6,2,2,two_color,4543,20729,8768,4634,4543,4634,1.0,0.65,0.65,8,98.0,3.3262324218606723,91,0.019637462235649546,#94baeb,0.5803922,0.7294118,0.92156863,74.41435198358309,-0.8691964833622001,-28.428132331314025,74.48952309614364,-0.9027400223333811,-28.306430499108277,17.686695314904803,27.879317384473723,0.9264652535045961,1.9240948096935264,0.6376588020526198,268.2487143592069,28.44141716534869,LayerLoomPhotos100NCZ_5/centered_4x3_tif/DSC_4574cwy.tif,DSC_4574cwy.tif,DSC_4574,cwy,capture_number,4574,c,w,y,CMY+neutral,two_color__cwy__DSC_4574cwy,0.6064690026954178
14,cwy_two_color_014_ccwc,cwy,two_color,ccyc,ccwc,0.75,0.25,0.0,0.75,0.25,0.0,0.125,0.21650635094610965,#69d3e2,0.41078431372549024,0.8284313725490196,0.8872549019607844,79.15731221950574,-26.594704014567093,-16.789360863889357,"[[0.22499999999999984, 0.12990381056766567], [0.2916666666666667, 0.16839382851364085], [0.14583333333333337, 0.2525907427704613], [0.11250000000000002, 0.1948557158514987], [0.22500000000000003, 0.12990381056766576]]",6,2,2,two_color,2814,14584,6157,2870,2814,2870,1.0,0.65,0.65,8,98.0,6.2795778844047785,56,0.01951219512195122,#8bb5ea,0.54509807,0.70980394,0.91764706,72.58297401595004,-0.709088762002319,-30.85990980387856,73.33345443844647,-0.6372788519849308,-29.69917002596034,18.295979115951326,30.187205026155986,1.063691086679067,4.127916414367248,1.4831405278362497,268.6837082235113,30.868055331943378,LayerLoomPhotos100NCZ_5/centered_4x3_tif/DSC_4574cwy.tif,DSC_4574cwy.tif,DSC_4574,cwy,capture_number,4574,c,w,y,CMY+neutral,two_color__cwy__DSC_4574cwy,0.6064690026954178
15,cwy_two_color_015_ccwcc,cwy,two_color,ccycc,ccwcc,0.8,0.2,0.0,0.8,0.2,0.0,0.1,0.17320508075688773,#5fd1e1,0.37411764705882355,0.8196078431372549,0.8823529411764707,78.16191971863205,-27.6298182850393,-17.651519830013275,"[[0.22499999999999995, 0.12990381056766578], [0.11249999999999999, 0.19485571585149866], [0.04999999999999999, 0.08660254037844385], [0.1, 0.05773502691896256]]",6,2,2,two_color,3750,17130,7238,3823,3750,3823,1.0,0.65,0.65,8,98.0,7.185060767076939,73,0.01909495160868428,#87b3ea,0.5294118,0.7019608,0.91764706,71.67937229089156,-0.30672318755720074,-32.04545851691189,72.48457313786878,-0.3207731897129071,-30.794541744817572,18.752668278293363,31.555671721279392,1.039389776097019,4.813605485615705,1.6945844548205278,269.4516100471793,32.04692638417772,LayerLoomPhotos100NCZ_5/centered_4x3_tif/DSC_4574cwy.tif,DSC_4574cwy.tif,DSC_4574,cwy,capture_number,4574,c,w,y,CMY+neutral,two_color__cwy__DSC_4574cwy,0.6064690026954178
16,cwy_two_color_016_c,cwy,two_color,c,c,1.0,0.0,0.0,1.0,0.0,0.0,0.0,0.0,#3ac8dc,0.22745098039215686,0.7843137254901961,0.8627450980392157,74.42655654335444,-30.326087604312878,-20.705156122725967,"[[0.1, 0.057735026918962574], [0.05, 0.08660254037844387], [0.0, 0.0], [0.10000000000000002, 0.0]]",6,2,2,two_color,1617,8516,3649,1649,1617,1649,1.0,0.65,0.65,8,98.0,2.1610530779617743,32,0.019405700424499697,#7fade9,0.49803922,0.6784314,0.9137255,69.62799339508588,0.4717888394070724,-34.86730511272067,69.59462445971661,0.497321897766732,-34.80165147040335,19.393177198082277,34.23597327001774,0.6396389691680763,1.4590610658214707,0.47241318678494293,270.77522078931065,34.87049684952232,LayerLoomPhotos100NCZ_5/centered_4x3_tif/DSC_4574cwy.tif,DSC_4574cwy.tif,DSC_4574,cwy,capture_number,4574,c,w,y,CMY+neutral,two_color__cwy__DSC_4574cwy,0.6064690026954178
17,cwy_two_color_017_ccycc,cwy,two_color,ccmcc,ccycc,0.8,0.0,0.2,0.8,0.0,0.2,0.2,0.0,#61cdb0,0.3819607843137255,0.8023529411764706,0.6901960784313725,75.5547352424016,-37.82289322407589,4.864422141720537,"[[0.22499999999999998, 0.12990381056766578], [0.22499999999999992, 0.12990381056766576], [0.1, 0.05773502691896257], [0.10000000000000002, 0.0], [0.22499999999999998, 0.0]]",6,2,2,two_color,4251,17061,7230,4338,4251,4338,1.0,0.65,0.65,8,98.0,20.17574695568625,87,0.020055325034578148,#7bbeca,0.48235294,0.74509805,0.7921569,73.18561563256014,-18.128081436632748,-12.770949235798778,73.50733459617524,-19.35330521740212,-8.528707467394815,16.272529961847013,26.542506714543222,5.931810407175739,17.45958420652619,5.538761750325673,215.1640953949337,22.174861464201715,LayerLoomPhotos100NCZ_5/centered_4x3_tif/DSC_4574cwy.tif,DSC_4574cwy.tif,DSC_4574,cwy,capture_number,4574,c,w,y,CMY+neutral,two_color__cwy__DSC_4574cwy,0.6064690026954178
18,cwy_two_color_018_ccyc,cwy,two_color,ccmc,ccyc,0.75,0.0,0.25,0.75,0.0,0.25,0.25,0.0,#6bcea5,0.42058823529411765,0.8068627450980392,0.6470588235294118,75.99398463781759,-38.508338624210936,11.446263813771207,"[[0.29166666666666663, 0.16839382851364085], [0.29166666666666674, 0.16839382851364088], [0.22499999999999992, 0.12990381056766573], [0.22499999999999995, 0.12990381056766576], [0.22499999999999998, 0.0], [0.29166666666666674, 0.0]]",6,2,2,two_color,3513,14416,6253,3585,3513,3585,1.0,0.65,0.65,8,98.0,13.278570302614146,72,0.0200836820083682,#7fc3bc,0.49803922,0.7647059,0.7372549,74.45043180579485,-23.222249358763435,-2.9735900415645444,74.59458800329094,-23.367266012028225,-1.0635818627237414,10.974323507954262,21.07081549408366,6.453007926685711,11.795252772123566,3.4735089475205494,187.296968804744,23.411858170932966,LayerLoomPhotos100NCZ_5/centered_4x3_tif/DSC_4574cwy.tif,DSC_4574cwy.tif,DSC_4574,cwy,capture_number,4574,c,w,y,CMY+neutral,two_color__cwy__DSC_4574cwy,0.6064690026954178
19,cwy_two_color_019_ccy,cwy,two_color,ccm,ccy,0.6666666666666666,0.0,0.3333333333333333,0.6666666666666666,0.0,0.3333333333333333,0.3333333333333333,0.0,#7cd093,0.4849673202614379,0.8143790849673204,0.5751633986928105,76.86250739489427,-38.58330122000342,22.49598611228505,"[[0.3666666666666667, 0.2116950987028628], [0.36666666666666675, 0.2116950987028628], [0.29166666666666674, 0.16839382851364085], [0.2916666666666667, 0.16839382851364082], [0.2916666666666667, 0.0], [0.3666666666666667, 0.0]]",6,2,2,two_color,5447,21030,8867,5559,5447,5559,1.0,0.65,0.65,8,98.0,8.494379332295491,112,0.020147508544702285,#86c8a9,0.5254902,0.78431374,0.6627451,75.61771803368765,-27.187583292358486,8.417247203602773,75.75182580288529,-27.282848325195285,9.031407860176042,7.767609526218077,18.155516431626655,4.2937178001515806,7.043395612142134,2.064956932631091,162.79753010341062,28.46075782134919,LayerLoomPhotos100NCZ_5/centered_4x3_tif/DSC_4574cwy.tif,DSC_4574cwy.tif,DSC_4574,cwy,capture_number,4574,c,w,y,CMY+neutral,two_color__cwy__DSC_4574cwy,0.6064690026954178
20,cwy_two_color_020_ccycy,cwy,two_color,ccmcm,ccycy,0.6,0.0,0.4,0.6,0.0,0.4,0.4,0.0,#89d184,0.5364705882352941,0.820392156862745,0.5176470588235295,77.67664033697756,-37.72301156590308,31.332784159337134,"[[0.44999999999999996, 0.25980762113533157], [0.4500000000000001, 0.2598076211353316], [0.3666666666666665, 0.21169509870286266], [0.36666666666666675, 0.21169509870286288], [0.3666666666666667, 0.0], [0.44999999999999996, 0.0]]",6,2,2,two_color,7967,28580,12159,8130,7967,8130,1.0,0.65,0.65,8,98.0,11.477030185640043,163,0.02004920049200492,#8dcaa1,0.5529412,0.7921569,0.6313726,76.4545599439825,-27.94496243684175,15.087178139562841,76.52405533645106,-27.93203485570854,13.663822172650764,7.499734346052775,19.00061683753995,3.4529167012284794,8.503482749732612,2.707914319110404,151.63587743062124,31.757579722192293,LayerLoomPhotos100NCZ_5/centered_4x3_tif/DSC_4574cwy.tif,DSC_4574cwy.tif,DSC_4574,cwy,capture_number,4574,c,w,y,CMY+neutral,two_color__cwy__DSC_4574cwy,0.6064690026954178
21,cwy_two_color_021_cy,cwy,two_color,cm,cy,0.5,0.0,0.5,0.5,0.0,0.5,0.5,0.0,#9dd36e,0.6137254901960785,0.8294117647058823,0.43137254901960786,79.08731311025821,-35.04058229831547,44.36686585857201,"[[0.55, 0.2598076211353316], [0.5, 0.2886751345948129], [0.4500000000000002, 0.25980762113533173], [0.44999999999999996, 0.25980762113533157], [0.44999999999999996, 0.0], [0.55, 0.0]]",6,2,2,two_color,12000,39742,16938,12306,12061,12306,1.0,0.65,0.65,8,98.0,4.351194675125603,245,0.019908987485779295,#94ce95,0.5803922,0.80784315,0.58431375,77.79197968471182,-29.690675633635642,22.701926324115362,77.76874688929212,-29.750328060716516,22.581988941535702,8.559549879598892,22.353277053617578,1.9231357911416334,3.4413959560433014,0.9920227451975114,142.59794098486373,37.37530840551456,LayerLoomPhotos100NCZ_5/centered_4x3_tif/DSC_4574cwy.tif,DSC_4574cwy.tif,DSC_4574,cwy,capture_number,4574,c,w,y,CMY+neutral,two_color__cwy__DSC_4574cwy,0.6064690026954178
22,cwy_two_color_022_cycyy,cwy,two_color,cmcmm,cycyy,0.4,0.0,0.6,0.4,0.0,0.6,0.6,0.0,#b0d658,0.6909803921568628,0.8384313725490194,0.34509803921568627,80.71081715514305,-30.926605445549537,56.74685739894987,"[[0.6333333333333334, 0.2116950987028627], [0.6333333333333331, 0.211695098702863], [0.5500000000000002, 0.25980762113533157], [0.55, 0.2598076211353316], [0.55, 0.0], [0.6333333333333334, 0.0]]",6,2,2,two_color,8049,28789,12253,8214,8049,8214,1.0,0.65,0.65,8,98.0,6.4048104319635035,165,0.02008765522279036,#9dd28f,0.6156863,0.8235294,0.56078434,79.31625941248319,-29.744295578715494,28.340034391297753,79.40472518520193,-29.55725629305278,29.080061085987914,10.703333428549758,28.465597504828516,2.904706686028213,5.5911675379271495,1.7246146230738577,136.38492721194325,41.083824904382176,LayerLoomPhotos100NCZ_5/centered_4x3_tif/DSC_4574cwy.tif,DSC_4574cwy.tif,DSC_4574,cwy,capture_number,4574,c,w,y,CMY+neutral,two_color__cwy__DSC_4574cwy,0.6064690026954178
23,cwy_two_color_023_cyy,cwy,two_color,cmm,cyy,0.3333333333333333,0.0,0.6666666666666666,0.3333333333333333,0.0,0.6666666666666666,0.6666666666666666,0.0,#bdd749,0.742483660130719,0.8444444444444444,0.28758169934640526,81.90233054832865,-27.535536020099894,64.35586331832887,"[[0.7083333333333331, 0.168393828513641], [0.7083333333333331, 0.168393828513641], [0.6333333333333333, 0.2116950987028628], [0.6333333333333334, 0.0], [0.7083333333333333, 0.0]]",6,2,2,two_color,5467,20666,8896,5577,5467,5577,1.0,0.65,0.65,8,98.0,6.412450815144579,110,0.01972386587771203,#a6d686,0.6509804,0.8392157,0.5254902,80.55950580862275,-29.776123029764236,34.07116259093197,80.54525751909766,-29.498396219525425,33.824867059880575,11.285894031519033,30.39714635582487,2.92269647557708,5.466160995855577,1.5751064000725752,131.15148187766647,45.248885323081474,LayerLoomPhotos100NCZ_5/centered_4x3_tif/DSC_4574cwy.tif,DSC_4574cwy.tif,DSC_4574,cwy,capture_number,4574,c,w,y,CMY+neutral,two_color__cwy__DSC_4574cwy,0.6064690026954178
24,cwy_two_color_024_ycyy,cwy,two_color,mcmm,ycyy,0.25,0.0,0.75,0.25,0.0,0.75,0.75,0.0,#ced937,0.8068627450980392,0.8519607843137255,0.21568627450980393,83.5042416800598,-22.722707681334942,72.79352079044212,"[[0.7750000000000006, 0.12990381056766542], [0.7750000000000004, 0.12990381056766562], [0.7083333333333331, 0.16839382851364093], [0.7083333333333331, 0.0], [0.7750000000000006, 0.0]]",6,2,2,two_color,3486,14515,6220,3557,3486,3557,1.0,0.65,0.65,8,98.0,8.563137952115211,71,0.019960640989597975,#b4dc79,0.7058824,0.8627451,0.4745098,83.00619793947078,-28.80190764039242,44.316886358950505,82.72538850238055,-28.728959576291206,41.96729795313344,10.68709076911685,29.122558751843183,2.5163798880912953,6.821267230905354,2.1261304562642174,123.02016967505574,52.85391471100157,LayerLoomPhotos100NCZ_5/centered_4x3_tif/DSC_4574cwy.tif,DSC_4574cwy.tif,DSC_4574,cwy,capture_number,4574,c,w,y,CMY+neutral,two_color__cwy__DSC_4574cwy,0.6064690026954178
25,cwy_two_color_025_yycyy,cwy,two_color,mmcmm,yycyy,0.2,0.0,0.8,0.2,0.0,0.8,0.8,0.0,#d8da2c,0.8454901960784313,0.8564705882352941,0.17254901960784313,84.52082667829146,-19.591593417616572,77.13877361131732,"[[0.7750000000000006, 0.12990381056766537], [0.7750000000000006, 0.0], [0.8999999999999999, 0.0], [0.8999999999999999, 0.05773502691896263]]",6,2,2,two_color,4239,17047,7213,4325,4239,4325,1.0,0.65,0.65,8,98.0,10.01725618835666,86,0.019884393063583816,#bedf74,0.74509805,0.8745098,0.45490196,84.46367182636993,-27.353890323583265,48.379864631515886,84.03598862973803,-27.316276660363947,45.812211834871526,10.870821699060185,29.78810778888081,2.6867596021001625,7.926494995011326,2.526480848542881,119.48374145157675,55.57739304428037,LayerLoomPhotos100NCZ_5/centered_4x3_tif/DSC_4574cwy.tif,DSC_4574cwy.tif,DSC_4574,cwy,capture_number,4574,c,w,y,CMY+neutral,two_color__cwy__DSC_4574cwy,0.6064690026954178
26,cwy_two_color_026_y,cwy,two_color,m,y,0.0,0.0,1.0,0.0,0.0,1.0,1.0,0.0,#ffdf00,1.0,0.8745098039215686,0.0,88.94096720886532,-5.949434572648293,88.5567575521992,"[[0.8999999999999999, 0.05773502691896262], [0.8999999999999999, 0.0], [1.0, 0.0], [0.95, 0.08660254037844395]]",6,2,2,two_color,1605,8368,3601,1635,1605,0,0.0,0.65,0.65,8,98.0,0.9438685874456801,30,0.01834862385321101,#ffe956,1.0,0.9137255,0.3372549,91.7949276632703,-8.752838428609412,71.21930795326048,91.84846620291898,-8.764548732334527,71.22345872047269,4.77023319530074,17.793013293162726,0.3240580758739864,0.6398506807121893,0.20087936061954229,97.0065043408573,71.7551531661573,LayerLoomPhotos100NCZ_5/centered_4x3_tif/DSC_4574cwy.tif,DSC_4574cwy.tif,DSC_4574,cwy,capture_number,4574,c,w,y,CMY+neutral,two_color__cwy__DSC_4574cwy,0.6064690026954178
27,cwy_two_color_027_yywyy,cwy,two_color,mmymm,yywyy,0.0,0.2,0.8,0.0,0.2,0.8,0.9,0.17320508075688773,#fde331,0.9921568627450981,0.891764705882353,0.19215686274509805,89.98225411565325,-8.220184501397831,81.75862448367222,"[[0.7750000000000004, 0.12990381056766553], [0.7750000000000004, 0.1299038105676656], [0.8999999999999999, 0.05773502691896262], [0.95, 0.08660254037844393], [0.8875000000000002, 0.19485571585149836]]",6,2,2,two_color,3772,17057,7228,3828,3772,0,0.0,0.65,0.65,8,98.0,5.763151416965548,56,0.014629049111807733,#ffeb67,1.0,0.92156863,0.40392157,92.40654589585235,-8.618037173681648,64.78145978583983,92.46291731619252,-8.093930225010068,62.354845419663285,4.383837956978784,17.15399657694121,1.1578949241724816,4.110772824897267,1.4203673680226327,97.57770523090619,65.35218509515455,LayerLoomPhotos100NCZ_5/centered_4x3_tif/DSC_4574cwy.tif,DSC_4574cwy.tif,DSC_4574,cwy,capture_number,4574,c,w,y,CMY+neutral,two_color__cwy__DSC_4574cwy,0.6064690026954178
28,cwy_two_color_028_yywy,cwy,two_color,mmym,yywy,0.0,0.25,0.75,0.0,0.25,0.75,0.875,0.21650635094610965,#fde53d,0.9901960784313726,0.8960784313725491,0.24019607843137256,90.27287161929827,-8.570060983918548,78.45597358508658,"[[0.7083333333333333, 0.16839382851364088], [0.708333333333333, 0.1683938285136411], [0.7750000000000006, 0.12990381056766553], [0.7750000000000005, 0.12990381056766556], [0.8875000000000002, 0.19485571585149838], [0.8541666666666666, 0.2525907427704614]]",6,2,2,two_color,2817,14460,6163,2874,2817,0,0.0,0.65,0.65,8,98.0,5.540560278310639,57,0.019832985386221295,#ffeb70,1.0,0.92156863,0.4392157,92.57990312081907,-8.121736737258967,61.07203962377747,92.5997192362117,-7.774390840695468,59.77872593628773,4.498931140185756,17.54207937931842,1.7377964499701897,4.056469685190611,1.2708976390078548,97.5750990138987,61.60971215188063,LayerLoomPhotos100NCZ_5/centered_4x3_tif/DSC_4574cwy.tif,DSC_4574cwy.tif,DSC_4574,cwy,capture_number,4574,c,w,y,CMY+neutral,two_color__cwy__DSC_4574cwy,0.6064690026954178
29,cwy_two_color_029_yyw,cwy,two_color,mmy,yyw,0.0,0.3333333333333333,0.6666666666666666,0.0,0.3333333333333333,0.6666666666666666,0.8333333333333333,0.28867513459481287,#fce652,0.9869281045751634,0.9032679738562092,0.32026143790849676,90.78894224505643,-8.920091259041696,71.78977329896013,"[[0.6333333333333329, 0.21169509870286304], [0.6333333333333332, 0.2116950987028628], [0.708333333333333, 0.16839382851364093], [0.7083333333333333, 0.16839382851364088], [0.8541666666666666, 0.25259074277046145], [0.8166666666666667, 0.3175426480542943]]",6,2,2,two_color,4558,20794,8773,4652,4558,0,0.0,0.65,0.65,8,98.0,3.185065988483881,94,0.020206362854686157,#ffec76,1.0,0.9254902,0.4627451,93.00520637391345,-8.414179350110407,59.02220725854066,92.95244282375768,-8.038460752528838,57.8763558057802,3.5536635984802953,12.968365978215193,0.9537986171208022,2.6693717284172895,0.8252496059640599,98.11339190120856,59.61895138130118,LayerLoomPhotos100NCZ_5/centered_4x3_tif/DSC_4574cwy.tif,DSC_4574cwy.tif,DSC_4574,cwy,capture_number,4574,c,w,y,CMY+neutral,two_color__cwy__DSC_4574cwy,0.6064690026954178
30,cwy_two_color_030_yywyw,cwy,two_color,mmymy,yywyw,0.0,0.4,0.6,0.0,0.4,0.6,0.8,0.34641016151377546,#fbe862,0.9843137254901961,0.9090196078431372,0.3843137254901961,91.2318656217574,-8.977733645519292,65.64806211629117,"[[0.5500000000000003, 0.2598076211353315], [0.5500000000000003, 0.2598076211353315], [0.6333333333333333, 0.21169509870286285], [0.6333333333333329, 0.21169509870286302], [0.8166666666666665, 0.3175426480542942], [0.775, 0.38971143170299727]]",6,2,2,two_color,6888,28636,12093,7029,6888,0,0.0,0.65,0.65,8,98.0,3.190611897177389,141,0.020059752454118653,#ffed85,1.0,0.92941177,0.52156866,93.29812223093437,-7.419774484579367,52.55202017340792,93.27479644071055,-7.566942632027168,53.4292201651231,3.799399948563059,13.34926843283487,1.412090500877354,2.6917715388950465,0.8404863218076025,98.03642237564605,53.07323127253783,LayerLoomPhotos100NCZ_5/centered_4x3_tif/DSC_4574cwy.tif,DSC_4574cwy.tif,DSC_4574,cwy,capture_number,4574,c,w,y,CMY+neutral,two_color__cwy__DSC_4574cwy,0.6064690026954178
