region_index,label,corner_label,condition,local_stack_token,stack_token,f_bottom_left,f_top,f_bottom_right,f_y,f_k,f_m,site_x,site_y,expected_hex,expected_R,expected_G,expected_B,expected_L,expected_a,expected_b,polygon_xy,max_height,max_run,distinct_lte,preset,sample_pixels,raw_region_pixels,core_region_pixels,candidate_mask_pixels,sample_mask_pixels,old_color_mask_pixels,old_color_mask_fraction,sample_core_fraction_requested,sample_core_fraction_used,erosion_px_used,lab_trim_percentile,lab_trim_cutoff_deltaE00,lab_trimmed_pixels,lab_trimmed_fraction,measured_hex,measured_R,measured_G,measured_B,measured_L,measured_a,measured_b,measured_L_mean,measured_a_mean,measured_b_mean,deltaE00_to_expected,deltaE76_to_expected,within_region_deltaE00_median,within_region_deltaE00_p90,within_region_deltaE00_sd,hue_angle_degrees,measured_chroma,source_path,filename,photo_id,filename_label,condition_source,capture_number,bottom_left_anchor,top_anchor,bottom_right_anchor,palette_family,analysis_id,analysis_scale
1,ykm_two_color_001_mk,ykm,two_color,my,mk,0.0,0.5,0.5,0.0,0.5,0.5,0.75,0.4330127018922193,#6b1655,0.42156862745098034,0.08823529411764705,0.33333333333333337,24.972798904713585,43.063989836503616,-16.53866822562311,"[[0.5, 0.34641016151377513], [0.5, 0.34641016151377513], [0.5, 0.28867513459481287], [0.55, 0.2598076211353315], [0.5500000000000003, 0.25980762113533146], [0.7750000000000001, 0.38971143170299727], [0.7250000000000001, 0.47631397208144116]]",6,2,2,two_color,8298,31974,13611,8468,8298,8468,1.0,0.65,0.65,8,98.0,9.56459436786169,170,0.020075578649031648,#564256,0.3372549,0.25882354,0.3372549,30.794443865853694,12.580568084892413,-8.8251981259851,31.59823632218907,12.620677631348142,-8.941574097424468,14.47913132785687,31.978558014991556,4.041756598075737,7.3754685334880055,2.2404646269153528,324.95055496125605,15.367329478523732,LayerLoomPhotos100NCZ_5/centered_4x3_tif/DSC_4599ykm.tif,DSC_4599ykm.tif,DSC_4599,ykm,capture_number,4599,y,k,m,CMY+neutral,two_color__ykm__DSC_4599ykm,0.5442999697611128
2,ykm_two_color_002_mkmkk,ykm,two_color,mymyy,mkmkk,0.0,0.6,0.4,0.0,0.6,0.4,0.7,0.5196152422706631,#5a1648,0.3529411764705882,0.08627450980392157,0.2823529411764706,20.888609395991338,36.40138826130202,-14.369767690665302,"[[0.49999999999999994, 0.44263520637871284], [0.49999999999999994, 0.44263520637871284], [0.49999999999999994, 0.3464101615137752], [0.7250000000000001, 0.47631397208144116], [0.6833333333333335, 0.5484827557301443]]",6,2,2,two_color,5208,23056,9689,5314,5208,5314,1.0,0.65,0.65,8,98.0,11.491141103065898,106,0.019947308995107264,#4e3f4e,0.30588236,0.24705882,0.30588236,28.658787817292858,11.017670282382042,-7.523334804335747,29.36390186857069,10.086403691086108,-7.115981969468345,14.110725018793481,27.415004183826415,5.5434767452259885,10.03761929571018,3.2528655907971498,325.6730733502993,13.341275239999135,LayerLoomPhotos100NCZ_5/centered_4x3_tif/DSC_4599ykm.tif,DSC_4599ykm.tif,DSC_4599,ykm,capture_number,4599,y,k,m,CMY+neutral,two_color__ykm__DSC_4599ykm,0.5442999697611128
3,ykm_two_color_003_mkk,ykm,two_color,myy,mkk,0.0,0.6666666666666666,0.3333333333333333,0.0,0.6666666666666666,0.3333333333333333,0.6666666666666666,0.5773502691896257,#4e163f,0.3071895424836601,0.0849673202614379,0.24836601307189543,18.17887696112662,31.61544563181681,-12.762020079472592,"[[0.5, 0.5292377467571571], [0.4999999999999999, 0.5292377467571567], [0.49999999999999994, 0.4426352063787129], [0.6833333333333335, 0.5484827557301444], [0.6458333333333334, 0.6134346610139774]]",6,2,2,two_color,3493,16671,7140,3565,3493,3565,1.0,0.65,0.65,8,98.0,15.860575760646162,72,0.020196353436185133,#473948,0.2784314,0.22352941,0.28235295,25.900435769597614,9.248738782692168,-6.737229644264775,27.869177798753455,9.137580492271177,-6.639175819169996,13.904146676404904,24.417005252395857,6.436956408072293,12.058518294205559,3.9012463994738438,323.92859072169045,11.44243996488661,LayerLoomPhotos100NCZ_5/centered_4x3_tif/DSC_4599ykm.tif,DSC_4599ykm.tif,DSC_4599,ykm,capture_number,4599,y,k,m,CMY+neutral,two_color__ykm__DSC_4599ykm,0.5442999697611128
4,ykm_two_color_004_kmkk,ykm,two_color,ymyy,kmkk,0.0,0.75,0.25,0.0,0.75,0.25,0.625,0.649519052838329,#401535,0.24999999999999994,0.08333333333333333,0.20588235294117646,14.843923173616577,25.10403095001251,-10.486377606583408,"[[0.5, 0.6062177826491071], [0.5, 0.6062177826491071], [0.5, 0.529237746757157], [0.6458333333333334, 0.6134346610139774], [0.6125, 0.6711696879329399]]",6,2,2,two_color,2095,11759,4960,2138,2095,1965,0.9190832553788587,0.65,0.65,8,98.0,20.176768033504384,43,0.020112254443405052,#3b333c,0.23137255,0.2,0.23529412,22.680272502291203,6.287547262125187,-4.825323129297743,25.976081092507318,7.46739965491064,-5.226466878410414,14.13235104697603,21.15457319286648,6.153467268617989,16.85277142541347,5.176089442216056,322.49587965782746,7.9257172467603025,LayerLoomPhotos100NCZ_5/centered_4x3_tif/DSC_4599ykm.tif,DSC_4599ykm.tif,DSC_4599,ykm,capture_number,4599,y,k,m,CMY+neutral,two_color__ykm__DSC_4599ykm,0.5442999697611128
5,ykm_two_color_005_kkmkk,ykm,two_color,yymyy,kkmkk,0.0,0.8,0.2,0.0,0.8,0.2,0.6000000000000001,0.6928203230275509,#37152e,0.2156862745098039,0.08235294117647059,0.18039215686274507,12.89747700743833,20.83245368117059,-8.924348843146014,"[[0.5, 0.7505553499465134], [0.5, 0.6062177826491071], [0.6125, 0.6711696879329399], [0.55, 0.7794228634059948]]",6,2,2,two_color,2976,13795,5829,3037,2976,1651,0.5436285808363517,0.65,0.65,8,98.0,24.285973842084854,61,0.020085610800131708,#343035,0.20392157,0.1882353,0.20784314,20.49383054148003,4.017731855331954,-2.7248387428968956,25.307873940080892,6.307495702664243,-4.726594751795553,14.474435049307665,19.464670112220574,4.265778725976743,19.59480504125242,6.663314782206988,325.85475264274845,4.854576751493489,LayerLoomPhotos100NCZ_5/centered_4x3_tif/DSC_4599ykm.tif,DSC_4599ykm.tif,DSC_4599,ykm,capture_number,4599,y,k,m,CMY+neutral,two_color__ykm__DSC_4599ykm,0.5442999697611128
6,ykm_two_color_006_k,ykm,two_color,y,k,0.0,1.0,0.0,0.0,1.0,0.0,0.5,0.8660254037844386,#141414,0.0784313725490196,0.0784313725490196,0.0784313725490196,6.318928745123017,-2.7236759098103747e-06,1.0894703639241499e-06,"[[0.45, 0.7794228634059948], [0.5, 0.7505553499465135], [0.5499999999999999, 0.7794228634059948], [0.5, 0.8660254037844386]]",6,2,2,two_color,963,6812,2916,981,963,0,0.0,0.65,0.65,8,98.0,2.5945051465936224,18,0.01834862385321101,#313133,0.19215687,0.19215687,0.2,20.361009052857163,0.23725910055041877,-0.787153691219411,20.492803578866447,0.3017084966325054,-0.9408797773839757,9.123144971539299,14.066126872414207,0.8461550036571275,1.42203822589786,0.4666992627353186,286.7735392845699,0.8221330880060342,LayerLoomPhotos100NCZ_5/centered_4x3_tif/DSC_4599ykm.tif,DSC_4599ykm.tif,DSC_4599,ykm,capture_number,4599,y,k,m,CMY+neutral,two_color__ykm__DSC_4599ykm,0.5442999697611128
7,ykm_two_color_007_kkykk,ykm,two_color,yycyy,kkykk,0.2,0.8,0.0,0.2,0.8,0.0,0.4,0.6928203230275509,#433d10,0.26274509803921564,0.23764705882352938,0.06274509803921569,25.33872203376457,-3.4598535169804157,27.3922126056074,"[[0.45, 0.7794228634059948], [0.38750000000000007, 0.6711696879329401], [0.5, 0.6062177826491071], [0.49999999999999994, 0.606217782649107], [0.5, 0.7505553499465134]]",6,2,2,two_color,3049,13719,5919,3112,3049,1619,0.5202442159383034,0.65,0.65,8,98.0,34.95115458271944,63,0.02024421593830334,#333330,0.2,0.2,0.1882353,21.18189070513877,-1.5734825641526562,3.395858395337059,28.424788067765274,-4.057732276009038,7.2287268894877075,14.578042434144932,24.426679214561208,4.090215519536206,29.044645834139672,10.217830007245414,114.86080872473786,3.742686417651578,LayerLoomPhotos100NCZ_5/centered_4x3_tif/DSC_4599ykm.tif,DSC_4599ykm.tif,DSC_4599,ykm,capture_number,4599,y,k,m,CMY+neutral,two_color__ykm__DSC_4599ykm,0.5442999697611128
8,ykm_two_color_008_kykk,ykm,two_color,ycyy,kykk,0.25,0.75,0.0,0.25,0.75,0.0,0.375,0.649519052838329,#4f470f,0.30882352941176466,0.2774509803921568,0.058823529411764705,29.815195628927015,-3.762198880833262,32.702903336487324,"[[0.49999999999999994, 0.6062177826491072], [0.38750000000000007, 0.6711696879329401], [0.3541666666666665, 0.6134346610139771], [0.4999999999999999, 0.5292377467571566], [0.5, 0.529237746757157], [0.5, 0.606217782649107]]",6,2,2,two_color,2137,11741,5005,2181,2137,1613,0.739569005043558,0.65,0.65,8,98.0,32.48133484374077,44,0.020174232003668042,#373930,0.21568628,0.22352941,0.1882353,23.364215472642144,-3.724347774365228,7.287103378522975,29.79005008680912,-5.176379839005402,9.32155121111393,14.588427224833339,26.221736502114094,7.026348311075603,25.624938000162626,8.557350716249532,117.07100964919954,8.18368144502828,LayerLoomPhotos100NCZ_5/centered_4x3_tif/DSC_4599ykm.tif,DSC_4599ykm.tif,DSC_4599,ykm,capture_number,4599,y,k,m,CMY+neutral,two_color__ykm__DSC_4599ykm,0.5442999697611128
9,ykm_two_color_009_ykk,ykm,two_color,cyy,ykk,0.3333333333333333,0.6666666666666666,0.0,0.3333333333333333,0.6666666666666666,0.0,0.3333333333333333,0.5773502691896257,#62580d,0.3856209150326797,0.34379084967320256,0.05228758169934641,37.06018125678953,-4.145265022180434,40.6687182120301,"[[0.5000000000000001, 0.5292377467571565], [0.3541666666666665, 0.6134346610139771], [0.31666666666666654, 0.5484827557301443], [0.4999999999999999, 0.44263520637871295], [0.49999999999999994, 0.4426352063787134], [0.49999999999999994, 0.529237746757157]]",6,2,2,two_color,3507,16841,7138,3579,3507,3579,1.0,0.65,0.65,8,98.0,25.317798342750752,72,0.020117351215423303,#474b35,0.2784314,0.29411766,0.20784314,30.903950389815826,-6.437280345531315,12.557386096294964,33.68462692349175,-6.925378605510874,13.434147597627245,14.6817150964402,28.868659581821888,10.609863632117618,21.441897913646834,6.444822818565611,117.14099321880133,14.111219784922417,LayerLoomPhotos100NCZ_5/centered_4x3_tif/DSC_4599ykm.tif,DSC_4599ykm.tif,DSC_4599,ykm,capture_number,4599,y,k,m,CMY+neutral,two_color__ykm__DSC_4599ykm,0.5442999697611128
10,ykm_two_color_010_ykykk,ykm,two_color,cycyy,ykykk,0.4,0.6,0.0,0.4,0.6,0.0,0.3,0.5196152422706631,#72650c,0.4470588235294118,0.3968627450980392,0.047058823529411764,42.68900819011868,-4.390174965222315,46.44917314860601,"[[0.49999999999999994, 0.44263520637871295], [0.3166666666666666, 0.5484827557301443], [0.27500000000000013, 0.47631397208144144], [0.5, 0.3464101615137757], [0.5, 0.34641016151377535], [0.5, 0.4426352063787127]]",6,2,2,two_color,5335,23026,9820,5444,5335,5444,1.0,0.65,0.65,8,98.0,21.6929715977778,109,0.020022042615723733,#4f5639,0.30980393,0.3372549,0.22352941,35.18996617988806,-8.460024713307035,15.978240836134871,36.21728018880957,-8.205944342914952,15.41023754576204,15.660645045889805,31.642961682408718,10.953550643510408,17.3950955574522,5.577438206448874,117.89994867592918,18.0797178730005,LayerLoomPhotos100NCZ_5/centered_4x3_tif/DSC_4599ykm.tif,DSC_4599ykm.tif,DSC_4599,ykm,capture_number,4599,y,k,m,CMY+neutral,two_color__ykm__DSC_4599ykm,0.5442999697611128
11,ykm_two_color_011_yk,ykm,two_color,cy,yk,0.5,0.5,0.0,0.5,0.5,0.0,0.25,0.4330127018922193,#8a7a0a,0.5392156862745098,0.4764705882352941,0.0392156862745098,50.89729237511497,-4.702436638467478,54.43291229936329,"[[0.4999999999999999, 0.3464101615137758], [0.2750000000000002, 0.47631397208144144], [0.22500000000000003, 0.3897114317029974], [0.45, 0.25980762113533157], [0.45, 0.25980762113533157], [0.5, 0.28867513459481287], [0.5, 0.34641016151377524]]",6,2,2,two_color,8299,31919,13596,8468,8299,8468,1.0,0.65,0.65,8,98.0,15.874864602057045,169,0.019957487009919696,#586140,0.34509805,0.38039216,0.2509804,39.508715629397535,-9.557469740042123,17.763349817906835,39.774762379518236,-9.58306383679899,17.80332538189993,19.1709465324284,38.70307273708278,8.212410774746475,12.505186764317468,3.8065709720258454,118.28222145790363,20.171311920278058,LayerLoomPhotos100NCZ_5/centered_4x3_tif/DSC_4599ykm.tif,DSC_4599ykm.tif,DSC_4599,ykm,capture_number,4599,y,k,m,CMY+neutral,two_color__ykm__DSC_4599ykm,0.5442999697611128
12,ykm_two_color_012_yykyk,ykm,two_color,ccycy,yykyk,0.6,0.4,0.0,0.6,0.4,0.0,0.2,0.34641016151377546,#a18e08,0.6313725490196079,0.5560784313725491,0.03137254901960784,58.865354913161596,-4.979038213321019,61.85782711075281,"[[0.36666666666666653, 0.21169509870286277], [0.36666666666666714, 0.21169509870286302], [0.45, 0.25980762113533157], [0.225, 0.3897114317029973], [0.18333333333333335, 0.3175426480542941]]",6,2,2,two_color,5177,23107,9771,5282,5177,5282,1.0,0.65,0.65,8,98.0,18.49595111570634,105,0.019878833775085196,#6b7547,0.41960785,0.45882353,0.2784314,47.45651078262483,-11.54416419039328,23.3342150349098,47.15313721322203,-11.822126944883422,25.0694948189619,19.171029916485534,40.71033395662272,11.505239288397894,17.173032887789535,5.392035615443473,116.32303853507813,26.033695821956766,LayerLoomPhotos100NCZ_5/centered_4x3_tif/DSC_4599ykm.tif,DSC_4599ykm.tif,DSC_4599,ykm,capture_number,4599,y,k,m,CMY+neutral,two_color__ykm__DSC_4599ykm,0.5442999697611128
13,ykm_two_color_013_yyk,ykm,two_color,ccy,yyk,0.6666666666666666,0.3333333333333333,0.0,0.6666666666666666,0.3333333333333333,0.0,0.16666666666666666,0.28867513459481287,#b19b07,0.69281045751634,0.6091503267973856,0.026143790849673203,64.06203102381075,-5.152249592040081,66.58979098711278,"[[0.29166666666666674, 0.16839382851364088], [0.29166666666666674, 0.16839382851364088], [0.3666666666666666, 0.21169509870286274], [0.18333333333333332, 0.3175426480542941], [0.14583333333333337, 0.2525907427704613]]",6,2,2,two_color,3339,16768,7049,3406,3339,3406,1.0,0.65,0.65,8,98.0,22.98787707992357,67,0.019671168526130357,#828d4d,0.50980395,0.5529412,0.3019608,56.46617406745858,-14.316282930170733,32.20628132703356,52.722395651733066,-13.530868029214597,30.614251934514737,15.559667446635695,36.38546806718988,7.706236140945063,21.422794412384896,6.875889819494901,113.96602472775226,35.24486507071248,LayerLoomPhotos100NCZ_5/centered_4x3_tif/DSC_4599ykm.tif,DSC_4599ykm.tif,DSC_4599,ykm,capture_number,4599,y,k,m,CMY+neutral,two_color__ykm__DSC_4599ykm,0.5442999697611128
14,ykm_two_color_014_yyky,ykm,two_color,ccyc,yyky,0.75,0.25,0.0,0.75,0.25,0.0,0.125,0.21650635094610965,#c4ac05,0.7696078431372549,0.6754901960784314,0.0196078431372549,70.4431701097861,-5.360264800353121,72.31357491032786,"[[0.22499999999999984, 0.12990381056766567], [0.2916666666666667, 0.16839382851364085], [0.14583333333333337, 0.2525907427704613], [0.11250000000000002, 0.1948557158514987], [0.22500000000000003, 0.12990381056766576]]",6,2,2,two_color,1990,11778,4903,2031,1990,2031,1.0,0.65,0.65,8,98.0,30.34866794330268,41,0.02018709995076317,#98a351,0.59607846,0.6392157,0.31764707,64.48484783474413,-16.152541721984687,40.430063742756886,60.022944145238284,-14.906806843795103,38.071324728648854,13.887676265001414,34.183813857717304,5.345141232728704,25.117358514885254,8.489329482395092,111.77760244226738,43.53727894946859,LayerLoomPhotos100NCZ_5/centered_4x3_tif/DSC_4599ykm.tif,DSC_4599ykm.tif,DSC_4599,ykm,capture_number,4599,y,k,m,CMY+neutral,two_color__ykm__DSC_4599ykm,0.5442999697611128
15,ykm_two_color_015_yykyy,ykm,two_color,ccycc,yykyy,0.8,0.2,0.0,0.8,0.2,0.0,0.1,0.17320508075688773,#d0b604,0.8156862745098039,0.7152941176470589,0.01568627450980392,74.21597840184782,-5.48163475683433,75.6623751618622,"[[0.22499999999999995, 0.12990381056766578], [0.11249999999999999, 0.19485571585149866], [0.04999999999999999, 0.08660254037844385], [0.1, 0.05773502691896256]]",6,2,2,two_color,2754,13730,5811,2811,2754,2811,1.0,0.65,0.65,8,98.0,33.07861593029605,57,0.020277481323372464,#abb452,0.67058825,0.7058824,0.32156864,70.92993361705298,-17.481532225549714,48.48405467187678,65.41308016234979,-15.770184652816909,44.013330716210106,12.025710558863516,29.890746632423234,4.162311677919277,26.835256906799273,9.427034330167412,109.82740274206884,51.53937840504549,LayerLoomPhotos100NCZ_5/centered_4x3_tif/DSC_4599ykm.tif,DSC_4599ykm.tif,DSC_4599,ykm,capture_number,4599,y,k,m,CMY+neutral,two_color__ykm__DSC_4599ykm,0.5442999697611128
16,ykm_two_color_016_y,ykm,two_color,c,y,1.0,0.0,0.0,1.0,0.0,0.0,0.0,0.0,#ffdf00,1.0,0.8745098039215686,0.0,88.94096720886532,-5.949434572648293,88.5567575521992,"[[0.1, 0.057735026918962574], [0.05, 0.08660254037844387], [0.0, 0.0], [0.10000000000000002, 0.0]]",6,2,2,two_color,1188,6786,2947,1201,1188,0,0.0,0.65,0.65,8,98.0,1.0166370772612174,13,0.010824313072439634,#ffe753,1.0,0.90588236,0.3254902,91.26638375960398,-8.061931408167633,71.84120655604404,91.33393490730525,-7.991730026530458,72.06644545124742,4.330599644363474,17.008228894261514,0.35552447070314674,0.6863915512172357,0.20916615038844186,96.40287399029046,72.29214132572216,LayerLoomPhotos100NCZ_5/centered_4x3_tif/DSC_4599ykm.tif,DSC_4599ykm.tif,DSC_4599,ykm,capture_number,4599,y,k,m,CMY+neutral,two_color__ykm__DSC_4599ykm,0.5442999697611128
17,ykm_two_color_017_yymyy,ykm,two_color,ccmcc,yymyy,0.8,0.0,0.2,0.8,0.0,0.2,0.2,0.0,#f3b71e,0.9529411764705882,0.7192156862745098,0.11764705882352941,77.98402366630827,9.564777772315624,76.10333175007294,"[[0.22499999999999998, 0.12990381056766578], [0.22499999999999992, 0.12990381056766576], [0.1, 0.05773502691896257], [0.10000000000000002, 0.0], [0.22499999999999998, 0.0]]",6,2,2,two_color,3221,13842,5854,3287,3221,3287,1.0,0.65,0.65,8,98.0,13.87592809145437,66,0.020079099482811075,#f8b273,0.972549,0.69803923,0.4509804,77.87114854197621,18.707562448100678,42.42845914178699,77.17326212215383,20.19800405575487,40.5106579409746,13.823543136075774,34.89412984451325,4.59346199662919,11.542872535273013,3.5806403749765217,66.20635113281969,46.36967800077842,LayerLoomPhotos100NCZ_5/centered_4x3_tif/DSC_4599ykm.tif,DSC_4599ykm.tif,DSC_4599,ykm,capture_number,4599,y,k,m,CMY+neutral,two_color__ykm__DSC_4599ykm,0.5442999697611128
18,ykm_two_color_018_yymy,ykm,two_color,ccmc,yymy,0.75,0.0,0.25,0.75,0.0,0.25,0.25,0.0,#f0ae26,0.9411764705882353,0.6803921568627451,0.14705882352941177,75.29275943833024,13.646301897515034,71.93335971602419,"[[0.29166666666666663, 0.16839382851364085], [0.29166666666666674, 0.16839382851364088], [0.22499999999999992, 0.12990381056766573], [0.22499999999999995, 0.12990381056766576], [0.22499999999999998, 0.0], [0.29166666666666674, 0.0]]",6,2,2,two_color,2600,11649,4995,2652,2600,2652,1.0,0.65,0.65,8,98.0,11.886319603034842,52,0.0196078431372549,#f6a874,0.9647059,0.65882355,0.45490196,75.42806751585512,23.017903739522726,38.42124056056112,74.96732647751979,23.863061402013805,37.23043673128197,15.322024700585596,34.798094195672846,4.314236150675891,9.118847959862139,2.838388892868213,59.074461792215914,44.78856571463794,LayerLoomPhotos100NCZ_5/centered_4x3_tif/DSC_4599ykm.tif,DSC_4599ykm.tif,DSC_4599,ykm,capture_number,4599,y,k,m,CMY+neutral,two_color__ykm__DSC_4599ykm,0.5442999697611128
19,ykm_two_color_019_yym,ykm,two_color,ccm,yym,0.6666666666666666,0.0,0.3333333333333333,0.6666666666666666,0.0,0.3333333333333333,0.3333333333333333,0.0,#eb9d32,0.9215686274509803,0.615686274509804,0.19607843137254902,70.87834005274337,20.623964460334378,63.79337035503971,"[[0.3666666666666667, 0.2116950987028628], [0.36666666666666675, 0.2116950987028628], [0.29166666666666674, 0.16839382851364085], [0.2916666666666667, 0.16839382851364082], [0.2916666666666667, 0.0], [0.3666666666666667, 0.0]]",6,2,2,two_color,4151,16811,7151,4228,4151,4228,1.0,0.65,0.65,8,98.0,8.540062337248237,77,0.018211920529801324,#f39c7a,0.9529412,0.6117647,0.47843137,72.39920106635145,28.889255649337976,30.894938692506656,72.12114131041348,29.168033009932852,30.393683012824102,17.038488235872638,33.95489452959751,4.027525537022971,7.044660771237862,2.109686685636961,46.921479247954835,42.297592470335125,LayerLoomPhotos100NCZ_5/centered_4x3_tif/DSC_4599ykm.tif,DSC_4599ykm.tif,DSC_4599,ykm,capture_number,4599,y,k,m,CMY+neutral,two_color__ykm__DSC_4599ykm,0.5442999697611128
20,ykm_two_color_020_yymym,ykm,two_color,ccmcm,yymym,0.6,0.0,0.4,0.6,0.0,0.4,0.4,0.0,#e7903c,0.9058823529411765,0.563921568627451,0.23529411764705882,67.4309478758879,26.342851808801193,56.233812465552,"[[0.44999999999999996, 0.25980762113533157], [0.4500000000000001, 0.2598076211353316], [0.3666666666666665, 0.21169509870286266], [0.36666666666666675, 0.21169509870286288], [0.3666666666666667, 0.0], [0.44999999999999996, 0.0]]",6,2,2,two_color,6170,23206,9857,6296,6170,6296,1.0,0.65,0.65,8,98.0,10.206210738381568,126,0.020012706480304957,#f0947d,0.9411765,0.5803922,0.49019608,70.40943088143517,33.13699190579675,26.095305728829786,70.42263449602993,32.107457004913776,26.935714966352112,16.950737495466054,31.03806194000178,3.9307973693972613,8.579125323904186,2.6797329021496856,38.220351589832376,42.17849231119974,LayerLoomPhotos100NCZ_5/centered_4x3_tif/DSC_4599ykm.tif,DSC_4599ykm.tif,DSC_4599,ykm,capture_number,4599,y,k,m,CMY+neutral,two_color__ykm__DSC_4599ykm,0.5442999697611128
21,ykm_two_color_021_ym,ykm,two_color,cm,ym,0.5,0.0,0.5,0.5,0.0,0.5,0.5,0.0,#e17c4b,0.8823529411764706,0.48627450980392156,0.29411764705882354,62.45289702748056,35.06929839281481,43.41945673452145,"[[0.55, 0.2598076211353316], [0.5, 0.2886751345948129], [0.4500000000000002, 0.25980762113533173], [0.44999999999999996, 0.25980762113533157], [0.44999999999999996, 0.0], [0.55, 0.0]]",6,2,2,two_color,9397,31984,13673,9586,9397,9586,1.0,0.65,0.65,8,98.0,5.063358240860144,189,0.01971625286876695,#ed8a80,0.92941177,0.5411765,0.5019608,67.91801451282137,36.34335521010973,22.89181590976501,67.92841037539269,36.36724696682832,22.697210302720286,12.161110016754014,21.280854487836727,2.409635444797152,3.9662199124646986,1.0752804203442365,32.20585123189943,42.9520046514104,LayerLoomPhotos100NCZ_5/centered_4x3_tif/DSC_4599ykm.tif,DSC_4599ykm.tif,DSC_4599,ykm,capture_number,4599,y,k,m,CMY+neutral,two_color__ykm__DSC_4599ykm,0.5442999697611128
22,ykm_two_color_022_ymymm,ykm,two_color,cmcmm,ymymm,0.4,0.0,0.6,0.4,0.0,0.6,0.6,0.0,#db685a,0.8588235294117647,0.4086274509803922,0.3529411764705882,57.792720015896336,43.79980661784777,29.401577379574974,"[[0.6333333333333334, 0.2116950987028627], [0.6333333333333331, 0.211695098702863], [0.5500000000000002, 0.25980762113533157], [0.55, 0.2598076211353316], [0.55, 0.0], [0.6333333333333334, 0.0]]",6,2,2,two_color,6141,23210,9827,6266,6141,6266,1.0,0.65,0.65,8,98.0,9.384387633233326,125,0.01994893073731248,#ea8688,0.91764706,0.5254902,0.53333336,66.84131031498096,38.12603140361276,17.666935153435425,66.89699597097454,38.65358237404692,15.934585851522131,9.646730971065145,15.867278902126012,3.8088934793045044,8.383317372849517,2.5041845543898056,24.86218016042875,42.02041013965664,LayerLoomPhotos100NCZ_5/centered_4x3_tif/DSC_4599ykm.tif,DSC_4599ykm.tif,DSC_4599,ykm,capture_number,4599,y,k,m,CMY+neutral,two_color__ykm__DSC_4599ykm,0.5442999697611128
23,ykm_two_color_023_ymm,ykm,two_color,cmm,ymm,0.3333333333333333,0.0,0.6666666666666666,0.3333333333333333,0.0,0.6666666666666666,0.6666666666666666,0.0,#d75b64,0.8431372549019608,0.3568627450980392,0.39215686274509803,54.92109472478978,49.47976671792647,19.744343642877826,"[[0.7083333333333331, 0.168393828513641], [0.7083333333333331, 0.168393828513641], [0.6333333333333333, 0.2116950987028628], [0.6333333333333334, 0.0], [0.7083333333333333, 0.0]]",6,2,2,two_color,4162,16783,7167,4246,4162,4246,1.0,0.65,0.65,8,98.0,9.571298327707584,84,0.019783325482807347,#e9818c,0.9137255,0.5058824,0.54901963,65.53263005088616,40.56723150049843,12.11548708552922,65.87441951063829,40.67080322831319,11.91775723708661,10.240739018495049,15.818894346681985,3.873335182357462,6.652295357026978,2.017041337448727,16.62836337380196,42.33775264388342,LayerLoomPhotos100NCZ_5/centered_4x3_tif/DSC_4599ykm.tif,DSC_4599ykm.tif,DSC_4599,ykm,capture_number,4599,y,k,m,CMY+neutral,two_color__ykm__DSC_4599ykm,0.5442999697611128
24,ykm_two_color_024_mymm,ykm,two_color,mcmm,mymm,0.25,0.0,0.75,0.25,0.0,0.75,0.75,0.0,#d24b71,0.8235294117647058,0.29215686274509806,0.4411764705882353,51.668565525830644,56.21727015606698,7.685778968975887,"[[0.7750000000000006, 0.12990381056766542], [0.7750000000000004, 0.12990381056766562], [0.7083333333333331, 0.16839382851364093], [0.7083333333333331, 0.0], [0.7750000000000006, 0.0]]",6,2,2,two_color,2612,11704,5008,2665,2612,2665,1.0,0.65,0.65,8,98.0,12.97838941371095,53,0.019887429643527205,#e67992,0.9019608,0.4745098,0.57254905,63.72954937367528,44.52454761034363,6.692848945687113,64.86271302962892,42.94427147801507,7.652023445376928,11.535737013040695,16.827745004616176,4.630420869118123,10.78925018941657,3.2748537282590107,8.548593970349202,45.02476615059252,LayerLoomPhotos100NCZ_5/centered_4x3_tif/DSC_4599ykm.tif,DSC_4599ykm.tif,DSC_4599,ykm,capture_number,4599,y,k,m,CMY+neutral,two_color__ykm__DSC_4599ykm,0.5442999697611128
25,ykm_two_color_025_mmymm,ykm,two_color,mmcmm,mmymm,0.2,0.0,0.8,0.2,0.0,0.8,0.8,0.0,#cf4178,0.8117647058823529,0.25333333333333335,0.47058823529411764,49.9300161110031,59.96278169082675,0.597488729997786,"[[0.7750000000000006, 0.12990381056766537], [0.7750000000000006, 0.0], [0.8999999999999999, 0.0], [0.8999999999999999, 0.05773502691896263]]",6,2,2,two_color,3216,13812,5835,3281,3216,3281,1.0,0.65,0.65,8,98.0,16.24693100411581,65,0.019811033221578785,#e67499,0.9019608,0.45490196,0.6,62.92870066365201,48.121114623921656,-0.27350953928698685,63.9074132479711,46.14853300683774,2.6158138099824155,12.536584951882753,17.60538318264602,3.4421538686605957,11.368684320486473,3.9597424449490055,359.67434724586025,48.12189190084579,LayerLoomPhotos100NCZ_5/centered_4x3_tif/DSC_4599ykm.tif,DSC_4599ykm.tif,DSC_4599,ykm,capture_number,4599,y,k,m,CMY+neutral,two_color__ykm__DSC_4599ykm,0.5442999697611128
26,ykm_two_color_026_m,ykm,two_color,m,m,0.0,0.0,1.0,0.0,0.0,1.0,1.0,0.0,#c31996,0.7647058823529411,0.09803921568627451,0.5882352941176471,44.94517938493525,71.41561872915153,-25.286338363609783,"[[0.8999999999999999, 0.05773502691896262], [0.8999999999999999, 0.0], [1.0, 0.0], [0.95, 0.08660254037844395]]",6,2,2,two_color,1164,6898,2932,1187,1164,1187,1.0,0.65,0.65,8,98.0,1.8493134750341045,23,0.019376579612468407,#e567ac,0.8980392,0.40392157,0.6745098,61.0528449021339,56.481233387529585,-12.844449390824497,61.116320971693575,56.379670633462474,-12.917012258878307,16.63475193742986,25.244669836563894,0.4038509623200534,1.1093394844370201,0.35829068683330834,347.18820505415243,57.92330796087218,LayerLoomPhotos100NCZ_5/centered_4x3_tif/DSC_4599ykm.tif,DSC_4599ykm.tif,DSC_4599,ykm,capture_number,4599,y,k,m,CMY+neutral,two_color__ykm__DSC_4599ykm,0.5442999697611128
27,ykm_two_color_027_mmkmm,ykm,two_color,mmymm,mmkmm,0.0,0.2,0.8,0.0,0.2,0.8,0.9,0.17320508075688773,#a0187c,0.6274509803921567,0.09411764705882353,0.4862745098039216,37.08540498115857,60.75459110192846,-22.053769184463256,"[[0.7750000000000004, 0.12990381056766553], [0.7750000000000004, 0.1299038105676656], [0.8999999999999999, 0.05773502691896262], [0.95, 0.08660254037844393], [0.8875000000000002, 0.19485571585149836]]",6,2,2,two_color,2772,13760,5829,2829,2772,2829,1.0,0.65,0.65,8,98.0,20.75996984587723,57,0.02014846235418876,#a65d97,0.6509804,0.3647059,0.5921569,49.78372148354961,37.92967653958229,-18.803016749569892,45.80317742580165,34.493732027540275,-16.910604078490657,13.724394966802153,26.320930039918125,4.721708762099075,19.200339759825606,6.292266405978807,333.63083772860784,42.33454619199248,LayerLoomPhotos100NCZ_5/centered_4x3_tif/DSC_4599ykm.tif,DSC_4599ykm.tif,DSC_4599,ykm,capture_number,4599,y,k,m,CMY+neutral,two_color__ykm__DSC_4599ykm,0.5442999697611128
28,ykm_two_color_028_mmkm,ykm,two_color,mmym,mmkm,0.0,0.25,0.75,0.0,0.25,0.75,0.875,0.21650635094610965,#971876,0.5931372549019607,0.09313725490196079,0.4607843137254902,35.091445505123374,57.975459492816825,-21.202984000335167,"[[0.7083333333333333, 0.16839382851364088], [0.708333333333333, 0.1683938285136411], [0.7750000000000006, 0.12990381056766553], [0.7750000000000005, 0.12990381056766556], [0.8875000000000002, 0.19485571585149838], [0.8541666666666666, 0.2525907427704614]]",6,2,2,two_color,2056,11623,5000,2095,2056,2095,1.0,0.65,0.65,8,98.0,16.590388978849195,39,0.018615751789976133,#8a5585,0.5411765,0.33333334,0.52156866,43.69796089465907,29.29853681824346,-16.876212138971013,41.146189532505154,28.22877111355252,-15.383069223407364,12.272833927151941,30.251594271609346,6.222286070141997,14.53887725393044,4.549961701641891,330.0576831284992,33.81140038285194,LayerLoomPhotos100NCZ_5/centered_4x3_tif/DSC_4599ykm.tif,DSC_4599ykm.tif,DSC_4599,ykm,capture_number,4599,y,k,m,CMY+neutral,two_color__ykm__DSC_4599ykm,0.5442999697611128
29,ykm_two_color_029_mmk,ykm,two_color,mmy,mmk,0.0,0.3333333333333333,0.6666666666666666,0.0,0.3333333333333333,0.6666666666666666,0.8333333333333333,0.28867513459481287,#89176b,0.5359477124183006,0.09150326797385622,0.41830065359477125,31.743751639240692,53.2149515234337,-19.734675168000603,"[[0.6333333333333329, 0.21169509870286304], [0.6333333333333332, 0.2116950987028628], [0.708333333333333, 0.16839382851364093], [0.7083333333333333, 0.16839382851364088], [0.8541666666666666, 0.25259074277046145], [0.8166666666666667, 0.3175426480542943]]",6,2,2,two_color,3325,16688,7048,3391,3325,3391,1.0,0.65,0.65,8,98.0,12.042511326852809,66,0.019463285166617515,#744f71,0.45490196,0.30980393,0.44313726,38.894134519518026,21.807675633709444,-13.153415120014934,37.68723193600414,21.381767842175517,-13.079152429706312,13.074747376674166,32.87640396951939,6.853927564650608,10.865687756871335,3.273474266651632,328.903498108694,25.467372182157348,LayerLoomPhotos100NCZ_5/centered_4x3_tif/DSC_4599ykm.tif,DSC_4599ykm.tif,DSC_4599,ykm,capture_number,4599,y,k,m,CMY+neutral,two_color__ykm__DSC_4599ykm,0.5442999697611128
30,ykm_two_color_030_mmkmk,ykm,two_color,mmymy,mmkmk,0.0,0.4,0.6,0.0,0.4,0.6,0.8,0.34641016151377546,#7d1762,0.4901960784313725,0.09019607843137255,0.3843137254901961,29.045595891041245,49.26967652924896,-18.504774230581546,"[[0.5500000000000003, 0.2598076211353315], [0.5500000000000003, 0.2598076211353315], [0.6333333333333333, 0.21169509870286285], [0.6333333333333329, 0.21169509870286302], [0.8166666666666665, 0.3175426480542942], [0.775, 0.38971143170299727]]",6,2,2,two_color,5207,23069,9815,5310,5207,5310,1.0,0.65,0.65,8,98.0,14.639609550103994,103,0.019397363465160074,#614761,0.38039216,0.2784314,0.38039216,33.801177740057724,15.37521799716024,-10.796182963561552,35.54780539664826,18.2169244445735,-11.498289171320115,14.37163792328246,35.08378909451135,5.836183160572709,13.425336793034429,4.084233445094608,324.9242059781387,18.78709384239342,LayerLoomPhotos100NCZ_5/centered_4x3_tif/DSC_4599ykm.tif,DSC_4599ykm.tif,DSC_4599,ykm,capture_number,4599,y,k,m,CMY+neutral,two_color__ykm__DSC_4599ykm,0.5442999697611128
