region_index,label,corner_label,condition,local_stack_token,stack_token,f_bottom_left,f_top,f_bottom_right,f_c,f_n,f_y,site_x,site_y,expected_hex,expected_R,expected_G,expected_B,expected_L,expected_a,expected_b,polygon_xy,max_height,max_run,distinct_lte,preset
1,cny_two_color_001_yn,cny,two_color,my,yn,0.0,0.5,0.5,0.0,0.5,0.5,0.75,0.4330127018922193,#c4b749,0.7705882352941176,0.7176470588235294,0.28627450980392155,73.64441637836279,-8.506124682364502,55.95363699709435,"[[0.5, 0.34641016151377513], [0.5, 0.34641016151377513], [0.5, 0.28867513459481287], [0.55, 0.2598076211353315], [0.5500000000000003, 0.25980762113533146], [0.7750000000000001, 0.38971143170299727], [0.7250000000000001, 0.47631397208144116]]",6,2,2,two_color
2,cny_two_color_002_ynynn,cny,two_color,mymyy,ynynn,0.0,0.6,0.4,0.0,0.6,0.4,0.7,0.5196152422706631,#b9af58,0.7247058823529411,0.6862745098039215,0.34352941176470586,70.62795399013348,-8.197513426595027,45.53479237582603,"[[0.49999999999999994, 0.44263520637871284], [0.49999999999999994, 0.44263520637871284], [0.49999999999999994, 0.3464101615137752], [0.7250000000000001, 0.47631397208144116], [0.6833333333333335, 0.5484827557301443]]",6,2,2,two_color
3,cny_two_color_003_ynn,cny,two_color,myy,ynn,0.0,0.6666666666666666,0.3333333333333333,0.0,0.6666666666666666,0.3333333333333333,0.6666666666666666,0.5773502691896257,#b1aa61,0.6941176470588234,0.665359477124183,0.38169934640522873,68.63668231180478,-7.740294518607637,38.09957989132911,"[[0.5, 0.5292377467571571], [0.4999999999999999, 0.5292377467571567], [0.49999999999999994, 0.4426352063787129], [0.6833333333333335, 0.5484827557301444], [0.6458333333333334, 0.6134346610139774]]",6,2,2,two_color
4,cny_two_color_004_nynn,cny,two_color,ymyy,nynn,0.0,0.75,0.25,0.0,0.75,0.25,0.625,0.649519052838329,#a7a36e,0.6558823529411764,0.6392156862745098,0.4294117647058823,66.17676670849767,-6.831586615665075,28.394326382394187,"[[0.5, 0.6062177826491071], [0.5, 0.6062177826491071], [0.5, 0.529237746757157], [0.6458333333333334, 0.6134346610139774], [0.6125, 0.6711696879329399]]",6,2,2,two_color
5,cny_two_color_005_nnynn,cny,two_color,yymyy,nnynn,0.0,0.8,0.2,0.0,0.8,0.2,0.6000000000000001,0.6928203230275509,#a19f75,0.6329411764705881,0.6235294117647058,0.4580392156862745,64.71985701937079,-6.081445894802917,22.405802387216056,"[[0.5, 0.7505553499465134], [0.5, 0.6062177826491071], [0.6125, 0.6711696879329399], [0.55, 0.7794228634059948]]",6,2,2,two_color
6,cny_two_color_006_n,cny,two_color,y,n,0.0,1.0,0.0,0.0,1.0,0.0,0.5,0.8660254037844386,#8a8f92,0.5411764705882353,0.5607843137254902,0.5725490196078431,59.08831744726014,-1.2137183135860763,-2.223898189538698,"[[0.45, 0.7794228634059948], [0.5, 0.7505553499465135], [0.5499999999999999, 0.7794228634059948], [0.5, 0.8660254037844386]]",6,2,2,two_color
7,cny_two_color_007_nncnn,cny,two_color,yycyy,nncnn,0.2,0.8,0.0,0.2,0.8,0.0,0.4,0.6928203230275509,#7a9aa1,0.4784313725490196,0.6054901960784314,0.6305882352941176,61.607754038311626,-9.686499798209791,-7.03699824739048,"[[0.45, 0.7794228634059948], [0.38750000000000007, 0.6711696879329401], [0.5, 0.6062177826491071], [0.49999999999999994, 0.606217782649107], [0.5, 0.7505553499465134]]",6,2,2,two_color
8,cny_two_color_008_ncnn,cny,two_color,ycyy,ncnn,0.25,0.75,0.0,0.25,0.75,0.0,0.375,0.649519052838329,#769da4,0.4627450980392156,0.6166666666666667,0.6450980392156862,62.29380297239342,-11.594887213849548,-8.131163464377721,"[[0.49999999999999994, 0.6062177826491072], [0.38750000000000007, 0.6711696879329401], [0.3541666666666665, 0.6134346610139771], [0.4999999999999999, 0.5292377467571566], [0.5, 0.529237746757157], [0.5, 0.606217782649107]]",6,2,2,two_color
9,cny_two_color_009_cnn,cny,two_color,cyy,cnn,0.3333333333333333,0.6666666666666666,0.0,0.3333333333333333,0.6666666666666666,0.0,0.3333333333333333,0.5773502691896257,#6fa2ab,0.43660130718954243,0.6352941176470589,0.6692810457516339,63.48135663336363,-14.5817008063997,-9.867013764083676,"[[0.5000000000000001, 0.5292377467571565], [0.3541666666666665, 0.6134346610139771], [0.31666666666666654, 0.5484827557301443], [0.4999999999999999, 0.44263520637871295], [0.49999999999999994, 0.4426352063787134], [0.49999999999999994, 0.529237746757157]]",6,2,2,two_color
10,cny_two_color_010_cncnn,cny,two_color,cycyy,cncnn,0.4,0.6,0.0,0.4,0.6,0.0,0.3,0.5196152422706631,#6aa6b0,0.4156862745098039,0.6501960784313725,0.688627450980392,64.46812932089617,-16.796039102735804,-11.181586272020706,"[[0.49999999999999994, 0.44263520637871295], [0.3166666666666666, 0.5484827557301443], [0.27500000000000013, 0.47631397208144144], [0.5, 0.3464101615137757], [0.5, 0.34641016151377535], [0.5, 0.4426352063787127]]",6,2,2,two_color
11,cny_two_color_011_cn,cny,two_color,cy,cn,0.5,0.5,0.0,0.5,0.5,0.0,0.25,0.4330127018922193,#62acb7,0.38431372549019605,0.6725490196078432,0.7176470588235294,66.00354158706689,-19.82881356457683,-13.039772037206943,"[[0.4999999999999999, 0.3464101615137758], [0.2750000000000002, 0.47631397208144144], [0.22500000000000003, 0.3897114317029974], [0.45, 0.25980762113533157], [0.45, 0.25980762113533157], [0.5, 0.28867513459481287], [0.5, 0.34641016151377524]]",6,2,2,two_color
12,cny_two_color_012_ccncn,cny,two_color,ccycy,ccncn,0.6,0.4,0.0,0.6,0.4,0.0,0.2,0.34641016151377546,#5ab1be,0.3529411764705882,0.6949019607843138,0.7466666666666667,67.59807915308023,-22.52485781531105,-14.773558140756826,"[[0.36666666666666653, 0.21169509870286277], [0.36666666666666714, 0.21169509870286302], [0.45, 0.25980762113533157], [0.225, 0.3897114317029973], [0.18333333333333335, 0.3175426480542941]]",6,2,2,two_color
13,cny_two_color_013_ccn,cny,two_color,ccy,ccn,0.6666666666666666,0.3333333333333333,0.0,0.6666666666666666,0.3333333333333333,0.0,0.16666666666666666,0.28867513459481287,#55b5c3,0.33202614379084966,0.7098039215686275,0.7660130718954248,68.69021664733687,-24.143039702976267,-15.866622477003634,"[[0.29166666666666674, 0.16839382851364088], [0.29166666666666674, 0.16839382851364088], [0.3666666666666666, 0.21169509870286274], [0.18333333333333332, 0.3175426480542941], [0.14583333333333337, 0.2525907427704613]]",6,2,2,two_color
14,cny_two_color_014_ccnc,cny,two_color,ccyc,ccnc,0.75,0.25,0.0,0.75,0.25,0.0,0.125,0.21650635094610965,#4ebaca,0.3058823529411765,0.7284313725490196,0.7901960784313725,70.08448611962298,-25.97462396481376,-17.168556206019183,"[[0.22499999999999984, 0.12990381056766567], [0.2916666666666667, 0.16839382851364085], [0.14583333333333337, 0.2525907427704613], [0.11250000000000002, 0.1948557158514987], [0.22500000000000003, 0.12990381056766576]]",6,2,2,two_color
15,cny_two_color_015_ccncc,cny,two_color,ccycc,ccncc,0.8,0.2,0.0,0.8,0.2,0.0,0.1,0.17320508075688773,#4abdcd,0.2901960784313726,0.7396078431372548,0.8047058823529412,70.9351111329078,-26.97664768387359,-17.917879487656684,"[[0.22499999999999995, 0.12990381056766578], [0.11249999999999999, 0.19485571585149866], [0.04999999999999999, 0.08660254037844385], [0.1, 0.05773502691896256]]",6,2,2,two_color
16,cny_two_color_016_c,cny,two_color,c,c,1.0,0.0,0.0,1.0,0.0,0.0,0.0,0.0,#3ac8dc,0.22745098039215686,0.7843137254901961,0.8627450980392157,74.42655654335444,-30.326087604312878,-20.705156122725967,"[[0.1, 0.057735026918962574], [0.05, 0.08660254037844387], [0.0, 0.0], [0.10000000000000002, 0.0]]",6,2,2,two_color
17,cny_two_color_017_ccycc,cny,two_color,ccmcc,ccycc,0.8,0.0,0.2,0.8,0.0,0.2,0.2,0.0,#61cdb0,0.3819607843137255,0.8023529411764706,0.6901960784313725,75.5547352424016,-37.82289322407589,4.864422141720537,"[[0.22499999999999998, 0.12990381056766578], [0.22499999999999992, 0.12990381056766576], [0.1, 0.05773502691896257], [0.10000000000000002, 0.0], [0.22499999999999998, 0.0]]",6,2,2,two_color
18,cny_two_color_018_ccyc,cny,two_color,ccmc,ccyc,0.75,0.0,0.25,0.75,0.0,0.25,0.25,0.0,#6bcea5,0.42058823529411765,0.8068627450980392,0.6470588235294118,75.99398463781759,-38.508338624210936,11.446263813771207,"[[0.29166666666666663, 0.16839382851364085], [0.29166666666666674, 0.16839382851364088], [0.22499999999999992, 0.12990381056766573], [0.22499999999999995, 0.12990381056766576], [0.22499999999999998, 0.0], [0.29166666666666674, 0.0]]",6,2,2,two_color
19,cny_two_color_019_ccy,cny,two_color,ccm,ccy,0.6666666666666666,0.0,0.3333333333333333,0.6666666666666666,0.0,0.3333333333333333,0.3333333333333333,0.0,#7cd093,0.4849673202614379,0.8143790849673204,0.5751633986928105,76.86250739489427,-38.58330122000342,22.49598611228505,"[[0.3666666666666667, 0.2116950987028628], [0.36666666666666675, 0.2116950987028628], [0.29166666666666674, 0.16839382851364085], [0.2916666666666667, 0.16839382851364082], [0.2916666666666667, 0.0], [0.3666666666666667, 0.0]]",6,2,2,two_color
20,cny_two_color_020_ccycy,cny,two_color,ccmcm,ccycy,0.6,0.0,0.4,0.6,0.0,0.4,0.4,0.0,#89d184,0.5364705882352941,0.820392156862745,0.5176470588235295,77.67664033697756,-37.72301156590308,31.332784159337134,"[[0.44999999999999996, 0.25980762113533157], [0.4500000000000001, 0.2598076211353316], [0.3666666666666665, 0.21169509870286266], [0.36666666666666675, 0.21169509870286288], [0.3666666666666667, 0.0], [0.44999999999999996, 0.0]]",6,2,2,two_color
21,cny_two_color_021_cy,cny,two_color,cm,cy,0.5,0.0,0.5,0.5,0.0,0.5,0.5,0.0,#9dd36e,0.6137254901960785,0.8294117647058823,0.43137254901960786,79.08731311025821,-35.04058229831547,44.36686585857201,"[[0.55, 0.2598076211353316], [0.5, 0.2886751345948129], [0.4500000000000002, 0.25980762113533173], [0.44999999999999996, 0.25980762113533157], [0.44999999999999996, 0.0], [0.55, 0.0]]",6,2,2,two_color
22,cny_two_color_022_cycyy,cny,two_color,cmcmm,cycyy,0.4,0.0,0.6,0.4,0.0,0.6,0.6,0.0,#b0d658,0.6909803921568628,0.8384313725490194,0.34509803921568627,80.71081715514305,-30.926605445549537,56.74685739894987,"[[0.6333333333333334, 0.2116950987028627], [0.6333333333333331, 0.211695098702863], [0.5500000000000002, 0.25980762113533157], [0.55, 0.2598076211353316], [0.55, 0.0], [0.6333333333333334, 0.0]]",6,2,2,two_color
23,cny_two_color_023_cyy,cny,two_color,cmm,cyy,0.3333333333333333,0.0,0.6666666666666666,0.3333333333333333,0.0,0.6666666666666666,0.6666666666666666,0.0,#bdd749,0.742483660130719,0.8444444444444444,0.28758169934640526,81.90233054832865,-27.535536020099894,64.35586331832887,"[[0.7083333333333331, 0.168393828513641], [0.7083333333333331, 0.168393828513641], [0.6333333333333333, 0.2116950987028628], [0.6333333333333334, 0.0], [0.7083333333333333, 0.0]]",6,2,2,two_color
24,cny_two_color_024_ycyy,cny,two_color,mcmm,ycyy,0.25,0.0,0.75,0.25,0.0,0.75,0.75,0.0,#ced937,0.8068627450980392,0.8519607843137255,0.21568627450980393,83.5042416800598,-22.722707681334942,72.79352079044212,"[[0.7750000000000006, 0.12990381056766542], [0.7750000000000004, 0.12990381056766562], [0.7083333333333331, 0.16839382851364093], [0.7083333333333331, 0.0], [0.7750000000000006, 0.0]]",6,2,2,two_color
25,cny_two_color_025_yycyy,cny,two_color,mmcmm,yycyy,0.2,0.0,0.8,0.2,0.0,0.8,0.8,0.0,#d8da2c,0.8454901960784313,0.8564705882352941,0.17254901960784313,84.52082667829146,-19.591593417616572,77.13877361131732,"[[0.7750000000000006, 0.12990381056766537], [0.7750000000000006, 0.0], [0.8999999999999999, 0.0], [0.8999999999999999, 0.05773502691896263]]",6,2,2,two_color
26,cny_two_color_026_y,cny,two_color,m,y,0.0,0.0,1.0,0.0,0.0,1.0,1.0,0.0,#ffdf00,1.0,0.8745098039215686,0.0,88.94096720886532,-5.949434572648293,88.5567575521992,"[[0.8999999999999999, 0.05773502691896262], [0.8999999999999999, 0.0], [1.0, 0.0], [0.95, 0.08660254037844395]]",6,2,2,two_color
27,cny_two_color_027_yynyy,cny,two_color,mmymm,yynyy,0.0,0.2,0.8,0.0,0.2,0.8,0.9,0.17320508075688773,#e8cf1d,0.908235294117647,0.8117647058823529,0.11450980392156862,82.81074853195292,-7.519206396517985,79.61408985962831,"[[0.7750000000000004, 0.12990381056766553], [0.7750000000000004, 0.1299038105676656], [0.8999999999999999, 0.05773502691896262], [0.95, 0.08660254037844393], [0.8875000000000002, 0.19485571585149836]]",6,2,2,two_color
28,cny_two_color_028_yyny,cny,two_color,mmym,yyny,0.0,0.25,0.75,0.0,0.25,0.75,0.875,0.21650635094610965,#e2cb25,0.8852941176470588,0.796078431372549,0.14313725490196078,81.2769266711839,-7.829922023281255,76.58440743090578,"[[0.7083333333333333, 0.16839382851364088], [0.708333333333333, 0.1683938285136411], [0.7750000000000006, 0.12990381056766553], [0.7750000000000005, 0.12990381056766556], [0.8875000000000002, 0.19485571585149838], [0.8541666666666666, 0.2525907427704614]]",6,2,2,two_color
29,cny_two_color_029_yyn,cny,two_color,mmy,yyn,0.0,0.3333333333333333,0.6666666666666666,0.0,0.3333333333333333,0.6666666666666666,0.8333333333333333,0.28867513459481287,#d8c431,0.8470588235294118,0.7699346405228757,0.19084967320261437,78.72372712820206,-8.237777918537581,70.6964771510838,"[[0.6333333333333329, 0.21169509870286304], [0.6333333333333332, 0.2116950987028628], [0.708333333333333, 0.16839382851364093], [0.7083333333333333, 0.16839382851364088], [0.8541666666666666, 0.25259074277046145], [0.8166666666666667, 0.3175426480542943]]",6,2,2,two_color
30,cny_two_color_030_yynyn,cny,two_color,mmymy,yynyn,0.0,0.4,0.6,0.0,0.4,0.6,0.8,0.34641016151377546,#d0bf3a,0.8164705882352941,0.7490196078431373,0.22901960784313724,76.68633556880798,-8.444424052542477,65.24716141240661,"[[0.5500000000000003, 0.2598076211353315], [0.5500000000000003, 0.2598076211353315], [0.6333333333333333, 0.21169509870286285], [0.6333333333333329, 0.21169509870286302], [0.8166666666666665, 0.3175426480542942], [0.775, 0.38971143170299727]]",6,2,2,two_color
