region_index,label,corner_label,condition,local_stack_token,stack_token,f_bottom_left,f_top,f_bottom_right,f_c,f_g,f_m,site_x,site_y,expected_hex,expected_R,expected_G,expected_B,expected_L,expected_a,expected_b,polygon_xy,max_height,max_run,distinct_lte,preset,sample_pixels,raw_region_pixels,core_region_pixels,candidate_mask_pixels,sample_mask_pixels,old_color_mask_pixels,old_color_mask_fraction,sample_core_fraction_requested,sample_core_fraction_used,erosion_px_used,lab_trim_percentile,lab_trim_cutoff_deltaE00,lab_trimmed_pixels,lab_trimmed_fraction,measured_hex,measured_R,measured_G,measured_B,measured_L,measured_a,measured_b,measured_L_mean,measured_a_mean,measured_b_mean,deltaE00_to_expected,deltaE76_to_expected,within_region_deltaE00_median,within_region_deltaE00_p90,within_region_deltaE00_sd,hue_angle_degrees,measured_chroma,source_path,filename,photo_id,filename_label,condition_source,capture_number,bottom_left_anchor,top_anchor,bottom_right_anchor,palette_family,analysis_id,analysis_scale
1,cgm_two_color_001_mg,cgm,two_color,my,mg,0.0,0.5,0.5,0.0,0.5,0.5,0.75,0.4330127018922193,#726c7d,0.44509803921568625,0.4235294117647059,0.4882352941176471,46.627535482316695,5.590572036020647,-8.359464096449232,"[[0.5, 0.34641016151377513], [0.5, 0.34641016151377513], [0.5, 0.28867513459481287], [0.55, 0.2598076211353315], [0.5500000000000003, 0.25980762113533146], [0.7750000000000001, 0.38971143170299727], [0.7250000000000001, 0.47631397208144116]]",6,2,2,two_color,8329,31976,13625,8497,8329,8497,1.0,0.65,0.65,8,98.0,5.837155331933758,168,0.019771684123808402,#a0878b,0.627451,0.5294118,0.54509807,58.55137014327491,10.140332949236608,1.4080201809051784,58.558967553989845,10.075325918523067,1.4257372816702312,14.814973723156166,16.07115137436213,1.6637465632040342,3.4315612171249943,1.1227334412169503,7.905170437589504,10.237620482866605,LayerLoomPhotos100NCZ_5/centered_4x3_tif/DSC_4617cgm.tif,DSC_4617cgm.tif,DSC_4617,cgm,capture_number,4617,c,g,m,CMY+OVG,two_color__cgm__DSC_4617cgm,0.547112462006079
2,cgm_two_color_002_mgmgg,cgm,two_color,mymyy,mgmgg,0.0,0.6,0.4,0.0,0.6,0.4,0.7,0.5196152422706631,#617d77,0.3811764705882353,0.4886274509803922,0.4682352941176471,50.048780298099175,-11.011596685547298,-0.4100021177099622,"[[0.49999999999999994, 0.44263520637871284], [0.49999999999999994, 0.44263520637871284], [0.49999999999999994, 0.3464101615137752], [0.7250000000000001, 0.47631397208144116], [0.6833333333333335, 0.5484827557301443]]",6,2,2,two_color,5340,22973,9814,5449,5340,5449,1.0,0.65,0.65,8,98.0,17.87498275822145,109,0.020003670398238207,#9a9188,0.6039216,0.5686275,0.53333336,60.48092486553923,2.7645568874565263,5.280088906884739,60.44524190161187,0.8676858663636703,5.971211622677633,19.91229940462492,18.193108129484866,6.513810436766107,15.71799522578029,4.830397948887805,62.3642773659509,5.960043091168938,LayerLoomPhotos100NCZ_5/centered_4x3_tif/DSC_4617cgm.tif,DSC_4617cgm.tif,DSC_4617,cgm,capture_number,4617,c,g,m,CMY+OVG,two_color__cgm__DSC_4617cgm,0.547112462006079
3,cgm_two_color_003_mgg,cgm,two_color,myy,mgg,0.0,0.6666666666666666,0.3333333333333333,0.0,0.6666666666666666,0.3333333333333333,0.6666666666666666,0.5773502691896257,#568874,0.33856209150326794,0.5320261437908497,0.4549019607843137,52.695630696077046,-21.313046076856747,5.328256157381528,"[[0.5, 0.5292377467571571], [0.4999999999999999, 0.5292377467571567], [0.49999999999999994, 0.4426352063787129], [0.6833333333333335, 0.5484827557301444], [0.6458333333333334, 0.6134346610139774]]",6,2,2,two_color,3423,16641,7040,3492,3423,3492,1.0,0.65,0.65,8,98.0,13.316586342222571,69,0.019759450171821305,#929686,0.57254905,0.5882353,0.5254902,61.672012322759954,-4.767882270724943,8.284459078398099,61.68642123717132,-4.710512626821874,8.329484889454857,15.844425392863467,19.054054901511414,5.250142732038264,9.892128803521826,3.1611859345122246,119.9213415794431,9.558502161382082,LayerLoomPhotos100NCZ_5/centered_4x3_tif/DSC_4617cgm.tif,DSC_4617cgm.tif,DSC_4617,cgm,capture_number,4617,c,g,m,CMY+OVG,two_color__cgm__DSC_4617cgm,0.547112462006079
4,cgm_two_color_004_gmgg,cgm,two_color,ymyy,gmgg,0.0,0.75,0.25,0.0,0.75,0.25,0.625,0.649519052838329,#499670,0.2852941176470588,0.5862745098039216,0.43823529411764706,56.310473320535195,-32.957780310672206,12.791458236792131,"[[0.5, 0.6062177826491071], [0.5, 0.6062177826491071], [0.5, 0.529237746757157], [0.6458333333333334, 0.6134346610139774], [0.6125, 0.6711696879329399]]",6,2,2,two_color,2080,11628,4934,2122,2080,2122,1.0,0.65,0.65,8,98.0,18.878716305341023,42,0.019792648444863337,#88a182,0.53333336,0.6294118,0.50980395,63.85953495203533,-14.720910673589799,13.497068440868322,63.94771273126606,-12.999447614589906,12.381713545712495,11.72221957186276,19.75018054186397,4.700512934916857,14.432856680626914,4.651007506460336,137.48341942184243,19.971881923276378,LayerLoomPhotos100NCZ_5/centered_4x3_tif/DSC_4617cgm.tif,DSC_4617cgm.tif,DSC_4617,cgm,capture_number,4617,c,g,m,CMY+OVG,two_color__cgm__DSC_4617cgm,0.547112462006079
5,cgm_two_color_005_ggmgg,cgm,two_color,yymyy,ggmgg,0.0,0.8,0.2,0.0,0.8,0.2,0.6000000000000001,0.6928203230275509,#419e6d,0.2533333333333333,0.6188235294117648,0.42823529411764705,58.60463547244893,-39.21956808765342,17.35034488308449,"[[0.5, 0.7505553499465134], [0.5, 0.6062177826491071], [0.6125, 0.6711696879329399], [0.55, 0.7794228634059948]]",6,2,2,two_color,3038,13765,5897,3100,3038,3100,1.0,0.65,0.65,8,98.0,17.629020096695108,62,0.02,#86a983,0.5254902,0.6627451,0.5137255,66.13483437083063,-19.939907704977305,16.521215319489446,66.11082982059123,-17.488079468151206,14.386762497355377,10.760807597886712,20.714648337679964,3.973521415749226,13.757204055082319,4.542847014647252,140.35654487213912,25.894989378564073,LayerLoomPhotos100NCZ_5/centered_4x3_tif/DSC_4617cgm.tif,DSC_4617cgm.tif,DSC_4617,cgm,capture_number,4617,c,g,m,CMY+OVG,two_color__cgm__DSC_4617cgm,0.547112462006079
6,cgm_two_color_006_g,cgm,two_color,y,g,0.0,1.0,0.0,0.0,1.0,0.0,0.5,0.8660254037844386,#20bf63,0.12549019607843137,0.7490196078431373,0.38823529411764707,68.36328344031337,-59.093631377102774,35.49547851450803,"[[0.45, 0.7794228634059948], [0.5, 0.7505553499465135], [0.5499999999999999, 0.7794228634059948], [0.5, 0.8660254037844386]]",6,2,2,two_color,961,6765,2915,980,961,980,1.0,0.65,0.65,8,98.0,0.6890931061914438,19,0.019387755102040816,#79d789,0.4745098,0.84313726,0.5372549,78.73470159268821,-44.267717397216025,30.02952087775739,78.67895638395504,-44.35862758773987,30.12129523682201,8.853217040518954,18.901077554392618,0.24915667969382554,0.5459089855455275,0.16795156030316727,145.84853698327436,53.492082850712116,LayerLoomPhotos100NCZ_5/centered_4x3_tif/DSC_4617cgm.tif,DSC_4617cgm.tif,DSC_4617,cgm,capture_number,4617,c,g,m,CMY+OVG,two_color__cgm__DSC_4617cgm,0.547112462006079
7,cgm_two_color_007_ggcgg,cgm,two_color,yycyy,ggcgg,0.2,0.8,0.0,0.2,0.8,0.0,0.4,0.6928203230275509,#25c17b,0.14588235294117646,0.756078431372549,0.48313725490196074,69.38451407457569,-54.74696762165026,24.313311520147906,"[[0.45, 0.7794228634059948], [0.38750000000000007, 0.6711696879329401], [0.5, 0.6062177826491071], [0.49999999999999994, 0.606217782649107], [0.5, 0.7505553499465134]]",6,2,2,two_color,2994,13742,5852,3048,2994,3048,1.0,0.65,0.65,8,98.0,5.355828739447033,54,0.017716535433070866,#76ce95,0.4627451,0.80784315,0.58431375,76.28864569510775,-39.09619257335309,20.27276407986507,76.29058932498849,-38.61914676994084,19.13660414633457,7.184084185291599,17.576683892680325,1.3948911765473873,3.458085817397245,1.191213797626258,152.5916573994749,44.039723400250566,LayerLoomPhotos100NCZ_5/centered_4x3_tif/DSC_4617cgm.tif,DSC_4617cgm.tif,DSC_4617,cgm,capture_number,4617,c,g,m,CMY+OVG,two_color__cgm__DSC_4617cgm,0.547112462006079
8,cgm_two_color_008_gcgg,cgm,two_color,ycyy,gcgg,0.25,0.75,0.0,0.25,0.75,0.0,0.375,0.649519052838329,#27c181,0.15098039215686274,0.7578431372549019,0.5068627450980392,69.65493206278121,-53.52558376648942,21.47080457762005,"[[0.49999999999999994, 0.6062177826491072], [0.38750000000000007, 0.6711696879329401], [0.3541666666666665, 0.6134346610139771], [0.4999999999999999, 0.5292377467571566], [0.5, 0.529237746757157], [0.5, 0.606217782649107]]",6,2,2,two_color,2097,11640,4961,2139,2097,2139,1.0,0.65,0.65,8,98.0,3.9645361395904937,42,0.019635343618513323,#74cd99,0.45490196,0.8039216,0.6,75.82777231667608,-38.2695169140857,17.826895247638987,75.85388883179033,-38.06525179986972,17.242016413673397,6.775267226253865,16.856144512024077,1.495463491184776,2.893105493486009,0.8385663475813807,155.02272228647917,42.21793598706343,LayerLoomPhotos100NCZ_5/centered_4x3_tif/DSC_4617cgm.tif,DSC_4617cgm.tif,DSC_4617,cgm,capture_number,4617,c,g,m,CMY+OVG,two_color__cgm__DSC_4617cgm,0.547112462006079
9,cgm_two_color_009_cgg,cgm,two_color,cyy,cgg,0.3333333333333333,0.6666666666666666,0.0,0.3333333333333333,0.6666666666666666,0.0,0.3333333333333333,0.5773502691896257,#29c28b,0.15947712418300652,0.7607843137254902,0.5464052287581699,70.11909101034699,-51.379409770592524,16.71680620874161,"[[0.5000000000000001, 0.5292377467571565], [0.3541666666666665, 0.6134346610139771], [0.31666666666666654, 0.5484827557301443], [0.4999999999999999, 0.44263520637871295], [0.49999999999999994, 0.4426352063787134], [0.49999999999999994, 0.529237746757157]]",6,2,2,two_color,3469,16709,7100,3527,3469,3527,1.0,0.65,0.65,8,98.0,2.878139643323232,58,0.016444570456478593,#72cb9f,0.44705883,0.79607844,0.62352943,75.2983893390653,-36.45248703008952,13.43425998162564,75.27701247288535,-36.41550589575099,13.477034128052603,6.33678535138887,16.137325162862748,1.1229120497864857,1.9435337508919988,0.6002119238671679,159.7690565158024,38.849236182102125,LayerLoomPhotos100NCZ_5/centered_4x3_tif/DSC_4617cgm.tif,DSC_4617cgm.tif,DSC_4617,cgm,capture_number,4617,c,g,m,CMY+OVG,two_color__cgm__DSC_4617cgm,0.547112462006079
10,cgm_two_color_010_cgcgg,cgm,two_color,cycyy,cgcgg,0.4,0.6,0.0,0.4,0.6,0.0,0.3,0.5196152422706631,#2ac393,0.16627450980392156,0.7631372549019607,0.5780392156862745,70.5025168827149,-49.568329246796715,12.90872904585223,"[[0.49999999999999994, 0.44263520637871295], [0.3166666666666666, 0.5484827557301443], [0.27500000000000013, 0.47631397208144144], [0.5, 0.3464101615137757], [0.5, 0.34641016151377535], [0.5, 0.4426352063787127]]",6,2,2,two_color,5331,22883,9843,5438,5331,5438,1.0,0.65,0.65,8,98.0,3.3433858862856165,107,0.019676351599852888,#71c9a5,0.44313726,0.7882353,0.64705884,74.81063398587206,-34.97670877656278,10.050474342171324,74.83808103882801,-35.124002458234166,10.512669089825671,5.983211793352799,15.480467721389404,1.3528357490808702,2.577565313233765,0.7887729346168636,163.9681207126315,36.392062202396936,LayerLoomPhotos100NCZ_5/centered_4x3_tif/DSC_4617cgm.tif,DSC_4617cgm.tif,DSC_4617,cgm,capture_number,4617,c,g,m,CMY+OVG,two_color__cgm__DSC_4617cgm,0.547112462006079
11,cgm_two_color_011_cg,cgm,two_color,cy,cg,0.5,0.5,0.0,0.5,0.5,0.0,0.25,0.4330127018922193,#2dc3a0,0.1764705882352941,0.7666666666666666,0.6254901960784314,71.09773669582923,-46.70624234791809,7.204954127429208,"[[0.4999999999999999, 0.3464101615137758], [0.2750000000000002, 0.47631397208144144], [0.22500000000000003, 0.3897114317029974], [0.45, 0.25980762113533157], [0.45, 0.25980762113533157], [0.5, 0.28867513459481287], [0.5, 0.34641016151377524]]",6,2,2,two_color,8291,31844,13604,8461,8291,8461,1.0,0.65,0.65,8,98.0,1.9463644384936531,170,0.020092187684670842,#6fc7ab,0.43529412,0.78039217,0.67058825,74.3119800712752,-33.085374157797666,6.18806517166548,74.3256822647045,-33.12374302708742,6.024974834771556,5.456353117952553,14.031873498488611,0.8418532210644689,1.4983425167423619,0.4317754748047382,169.4061812720954,33.65908694142259,LayerLoomPhotos100NCZ_5/centered_4x3_tif/DSC_4617cgm.tif,DSC_4617cgm.tif,DSC_4617,cgm,capture_number,4617,c,g,m,CMY+OVG,two_color__cgm__DSC_4617cgm,0.547112462006079
12,cgm_two_color_012_ccgcg,cgm,two_color,ccycy,ccgcg,0.6,0.4,0.0,0.6,0.4,0.0,0.2,0.34641016151377546,#30c4ac,0.18666666666666665,0.7701960784313725,0.6729411764705883,71.71688235528099,-43.684436947561466,1.5272197876999183,"[[0.36666666666666653, 0.21169509870286277], [0.36666666666666714, 0.21169509870286302], [0.45, 0.25980762113533157], [0.225, 0.3897114317029973], [0.18333333333333335, 0.3175426480542941]]",6,2,2,two_color,5195,22965,9817,5299,5195,5299,1.0,0.65,0.65,8,98.0,7.59154212572904,104,0.019626344593319495,#6ec4b4,0.43137255,0.76862746,0.7058824,73.75021470142708,-30.088323166808483,0.3001888196766833,73.75023340704243,-29.365255761488587,-1.075879920108629,5.401370054351725,13.80196925679641,1.8634784788921845,6.007965378240893,1.9222687988526725,179.42838350651562,30.089820609597574,LayerLoomPhotos100NCZ_5/centered_4x3_tif/DSC_4617cgm.tif,DSC_4617cgm.tif,DSC_4617,cgm,capture_number,4617,c,g,m,CMY+OVG,two_color__cgm__DSC_4617cgm,0.547112462006079
13,cgm_two_color_013_ccg,cgm,two_color,ccy,ccg,0.6666666666666666,0.3333333333333333,0.0,0.6666666666666666,0.3333333333333333,0.0,0.16666666666666666,0.28867513459481287,#31c5b4,0.19346405228758168,0.7725490196078431,0.7045751633986929,72.14281218826366,-41.58939309555265,-2.2366494280815052,"[[0.29166666666666674, 0.16839382851364088], [0.29166666666666674, 0.16839382851364088], [0.3666666666666666, 0.21169509870286274], [0.18333333333333332, 0.3175426480542941], [0.14583333333333337, 0.2525907427704613]]",6,2,2,two_color,3280,16618,6999,3346,3280,3346,1.0,0.65,0.65,8,98.0,5.253060006395054,66,0.01972504482964734,#6dc2bc,0.42745098,0.7607843,0.7372549,73.19968262910294,-27.422153856212994,-5.156731724915886,73.21592121795386,-27.365963446952925,-5.044546531287838,6.24067133902717,14.503603807802069,2.3355183450498074,3.81337358230838,1.1092610073508677,190.65008598447378,27.902802801807763,LayerLoomPhotos100NCZ_5/centered_4x3_tif/DSC_4617cgm.tif,DSC_4617cgm.tif,DSC_4617,cgm,capture_number,4617,c,g,m,CMY+OVG,two_color__cgm__DSC_4617cgm,0.547112462006079
14,cgm_two_color_014_ccgc,cgm,two_color,ccyc,ccgc,0.75,0.25,0.0,0.75,0.25,0.0,0.125,0.21650635094610965,#33c6be,0.20196078431372547,0.7754901960784313,0.7441176470588236,72.68987247128356,-38.888553973067786,-6.912150447912357,"[[0.22499999999999984, 0.12990381056766567], [0.2916666666666667, 0.16839382851364085], [0.14583333333333337, 0.2525907427704613], [0.11250000000000002, 0.1948557158514987], [0.22500000000000003, 0.12990381056766576]]",6,2,2,two_color,2019,11584,4962,2061,2019,2061,1.0,0.65,0.65,8,98.0,7.879446422230782,42,0.020378457059679767,#6fbcc7,0.43529412,0.7372549,0.78039217,71.92195036173297,-21.957310463250668,-12.552409211235815,72.1875072160304,-22.117465500814045,-12.013405963864672,9.338742342939327,17.862509064303033,4.1726707677395245,6.836019669953449,2.034835981891458,209.7554526719392,25.29202363959624,LayerLoomPhotos100NCZ_5/centered_4x3_tif/DSC_4617cgm.tif,DSC_4617cgm.tif,DSC_4617,cgm,capture_number,4617,c,g,m,CMY+OVG,two_color__cgm__DSC_4617cgm,0.547112462006079
15,cgm_two_color_015_ccgcc,cgm,two_color,ccycc,ccgcc,0.8,0.2,0.0,0.8,0.2,0.0,0.1,0.17320508075688773,#35c6c4,0.20705882352941174,0.7772549019607842,0.7678431372549019,73.02584082700398,-37.2278554452658,-9.700027346092345,"[[0.22499999999999995, 0.12990381056766578], [0.11249999999999999, 0.19485571585149866], [0.04999999999999999, 0.08660254037844385], [0.1, 0.05773502691896256]]",6,2,2,two_color,2725,13665,5778,2780,2725,2780,1.0,0.65,0.65,8,98.0,11.332055166126086,55,0.019784172661870502,#70b8ce,0.4392157,0.72156864,0.80784315,70.94362448219253,-17.732993754625724,-17.341538019072477,71.49270379226256,-18.611980166262665,-16.047892238303742,11.849629688873833,21.042289386116124,4.729354615178703,9.840480119259228,2.901894665722489,224.36056650793893,24.80298386018366,LayerLoomPhotos100NCZ_5/centered_4x3_tif/DSC_4617cgm.tif,DSC_4617cgm.tif,DSC_4617,cgm,capture_number,4617,c,g,m,CMY+OVG,two_color__cgm__DSC_4617cgm,0.547112462006079
16,cgm_two_color_016_c,cgm,two_color,c,c,1.0,0.0,0.0,1.0,0.0,0.0,0.0,0.0,#3ac8dc,0.22745098039215686,0.7843137254901961,0.8627450980392157,74.42655654335444,-30.326087604312878,-20.705156122725967,"[[0.1, 0.057735026918962574], [0.05, 0.08660254037844387], [0.0, 0.0], [0.10000000000000002, 0.0]]",6,2,2,two_color,1110,6778,2853,1128,1110,1128,1.0,0.65,0.65,8,98.0,1.3033459521518644,18,0.015957446808510637,#84afea,0.5176471,0.6862745,0.91764706,70.52729732913654,0.640338603677626,-34.05924663082496,70.52293547961517,0.6191795324991145,-34.05129817392903,19.34968009705797,33.94783509758883,0.3492459635012453,0.9554343469840727,0.31383275511361197,271.0770754271765,34.065265514695774,LayerLoomPhotos100NCZ_5/centered_4x3_tif/DSC_4617cgm.tif,DSC_4617cgm.tif,DSC_4617,cgm,capture_number,4617,c,g,m,CMY+OVG,two_color__cgm__DSC_4617cgm,0.547112462006079
17,cgm_two_color_017_ccmcc,cgm,two_color,ccmcc,ccmcc,0.8,0.0,0.2,0.8,0.0,0.2,0.2,0.0,#55a5ce,0.3349019607843137,0.6470588235294118,0.807843137254902,64.41427157262386,-12.44504966424509,-28.289394293942706,"[[0.22499999999999998, 0.12990381056766578], [0.22499999999999992, 0.12990381056766576], [0.1, 0.05773502691896257], [0.10000000000000002, 0.0], [0.22499999999999998, 0.0]]",6,2,2,two_color,3214,13634,5832,3275,3214,3275,1.0,0.65,0.65,8,98.0,8.737574250109486,61,0.018625954198473283,#829edb,0.50980395,0.61960787,0.85882354,65.36972491206498,5.857279250743947,-33.59947955590668,65.08171058141558,7.565366465880931,-33.59308015821467,12.439504499308756,19.08101517963916,3.2993196861317546,7.821462975602009,2.282581215713209,279.88879848624333,34.10619806793168,LayerLoomPhotos100NCZ_5/centered_4x3_tif/DSC_4617cgm.tif,DSC_4617cgm.tif,DSC_4617,cgm,capture_number,4617,c,g,m,CMY+OVG,two_color__cgm__DSC_4617cgm,0.547112462006079
18,cgm_two_color_018_ccmc,cgm,two_color,ccmc,ccmc,0.75,0.0,0.25,0.75,0.0,0.25,0.25,0.0,#5c9ccb,0.36176470588235293,0.6127450980392157,0.7941176470588236,62.02760964894165,-7.296634181354344,-30.004299401504532,"[[0.29166666666666663, 0.16839382851364085], [0.29166666666666674, 0.16839382851364088], [0.22499999999999992, 0.12990381056766573], [0.22499999999999995, 0.12990381056766576], [0.22499999999999998, 0.0], [0.29166666666666674, 0.0]]",6,2,2,two_color,2588,11712,4970,2638,2588,2638,1.0,0.65,0.65,8,98.0,6.673456031640686,50,0.018953752843062926,#8696d7,0.5254902,0.5882353,0.84313726,63.568174171742484,10.076658796235261,-33.903950768813075,63.525900619154974,10.519133317632903,-33.874688178371805,11.968060745364642,17.872099169393287,4.0741734679645685,5.70643641503648,1.5847593249161522,286.5525775272143,35.369717700737255,LayerLoomPhotos100NCZ_5/centered_4x3_tif/DSC_4617cgm.tif,DSC_4617cgm.tif,DSC_4617,cgm,capture_number,4617,c,g,m,CMY+OVG,two_color__cgm__DSC_4617cgm,0.547112462006079
19,cgm_two_color_019_ccm,cgm,two_color,ccm,ccm,0.6666666666666666,0.0,0.3333333333333333,0.6666666666666666,0.0,0.3333333333333333,0.3333333333333333,0.0,#688ec5,0.40653594771241824,0.5555555555555556,0.7712418300653595,58.21165026866812,1.8861516758218455,-32.60539208245304,"[[0.3666666666666667, 0.2116950987028628], [0.36666666666666675, 0.2116950987028628], [0.29166666666666674, 0.16839382851364085], [0.2916666666666667, 0.16839382851364082], [0.2916666666666667, 0.0], [0.3666666666666667, 0.0]]",6,2,2,two_color,4107,16635,7117,4191,4107,4191,1.0,0.65,0.65,8,98.0,5.089103672836326,84,0.020042949176807445,#8e8ed0,0.5568628,0.5568628,0.8156863,61.54185129280479,15.09487371460122,-33.742232443294704,61.52983311653647,14.917521695588064,-33.69487034463273,9.801881762887987,13.669417791732592,3.050728656677622,4.261899805768961,1.1210393064744306,294.1017597580941,36.96475974109785,LayerLoomPhotos100NCZ_5/centered_4x3_tif/DSC_4617cgm.tif,DSC_4617cgm.tif,DSC_4617,cgm,capture_number,4617,c,g,m,CMY+OVG,two_color__cgm__DSC_4617cgm,0.547112462006079
20,cgm_two_color_020_ccmcm,cgm,two_color,ccmcm,ccmcm,0.6,0.0,0.4,0.6,0.0,0.4,0.4,0.0,#7182c0,0.4423529411764706,0.5098039215686275,0.7529411764705883,55.346614328532084,9.718729906051603,-34.38506179838539,"[[0.44999999999999996, 0.25980762113533157], [0.4500000000000001, 0.2598076211353316], [0.3666666666666665, 0.21169509870286266], [0.36666666666666675, 0.21169509870286288], [0.3666666666666667, 0.0], [0.44999999999999996, 0.0]]",6,2,2,two_color,6049,22907,9737,6173,6049,6173,1.0,0.65,0.65,8,98.0,7.408227219204613,124,0.020087477725579134,#948bcd,0.5803922,0.54509807,0.8039216,60.91913928291848,19.06191569606708,-33.14244148523482,60.943835468177944,17.380327318654434,-33.05327468726438,8.727196315190577,10.949532424567755,2.364408094618704,6.275491764517928,1.8904441321909937,299.9054128949186,38.23320621666698,LayerLoomPhotos100NCZ_5/centered_4x3_tif/DSC_4617cgm.tif,DSC_4617cgm.tif,DSC_4617,cgm,capture_number,4617,c,g,m,CMY+OVG,two_color__cgm__DSC_4617cgm,0.547112462006079
21,cgm_two_color_021_cm,cgm,two_color,cm,cm,0.5,0.0,0.5,0.5,0.0,0.5,0.5,0.0,#7e71b9,0.496078431372549,0.4411764705882353,0.7254901960784315,51.467797581737514,22.037982855022285,-36.3763344153146,"[[0.55, 0.2598076211353316], [0.5, 0.2886751345948129], [0.4500000000000002, 0.25980762113533173], [0.44999999999999996, 0.25980762113533157], [0.44999999999999996, 0.0], [0.55, 0.0]]",6,2,2,two_color,9320,32197,13608,9504,9320,9504,1.0,0.65,0.65,8,98.0,2.5001907260616574,184,0.01936026936026936,#9a83c8,0.6039216,0.5137255,0.78431374,59.22578932407714,23.335905323154105,-32.77584871746602,59.20029124500179,23.30553053413065,-32.77971040236559,7.775150290786151,8.650695686931972,1.0402491672877827,1.840333986699036,0.5319628481538514,305.45028725112707,40.23457140819858,LayerLoomPhotos100NCZ_5/centered_4x3_tif/DSC_4617cgm.tif,DSC_4617cgm.tif,DSC_4617,cgm,capture_number,4617,c,g,m,CMY+OVG,two_color__cgm__DSC_4617cgm,0.547112462006079
22,cgm_two_color_022_cmcmm,cgm,two_color,cmcmm,cmcmm,0.4,0.0,0.6,0.4,0.0,0.6,0.6,0.0,#8c5fb2,0.5498039215686275,0.37254901960784315,0.6980392156862746,48.249788201706025,34.528231343394225,-37.28959296890542,"[[0.6333333333333334, 0.2116950987028627], [0.6333333333333331, 0.211695098702863], [0.5500000000000002, 0.25980762113533157], [0.55, 0.2598076211353316], [0.55, 0.0], [0.6333333333333334, 0.0]]",6,2,2,two_color,6105,22880,9790,6230,6105,6230,1.0,0.65,0.65,8,98.0,6.387341914917788,125,0.020064205457463884,#a27fc5,0.63529414,0.49803922,0.77254903,58.831154505987854,26.28952116684574,-31.12795145982583,58.76378122895503,28.494517776773623,-31.181930012646255,10.79790886927234,14.75830221688684,2.1838540935342197,5.60661845299344,1.7001971000330147,310.18320436883783,40.74418099885312,LayerLoomPhotos100NCZ_5/centered_4x3_tif/DSC_4617cgm.tif,DSC_4617cgm.tif,DSC_4617,cgm,capture_number,4617,c,g,m,CMY+OVG,two_color__cgm__DSC_4617cgm,0.547112462006079
23,cgm_two_color_023_cmm,cgm,two_color,cmm,cmm,0.3333333333333333,0.0,0.6666666666666666,0.3333333333333333,0.0,0.6666666666666666,0.6666666666666666,0.0,#9553ad,0.5856209150326798,0.32679738562091504,0.6797385620915034,46.564317820141355,42.571600369637416,-37.144930571146006,"[[0.7083333333333331, 0.168393828513641], [0.7083333333333331, 0.168393828513641], [0.6333333333333333, 0.2116950987028628], [0.6333333333333334, 0.0], [0.7083333333333333, 0.0]]",6,2,2,two_color,4101,16741,7103,4185,4101,4185,1.0,0.65,0.65,8,98.0,4.973315581459323,84,0.02007168458781362,#ab79c2,0.67058825,0.4745098,0.7607843,58.46659175843581,32.27378625429933,-30.17144403738392,58.3982508165227,32.567824324788944,-30.178753692886364,12.30482940102679,17.21448851673557,2.374644523814946,3.7057392482456883,0.9697815239463324,316.9282474551157,44.18046304068338,LayerLoomPhotos100NCZ_5/centered_4x3_tif/DSC_4617cgm.tif,DSC_4617cgm.tif,DSC_4617,cgm,capture_number,4617,c,g,m,CMY+OVG,two_color__cgm__DSC_4617cgm,0.547112462006079
24,cgm_two_color_024_mcmm,cgm,two_color,mcmm,mcmm,0.25,0.0,0.75,0.25,0.0,0.75,0.75,0.0,#a145a8,0.6303921568627451,0.2696078431372549,0.6568627450980393,45.06263653556892,51.86511691404066,-35.97102947994762,"[[0.7750000000000006, 0.12990381056766542], [0.7750000000000004, 0.12990381056766562], [0.7083333333333331, 0.16839382851364093], [0.7083333333333331, 0.0], [0.7750000000000006, 0.0]]",6,2,2,two_color,2578,11799,4974,2631,2578,2631,1.0,0.65,0.65,8,98.0,5.572216358810052,53,0.020144431774990496,#bb71bd,0.73333335,0.44313726,0.7411765,58.085245746600506,40.612269806521326,-28.271067771848536,58.11471921540782,39.69063584860878,-27.996204402098993,13.485200112695384,18.854822433389373,2.5313007530869336,4.675302689126917,1.251106640899667,325.15739986633287,49.483428860560345,LayerLoomPhotos100NCZ_5/centered_4x3_tif/DSC_4617cgm.tif,DSC_4617cgm.tif,DSC_4617,cgm,capture_number,4617,c,g,m,CMY+OVG,two_color__cgm__DSC_4617cgm,0.547112462006079
25,cgm_two_color_025_mmcmm,cgm,two_color,mmcmm,mmcmm,0.2,0.0,0.8,0.2,0.0,0.8,0.8,0.0,#a83ca4,0.6572549019607843,0.23529411764705882,0.6431372549019608,44.510929531904225,56.86520806107603,-34.69393627011519,"[[0.7750000000000006, 0.12990381056766537], [0.7750000000000006, 0.0], [0.8999999999999999, 0.0], [0.8999999999999999, 0.05773502691896263]]",6,2,2,two_color,3177,13651,5792,3240,3177,3240,1.0,0.65,0.65,8,98.0,7.991432817085001,63,0.019444444444444445,#c470ba,0.76862746,0.4392157,0.7294118,58.77084256222173,44.54630670341331,-26.020235379113977,58.79272158499048,41.734073081720844,-25.695674631992322,14.735124257730263,20.744482096176775,2.3374436827296186,6.134396158157826,1.9361454508171574,329.71009200122813,51.58901133089352,LayerLoomPhotos100NCZ_5/centered_4x3_tif/DSC_4617cgm.tif,DSC_4617cgm.tif,DSC_4617,cgm,capture_number,4617,c,g,m,CMY+OVG,two_color__cgm__DSC_4617cgm,0.547112462006079
26,cgm_two_color_026_m,cgm,two_color,m,m,0.0,0.0,1.0,0.0,0.0,1.0,1.0,0.0,#c31996,0.7647058823529411,0.09803921568627451,0.5882352941176471,44.94517938493525,71.41561872915153,-25.286338363609783,"[[0.8999999999999999, 0.05773502691896262], [0.8999999999999999, 0.0], [1.0, 0.0], [0.95, 0.08660254037844395]]",6,2,2,two_color,1150,6769,2900,1174,1150,1174,1.0,0.65,0.65,8,98.0,1.8645273203740012,24,0.020442930153321975,#e76caf,0.90588236,0.42352942,0.6862745,62.26445714093318,54.90187825431059,-12.843038552903941,62.29328074574353,54.78529928361921,-12.876083028941943,17.69780322750212,26.972147052819444,0.5688408408286509,1.136897595661119,0.3689442829276829,346.8337168194878,56.38403918772154,LayerLoomPhotos100NCZ_5/centered_4x3_tif/DSC_4617cgm.tif,DSC_4617cgm.tif,DSC_4617,cgm,capture_number,4617,c,g,m,CMY+OVG,two_color__cgm__DSC_4617cgm,0.547112462006079
27,cgm_two_color_027_mmgmm,cgm,two_color,mmymm,mmgmm,0.0,0.2,0.8,0.0,0.2,0.8,0.9,0.17320508075688773,#a23a8c,0.6368627450980392,0.2282352941176471,0.548235294117647,42.24489259594151,52.28690777058803,-23.74379604785888,"[[0.7750000000000004, 0.12990381056766553], [0.7750000000000004, 0.1299038105676656], [0.8999999999999999, 0.05773502691896262], [0.95, 0.08660254037844393], [0.8875000000000002, 0.19485571585149836]]",6,2,2,two_color,2769,13767,5826,2825,2769,2825,1.0,0.65,0.65,8,98.0,13.757156153132389,56,0.01982300884955752,#c0719c,0.7529412,0.44313726,0.6117647,58.10753136939968,37.15424160218761,-9.984059754798146,58.42808731475671,33.811496868503575,-8.141291380666962,17.379433825941078,25.88341625589717,3.29608635822963,10.961502328118463,3.536965191156599,344.9588426946658,38.47231625755211,LayerLoomPhotos100NCZ_5/centered_4x3_tif/DSC_4617cgm.tif,DSC_4617cgm.tif,DSC_4617,cgm,capture_number,4617,c,g,m,CMY+OVG,two_color__cgm__DSC_4617cgm,0.547112462006079
28,cgm_two_color_028_mmgm,cgm,two_color,mmym,mmgm,0.0,0.25,0.75,0.0,0.25,0.75,0.875,0.21650635094610965,#9a4389,0.6049019607843137,0.2607843137254902,0.538235294117647,42.25330981824591,45.73249758351594,-22.281323508571305,"[[0.7083333333333333, 0.16839382851364088], [0.708333333333333, 0.1683938285136411], [0.7750000000000006, 0.12990381056766553], [0.7750000000000005, 0.12990381056766556], [0.8875000000000002, 0.19485571585149838], [0.8541666666666666, 0.2525907427704614]]",6,2,2,two_color,2077,11674,5027,2120,2077,2120,1.0,0.65,0.65,8,98.0,12.568404441201615,43,0.020283018867924527,#b87496,0.72156864,0.45490196,0.5882353,57.43263272650621,31.675767111751462,-7.5323132936181425,57.7154838740506,29.585021292311986,-6.6459882546828535,17.121350715375545,25.40741659102438,3.9024133013483517,8.641517093154471,2.8053473240021014,346.62382692738186,32.55902279969612,LayerLoomPhotos100NCZ_5/centered_4x3_tif/DSC_4617cgm.tif,DSC_4617cgm.tif,DSC_4617,cgm,capture_number,4617,c,g,m,CMY+OVG,two_color__cgm__DSC_4617cgm,0.547112462006079
29,cgm_two_color_029_mmg,cgm,two_color,mmy,mmg,0.0,0.3333333333333333,0.6666666666666666,0.0,0.3333333333333333,0.6666666666666666,0.8333333333333333,0.28867513459481287,#8d5085,0.5516339869281045,0.3150326797385621,0.5215686274509804,42.93483546284732,33.391924905674884,-18.807413186311095,"[[0.6333333333333329, 0.21169509870286304], [0.6333333333333332, 0.2116950987028628], [0.708333333333333, 0.16839382851364093], [0.7083333333333333, 0.16839382851364088], [0.8541666666666666, 0.25259074277046145], [0.8166666666666667, 0.3175426480542943]]",6,2,2,two_color,3298,16537,7005,3365,3298,3365,1.0,0.65,0.65,8,98.0,7.636131844963702,67,0.01991084695393759,#af7d93,0.6862745,0.49019608,0.5764706,58.07955643289006,23.166403847464103,-4.101848652576512,58.16243777806853,22.788950360409196,-3.9519716341334514,17.410411321049203,23.45586243198482,2.9463233841079264,5.4180510567950355,1.6381142854752468,349.95926018312826,23.52673860934497,LayerLoomPhotos100NCZ_5/centered_4x3_tif/DSC_4617cgm.tif,DSC_4617cgm.tif,DSC_4617,cgm,capture_number,4617,c,g,m,CMY+OVG,two_color__cgm__DSC_4617cgm,0.547112462006079
30,cgm_two_color_030_mmgmg,cgm,two_color,mmymy,mmgmg,0.0,0.4,0.6,0.0,0.4,0.6,0.8,0.34641016151377546,#825b82,0.5090196078431373,0.35843137254901963,0.508235294117647,44.0636857620647,22.556357664075044,-15.138833132513518,"[[0.5500000000000003, 0.2598076211353315], [0.5500000000000003, 0.2598076211353315], [0.6333333333333333, 0.21169509870286285], [0.6333333333333329, 0.21169509870286302], [0.8166666666666665, 0.3175426480542942], [0.775, 0.38971143170299727]]",6,2,2,two_color,5145,22894,9722,5250,5145,5250,1.0,0.65,0.65,8,98.0,9.177612640389048,105,0.02,#a7818f,0.654902,0.5058824,0.56078434,58.14860376510052,15.614202090663444,-0.9321915105539924,58.271531937863074,17.932190427973765,-1.9767037171751958,16.74269256014109,21.175625264262802,3.4597612372765068,7.8903707710202635,2.4626320285972128,356.58341056152335,15.64200396178276,LayerLoomPhotos100NCZ_5/centered_4x3_tif/DSC_4617cgm.tif,DSC_4617cgm.tif,DSC_4617,cgm,capture_number,4617,c,g,m,CMY+OVG,two_color__cgm__DSC_4617cgm,0.547112462006079
