region_index,label,corner_label,condition,local_stack_token,stack_token,f_bottom_left,f_top,f_bottom_right,f_c,f_n,f_y,site_x,site_y,expected_hex,expected_R,expected_G,expected_B,expected_L,expected_a,expected_b,polygon_xy,max_height,max_run,distinct_lte,preset,sample_pixels,raw_region_pixels,core_region_pixels,candidate_mask_pixels,sample_mask_pixels,old_color_mask_pixels,old_color_mask_fraction,sample_core_fraction_requested,sample_core_fraction_used,erosion_px_used,lab_trim_percentile,lab_trim_cutoff_deltaE00,lab_trimmed_pixels,lab_trimmed_fraction,measured_hex,measured_R,measured_G,measured_B,measured_L,measured_a,measured_b,measured_L_mean,measured_a_mean,measured_b_mean,deltaE00_to_expected,deltaE76_to_expected,within_region_deltaE00_median,within_region_deltaE00_p90,within_region_deltaE00_sd,hue_angle_degrees,measured_chroma,source_path,filename,photo_id,filename_label,condition_source,capture_number,bottom_left_anchor,top_anchor,bottom_right_anchor,palette_family,analysis_id,analysis_scale
1,cny_two_color_001_yn,cny,two_color,my,yn,0.0,0.5,0.5,0.0,0.5,0.5,0.75,0.4330127018922193,#c4b749,0.7705882352941176,0.7176470588235294,0.28627450980392155,73.64441637836279,-8.506124682364502,55.95363699709435,"[[0.5, 0.34641016151377513], [0.5, 0.34641016151377513], [0.5, 0.28867513459481287], [0.55, 0.2598076211353315], [0.5500000000000003, 0.25980762113533146], [0.7750000000000001, 0.38971143170299727], [0.7250000000000001, 0.47631397208144116]]",6,2,2,two_color,7848,31159,13041,8008,7848,8008,1.0,0.65,0.65,8,98.0,6.529623478810052,160,0.01998001998001998,#979862,0.5921569,0.59607846,0.38431373,61.43695540516603,-8.89723427617345,28.559951569012142,62.01616241835066,-8.922825466136013,28.70755535226037,13.92718046644695,29.99315040903864,2.7148679899064416,4.63746553846707,1.3404306023804515,107.30329157595224,29.91373616567203,LayerLoomPhotos100NCZ_5/centered_4x3_tif/DSC_4593cny.tif,DSC_4593cny.tif,DSC_4593,cny,capture_number,4593,c,n,y,CMY+neutral,two_color__cny__DSC_4593cny,0.5357142857142857
2,cny_two_color_002_ynynn,cny,two_color,mymyy,ynynn,0.0,0.6,0.4,0.0,0.6,0.4,0.7,0.5196152422706631,#b9af58,0.7247058823529411,0.6862745098039215,0.34352941176470586,70.62795399013348,-8.197513426595027,45.53479237582603,"[[0.49999999999999994, 0.44263520637871284], [0.49999999999999994, 0.44263520637871284], [0.49999999999999994, 0.3464101615137752], [0.7250000000000001, 0.47631397208144116], [0.6833333333333335, 0.5484827557301443]]",6,2,2,two_color,5104,22238,9521,5209,5104,5209,1.0,0.65,0.65,8,98.0,10.520803982796016,105,0.020157419850259168,#8e8f65,0.5568628,0.56078434,0.39607844,58.334079579114814,-7.7189697676842695,23.499013087853214,58.92288215805009,-7.476759082012753,22.857911016965605,13.548286403842575,25.23774793628851,4.152927393150675,8.556575861424168,2.6395578016786523,108.18434823262993,24.734310388153546,LayerLoomPhotos100NCZ_5/centered_4x3_tif/DSC_4593cny.tif,DSC_4593cny.tif,DSC_4593,cny,capture_number,4593,c,n,y,CMY+neutral,two_color__cny__DSC_4593cny,0.5357142857142857
3,cny_two_color_003_ynn,cny,two_color,myy,ynn,0.0,0.6666666666666666,0.3333333333333333,0.0,0.6666666666666666,0.3333333333333333,0.6666666666666666,0.5773502691896257,#b1aa61,0.6941176470588234,0.665359477124183,0.38169934640522873,68.63668231180478,-7.740294518607637,38.09957989132911,"[[0.5, 0.5292377467571571], [0.4999999999999999, 0.5292377467571567], [0.49999999999999994, 0.4426352063787129], [0.6833333333333335, 0.5484827557301444], [0.6458333333333334, 0.6134346610139774]]",6,2,2,two_color,3330,16269,6890,3394,3330,3394,1.0,0.65,0.65,8,98.0,12.636917731957949,64,0.01885680612846199,#868866,0.5254902,0.53333336,0.4,55.56852207248495,-7.309061543979507,20.635375367283302,57.444968406503335,-7.5009512926717665,20.757761200332038,13.615262655295135,21.81653532476337,5.4785220211234495,10.390839941767636,3.1221452377147556,109.50417407744919,21.891575941497738,LayerLoomPhotos100NCZ_5/centered_4x3_tif/DSC_4593cny.tif,DSC_4593cny.tif,DSC_4593,cny,capture_number,4593,c,n,y,CMY+neutral,two_color__cny__DSC_4593cny,0.5357142857142857
4,cny_two_color_004_nynn,cny,two_color,ymyy,nynn,0.0,0.75,0.25,0.0,0.75,0.25,0.625,0.649519052838329,#a7a36e,0.6558823529411764,0.6392156862745098,0.4294117647058823,66.17676670849767,-6.831586615665075,28.394326382394187,"[[0.5, 0.6062177826491071], [0.5, 0.6062177826491071], [0.5, 0.529237746757157], [0.6458333333333334, 0.6134346610139774], [0.6125, 0.6711696879329399]]",6,2,2,two_color,2035,11353,4852,2077,2035,2077,1.0,0.65,0.65,8,98.0,17.43577025237539,42,0.020221473278767454,#818167,0.5058824,0.5058824,0.40392157,53.28029507805067,-5.2400112517596575,16.149138157830855,55.4373303128475,-6.1431768135547165,17.51259794359248,12.942059579027998,17.8548796498016,6.641254490364983,14.800500212405607,4.27662726427984,107.97701388954852,16.97799697135314,LayerLoomPhotos100NCZ_5/centered_4x3_tif/DSC_4593cny.tif,DSC_4593cny.tif,DSC_4593,cny,capture_number,4593,c,n,y,CMY+neutral,two_color__cny__DSC_4593cny,0.5357142857142857
5,cny_two_color_005_nnynn,cny,two_color,yymyy,nnynn,0.0,0.8,0.2,0.0,0.8,0.2,0.6000000000000001,0.6928203230275509,#a19f75,0.6329411764705881,0.6235294117647058,0.4580392156862745,64.71985701937079,-6.081445894802917,22.405802387216056,"[[0.5, 0.7505553499465134], [0.5, 0.6062177826491071], [0.6125, 0.6711696879329399], [0.55, 0.7794228634059948]]",6,2,2,two_color,2860,13341,5663,2919,2860,2813,0.9636861939020213,0.65,0.65,8,98.0,19.74536028010187,59,0.020212401507365536,#7e7d6c,0.49411765,0.49019608,0.42352942,51.98994249183066,-2.6702484845432526,9.610027900173701,54.51905610186459,-4.676923250983354,13.405544088075878,13.812210959611729,18.368963943932265,5.0796465365324615,17.669526565900163,5.4333378068263505,105.52851836740922,9.974109645042132,LayerLoomPhotos100NCZ_5/centered_4x3_tif/DSC_4593cny.tif,DSC_4593cny.tif,DSC_4593,cny,capture_number,4593,c,n,y,CMY+neutral,two_color__cny__DSC_4593cny,0.5357142857142857
6,cny_two_color_006_n,cny,two_color,y,n,0.0,1.0,0.0,0.0,1.0,0.0,0.5,0.8660254037844386,#8a8f92,0.5411764705882353,0.5607843137254902,0.5725490196078431,59.08831744726014,-1.2137183135860763,-2.223898189538698,"[[0.45, 0.7794228634059948], [0.5, 0.7505553499465135], [0.5499999999999999, 0.7794228634059948], [0.5, 0.8660254037844386]]",6,2,2,two_color,913,6642,2834,932,913,0,0.0,0.65,0.65,8,98.0,4.339185883193735,19,0.0203862660944206,#787777,0.47058824,0.46666667,0.46666667,50.11923485324614,0.7550179378215671,0.13397912819690383,50.100777866933015,0.6549349841210608,0.179370467499453,9.303029798968224,9.480503702406509,1.3517990422720612,2.8974420239811107,0.9615384564599201,10.062479967559568,0.7668132062143519,LayerLoomPhotos100NCZ_5/centered_4x3_tif/DSC_4593cny.tif,DSC_4593cny.tif,DSC_4593,cny,capture_number,4593,c,n,y,CMY+neutral,two_color__cny__DSC_4593cny,0.5357142857142857
7,cny_two_color_007_nncnn,cny,two_color,yycyy,nncnn,0.2,0.8,0.0,0.2,0.8,0.0,0.4,0.6928203230275509,#7a9aa1,0.4784313725490196,0.6054901960784314,0.6305882352941176,61.607754038311626,-9.686499798209791,-7.03699824739048,"[[0.45, 0.7794228634059948], [0.38750000000000007, 0.6711696879329401], [0.5, 0.6062177826491071], [0.49999999999999994, 0.606217782649107], [0.5, 0.7505553499465134]]",6,2,2,two_color,2874,13321,5676,2933,2874,1505,0.513126491646778,0.65,0.65,8,98.0,16.4705372507641,59,0.020115922263893624,#737a7d,0.4509804,0.47843137,0.49019608,50.72829354128147,-1.6104086203596046,-3.928466076106707,52.5328462852482,-2.2631970150766425,-6.225325997537357,13.383045243898458,13.901398551199643,3.6503305382512865,11.924917893225214,3.9950266329145756,247.709648099976,4.245734522511947,LayerLoomPhotos100NCZ_5/centered_4x3_tif/DSC_4593cny.tif,DSC_4593cny.tif,DSC_4593,cny,capture_number,4593,c,n,y,CMY+neutral,two_color__cny__DSC_4593cny,0.5357142857142857
8,cny_two_color_008_ncnn,cny,two_color,ycyy,ncnn,0.25,0.75,0.0,0.25,0.75,0.0,0.375,0.649519052838329,#769da4,0.4627450980392156,0.6166666666666667,0.6450980392156862,62.29380297239342,-11.594887213849548,-8.131163464377721,"[[0.49999999999999994, 0.6062177826491072], [0.38750000000000007, 0.6711696879329401], [0.3541666666666665, 0.6134346610139771], [0.4999999999999999, 0.5292377467571566], [0.5, 0.529237746757157], [0.5, 0.606217782649107]]",6,2,2,two_color,2003,11382,4798,2041,2003,1764,0.8642822146006859,0.65,0.65,8,98.0,14.52431813406328,38,0.018618324350808426,#717d86,0.44313726,0.49019608,0.5254902,51.58980686804075,-2.3891513700398104,-6.092635400934321,52.71031398900746,-2.7668483551978325,-7.226983252347085,13.488523068724925,14.264525989090798,4.485024004990747,9.296011439090915,2.71374762584423,248.58798753605473,6.5443296369973,LayerLoomPhotos100NCZ_5/centered_4x3_tif/DSC_4593cny.tif,DSC_4593cny.tif,DSC_4593,cny,capture_number,4593,c,n,y,CMY+neutral,two_color__cny__DSC_4593cny,0.5357142857142857
9,cny_two_color_009_cnn,cny,two_color,cyy,cnn,0.3333333333333333,0.6666666666666666,0.0,0.3333333333333333,0.6666666666666666,0.0,0.3333333333333333,0.5773502691896257,#6fa2ab,0.43660130718954243,0.6352941176470589,0.6692810457516339,63.48135663336363,-14.5817008063997,-9.867013764083676,"[[0.5000000000000001, 0.5292377467571565], [0.3541666666666665, 0.6134346610139771], [0.31666666666666654, 0.5484827557301443], [0.4999999999999999, 0.44263520637871295], [0.49999999999999994, 0.4426352063787134], [0.49999999999999994, 0.529237746757157]]",6,2,2,two_color,3339,16220,6903,3408,3339,3408,1.0,0.65,0.65,8,98.0,12.293497374277317,69,0.020246478873239437,#6f808e,0.43529412,0.5019608,0.5568628,52.773121522026315,-3.577448142606243,-10.0582209476358,54.07231723247503,-3.680075157380867,-10.042821011206488,13.972854916535475,15.35566462499506,4.9090980087553096,9.030867420982394,2.6740426720226598,250.4208473192728,10.675483307302601,LayerLoomPhotos100NCZ_5/centered_4x3_tif/DSC_4593cny.tif,DSC_4593cny.tif,DSC_4593,cny,capture_number,4593,c,n,y,CMY+neutral,two_color__cny__DSC_4593cny,0.5357142857142857
10,cny_two_color_010_cncnn,cny,two_color,cycyy,cncnn,0.4,0.6,0.0,0.4,0.6,0.0,0.3,0.5196152422706631,#6aa6b0,0.4156862745098039,0.6501960784313725,0.688627450980392,64.46812932089617,-16.796039102735804,-11.181586272020706,"[[0.49999999999999994, 0.44263520637871295], [0.3166666666666666, 0.5484827557301443], [0.27500000000000013, 0.47631397208144144], [0.5, 0.3464101615137757], [0.5, 0.34641016151377535], [0.5, 0.4426352063787127]]",6,2,2,two_color,5015,22217,9412,5118,5015,5118,1.0,0.65,0.65,8,98.0,9.721536507025736,103,0.02012504884720594,#6f8495,0.43529412,0.5176471,0.58431375,53.969302070433145,-4.311080475503715,-12.198320053393253,54.93068785169929,-4.322566631209534,-11.384610778598772,14.221538250755314,16.344213445159912,4.250375974472635,7.612788506300021,2.254647913397266,250.5357811072937,12.937713360222714,LayerLoomPhotos100NCZ_5/centered_4x3_tif/DSC_4593cny.tif,DSC_4593cny.tif,DSC_4593,cny,capture_number,4593,c,n,y,CMY+neutral,two_color__cny__DSC_4593cny,0.5357142857142857
11,cny_two_color_011_cn,cny,two_color,cy,cn,0.5,0.5,0.0,0.5,0.5,0.0,0.25,0.4330127018922193,#62acb7,0.38431372549019605,0.6725490196078432,0.7176470588235294,66.00354158706689,-19.82881356457683,-13.039772037206943,"[[0.4999999999999999, 0.3464101615137758], [0.2750000000000002, 0.47631397208144144], [0.22500000000000003, 0.3897114317029974], [0.45, 0.25980762113533157], [0.45, 0.25980762113533157], [0.5, 0.28867513459481287], [0.5, 0.34641016151377524]]",6,2,2,two_color,7965,31083,13171,8125,7965,8125,1.0,0.65,0.65,8,98.0,7.413338859626368,160,0.019692307692307693,#6e8a9f,0.43137255,0.5411765,0.62352943,56.141310322267756,-5.1058781210250315,-14.531238532909896,56.76802220716521,-5.201215597062988,-14.370136544786067,14.315306795938579,17.7835009461911,3.430038533263141,6.006119935068,1.659207899690086,250.63992546285027,15.402171427661992,LayerLoomPhotos100NCZ_5/centered_4x3_tif/DSC_4593cny.tif,DSC_4593cny.tif,DSC_4593,cny,capture_number,4593,c,n,y,CMY+neutral,two_color__cny__DSC_4593cny,0.5357142857142857
12,cny_two_color_012_ccncn,cny,two_color,ccycy,ccncn,0.6,0.4,0.0,0.6,0.4,0.0,0.2,0.34641016151377546,#5ab1be,0.3529411764705882,0.6949019607843138,0.7466666666666667,67.59807915308023,-22.52485781531105,-14.773558140756826,"[[0.36666666666666653, 0.21169509870286277], [0.36666666666666714, 0.21169509870286302], [0.45, 0.25980762113533157], [0.225, 0.3897114317029973], [0.18333333333333335, 0.3175426480542941]]",6,2,2,two_color,4975,22314,9497,5073,4975,5073,1.0,0.65,0.65,8,98.0,8.98975355625458,98,0.019317957815888034,#6f96b0,0.43529412,0.5882353,0.6901961,60.24715550596575,-5.199426836418331,-18.754931200934433,59.379083902765096,-5.136515282621723,-19.131392403017376,13.995487854876918,19.23689082243777,4.341301291730471,7.202452112663019,1.936801928185278,254.505038011824,19.462309312593174,LayerLoomPhotos100NCZ_5/centered_4x3_tif/DSC_4593cny.tif,DSC_4593cny.tif,DSC_4593,cny,capture_number,4593,c,n,y,CMY+neutral,two_color__cny__DSC_4593cny,0.5357142857142857
13,cny_two_color_013_ccn,cny,two_color,ccy,ccn,0.6666666666666666,0.3333333333333333,0.0,0.6666666666666666,0.3333333333333333,0.0,0.16666666666666666,0.28867513459481287,#55b5c3,0.33202614379084966,0.7098039215686275,0.7660130718954248,68.69021664733687,-24.143039702976267,-15.866622477003634,"[[0.29166666666666674, 0.16839382851364088], [0.29166666666666674, 0.16839382851364088], [0.3666666666666666, 0.21169509870286274], [0.18333333333333332, 0.3175426480542941], [0.14583333333333337, 0.2525907427704613]]",6,2,2,two_color,3200,16137,6858,3266,3200,3266,1.0,0.65,0.65,8,98.0,8.4634928033121,66,0.02020820575627679,#7098bb,0.4392157,0.59607846,0.73333335,61.00272468516651,-5.146466153705731,-22.05483386746948,60.653629554156296,-5.164868935222891,-20.9964904922563,14.733409604122029,21.407038550307934,3.42519425530481,6.705187879487508,1.9814851266507691,256.86514433267666,22.64733562238431,LayerLoomPhotos100NCZ_5/centered_4x3_tif/DSC_4593cny.tif,DSC_4593cny.tif,DSC_4593,cny,capture_number,4593,c,n,y,CMY+neutral,two_color__cny__DSC_4593cny,0.5357142857142857
14,cny_two_color_014_ccnc,cny,two_color,ccyc,ccnc,0.75,0.25,0.0,0.75,0.25,0.0,0.125,0.21650635094610965,#4ebaca,0.3058823529411765,0.7284313725490196,0.7901960784313725,70.08448611962298,-25.97462396481376,-17.168556206019183,"[[0.22499999999999984, 0.12990381056766567], [0.2916666666666667, 0.16839382851364085], [0.14583333333333337, 0.2525907427704613], [0.11250000000000002, 0.1948557158514987], [0.22500000000000003, 0.12990381056766576]]",6,2,2,two_color,1921,11319,4800,1960,1921,1960,1.0,0.65,0.65,8,98.0,8.092870831754208,39,0.01989795918367347,#719ec8,0.44313726,0.61960787,0.78431374,63.34242907858001,-4.463480562485134,-25.82676593258344,62.41034863589611,-4.54440304186356,-24.44795597852319,15.505777966950882,24.14848275336145,2.6184271172419806,7.145008038113046,2.2078598546985257,260.19477945905953,26.209626042126875,LayerLoomPhotos100NCZ_5/centered_4x3_tif/DSC_4593cny.tif,DSC_4593cny.tif,DSC_4593,cny,capture_number,4593,c,n,y,CMY+neutral,two_color__cny__DSC_4593cny,0.5357142857142857
15,cny_two_color_015_ccncc,cny,two_color,ccycc,ccncc,0.8,0.2,0.0,0.8,0.2,0.0,0.1,0.17320508075688773,#4abdcd,0.2901960784313726,0.7396078431372548,0.8047058823529412,70.9351111329078,-26.97664768387359,-17.917879487656684,"[[0.22499999999999995, 0.12990381056766578], [0.11249999999999999, 0.19485571585149866], [0.04999999999999999, 0.08660254037844385], [0.1, 0.05773502691896256]]",6,2,2,two_color,2683,13306,5707,2738,2683,2738,1.0,0.65,0.65,8,98.0,8.909826566082955,55,0.02008765522279036,#73a1cf,0.4509804,0.6313726,0.8117647,64.75246080904864,-3.8164552393604168,-27.8130816466323,63.67308812864407,-3.8439822103466534,-26.624484574036444,16.098851588923058,25.933274086798153,2.0001352246532034,7.519475295406687,2.4353593989223574,262.18678209546465,28.073703732786594,LayerLoomPhotos100NCZ_5/centered_4x3_tif/DSC_4593cny.tif,DSC_4593cny.tif,DSC_4593,cny,capture_number,4593,c,n,y,CMY+neutral,two_color__cny__DSC_4593cny,0.5357142857142857
16,cny_two_color_016_c,cny,two_color,c,c,1.0,0.0,0.0,1.0,0.0,0.0,0.0,0.0,#3ac8dc,0.22745098039215686,0.7843137254901961,0.8627450980392157,74.42655654335444,-30.326087604312878,-20.705156122725967,"[[0.1, 0.057735026918962574], [0.05, 0.08660254037844387], [0.0, 0.0], [0.10000000000000002, 0.0]]",6,2,2,two_color,1079,6638,2792,1097,1079,1097,1.0,0.65,0.65,8,98.0,2.1183912675623224,18,0.016408386508659983,#7ba9e6,0.48235294,0.6627451,0.9019608,68.23940477792705,0.7494638463633185,-35.462614415454084,68.27565550033219,0.7693658206715946,-35.55058701974756,19.802035551945888,34.95358808754352,0.6189168263551265,1.5113155663388063,0.48891683965091154,271.2107038527239,35.470533083619955,LayerLoomPhotos100NCZ_5/centered_4x3_tif/DSC_4593cny.tif,DSC_4593cny.tif,DSC_4593,cny,capture_number,4593,c,n,y,CMY+neutral,two_color__cny__DSC_4593cny,0.5357142857142857
17,cny_two_color_017_ccycc,cny,two_color,ccmcc,ccycc,0.8,0.0,0.2,0.8,0.0,0.2,0.2,0.0,#61cdb0,0.3819607843137255,0.8023529411764706,0.6901960784313725,75.5547352424016,-37.82289322407589,4.864422141720537,"[[0.22499999999999998, 0.12990381056766578], [0.22499999999999992, 0.12990381056766576], [0.1, 0.05773502691896257], [0.10000000000000002, 0.0], [0.22499999999999998, 0.0]]",6,2,2,two_color,3072,13294,5638,3134,3072,3134,1.0,0.65,0.65,8,98.0,21.743540692907608,62,0.019783024888321635,#79baca,0.4745098,0.7294118,0.7921569,71.9834763132327,-16.286541044506777,-15.107676408858918,71.9334204834151,-17.652510374712943,-10.963776377448431,18.520699681273413,29.58805630749776,6.4685230732147305,18.414665929403697,5.815538044481585,222.84953236003346,22.214709218650516,LayerLoomPhotos100NCZ_5/centered_4x3_tif/DSC_4593cny.tif,DSC_4593cny.tif,DSC_4593,cny,capture_number,4593,c,n,y,CMY+neutral,two_color__cny__DSC_4593cny,0.5357142857142857
18,cny_two_color_018_ccyc,cny,two_color,ccmc,ccyc,0.75,0.0,0.25,0.75,0.0,0.25,0.25,0.0,#6bcea5,0.42058823529411765,0.8068627450980392,0.6470588235294118,75.99398463781759,-38.508338624210936,11.446263813771207,"[[0.29166666666666663, 0.16839382851364085], [0.29166666666666674, 0.16839382851364088], [0.22499999999999992, 0.12990381056766573], [0.22499999999999995, 0.12990381056766576], [0.22499999999999998, 0.0], [0.29166666666666674, 0.0]]",6,2,2,two_color,2525,11377,4877,2577,2525,2577,1.0,0.65,0.65,8,98.0,17.36420753939558,52,0.02017850213426465,#7abdc1,0.47843137,0.7411765,0.75686276,72.55409033678407,-20.393197576585088,-8.820924756790616,72.68132708949749,-21.040855802498076,-5.416030852235443,16.09296541702866,27.399820082116843,6.314132745321691,14.706723983845945,4.524594089725788,203.39053397210418,22.219163372246882,LayerLoomPhotos100NCZ_5/centered_4x3_tif/DSC_4593cny.tif,DSC_4593cny.tif,DSC_4593,cny,capture_number,4593,c,n,y,CMY+neutral,two_color__cny__DSC_4593cny,0.5357142857142857
19,cny_two_color_019_ccy,cny,two_color,ccm,ccy,0.6666666666666666,0.0,0.3333333333333333,0.6666666666666666,0.0,0.3333333333333333,0.3333333333333333,0.0,#7cd093,0.4849673202614379,0.8143790849673204,0.5751633986928105,76.86250739489427,-38.58330122000342,22.49598611228505,"[[0.3666666666666667, 0.2116950987028628], [0.36666666666666675, 0.2116950987028628], [0.29166666666666674, 0.16839382851364085], [0.2916666666666667, 0.16839382851364082], [0.2916666666666667, 0.0], [0.3666666666666667, 0.0]]",6,2,2,two_color,4000,16283,6970,4082,4000,4082,1.0,0.65,0.65,8,98.0,10.801003865500862,82,0.020088192062714356,#81c3ad,0.5058824,0.7647059,0.68039215,73.99686653754873,-25.915060637000163,4.452143968551847,73.99337308228877,-25.84294343475765,5.042147306559326,10.345640969423203,22.232329079520685,5.088628871516677,8.945885214655549,2.638263999772503,170.25188525126032,26.294713418025836,LayerLoomPhotos100NCZ_5/centered_4x3_tif/DSC_4593cny.tif,DSC_4593cny.tif,DSC_4593,cny,capture_number,4593,c,n,y,CMY+neutral,two_color__cny__DSC_4593cny,0.5357142857142857
20,cny_two_color_020_ccycy,cny,two_color,ccmcm,ccycy,0.6,0.0,0.4,0.6,0.0,0.4,0.4,0.0,#89d184,0.5364705882352941,0.820392156862745,0.5176470588235295,77.67664033697756,-37.72301156590308,31.332784159337134,"[[0.44999999999999996, 0.25980762113533157], [0.4500000000000001, 0.2598076211353316], [0.3666666666666665, 0.21169509870286266], [0.36666666666666675, 0.21169509870286288], [0.3666666666666667, 0.0], [0.44999999999999996, 0.0]]",6,2,2,two_color,5928,22363,9545,6047,5928,6047,1.0,0.65,0.65,8,98.0,14.056975080569554,119,0.01967917975855796,#87c6a2,0.5294118,0.7764706,0.63529414,74.91683715459926,-27.461697716912674,11.45891593076811,74.80373715272577,-26.961533246267724,9.748699480737942,9.544213179533493,22.536231137425638,3.757885779779742,10.809790907596252,3.54780046426413,157.35073398760778,29.756538706702734,LayerLoomPhotos100NCZ_5/centered_4x3_tif/DSC_4593cny.tif,DSC_4593cny.tif,DSC_4593,cny,capture_number,4593,c,n,y,CMY+neutral,two_color__cny__DSC_4593cny,0.5357142857142857
21,cny_two_color_021_cy,cny,two_color,cm,cy,0.5,0.0,0.5,0.5,0.0,0.5,0.5,0.0,#9dd36e,0.6137254901960785,0.8294117647058823,0.43137254901960786,79.08731311025821,-35.04058229831547,44.36686585857201,"[[0.55, 0.2598076211353316], [0.5, 0.2886751345948129], [0.4500000000000002, 0.25980762113533173], [0.44999999999999996, 0.25980762113533157], [0.44999999999999996, 0.0], [0.55, 0.0]]",6,2,2,two_color,9013,31098,13222,9197,9013,9197,1.0,0.65,0.65,8,98.0,4.965699037944111,184,0.0200065238664782,#8eca97,0.5568628,0.7921569,0.5921569,76.17323790558456,-29.209095132019634,18.98033718441312,76.12311418327636,-29.19598176896863,18.950413391995653,10.495999119279812,26.21018723689433,2.0525303904015026,3.7883952584583094,1.0982753110737442,146.98382034626894,34.83424232081686,LayerLoomPhotos100NCZ_5/centered_4x3_tif/DSC_4593cny.tif,DSC_4593cny.tif,DSC_4593,cny,capture_number,4593,c,n,y,CMY+neutral,two_color__cny__DSC_4593cny,0.5357142857142857
22,cny_two_color_022_cycyy,cny,two_color,cmcmm,cycyy,0.4,0.0,0.6,0.4,0.0,0.6,0.6,0.0,#b0d658,0.6909803921568628,0.8384313725490194,0.34509803921568627,80.71081715514305,-30.926605445549537,56.74685739894987,"[[0.6333333333333334, 0.2116950987028627], [0.6333333333333331, 0.211695098702863], [0.5500000000000002, 0.25980762113533157], [0.55, 0.2598076211353316], [0.55, 0.0], [0.6333333333333334, 0.0]]",6,2,2,two_color,5991,22441,9622,6111,5991,6111,1.0,0.65,0.65,8,98.0,7.044439955997163,120,0.019636720667648502,#97ce90,0.5921569,0.80784315,0.5647059,77.78577691561836,-29.36322835197902,24.533085141010623,77.70129555639866,-29.09329417818911,25.52676248428414,12.490430582989015,32.384056747509504,3.07738960757327,6.114625218377625,1.9034149772543383,140.1211195404473,38.26318656079942,LayerLoomPhotos100NCZ_5/centered_4x3_tif/DSC_4593cny.tif,DSC_4593cny.tif,DSC_4593,cny,capture_number,4593,c,n,y,CMY+neutral,two_color__cny__DSC_4593cny,0.5357142857142857
23,cny_two_color_023_cyy,cny,two_color,cmm,cyy,0.3333333333333333,0.0,0.6666666666666666,0.3333333333333333,0.0,0.6666666666666666,0.6666666666666666,0.0,#bdd749,0.742483660130719,0.8444444444444444,0.28758169934640526,81.90233054832865,-27.535536020099894,64.35586331832887,"[[0.7083333333333331, 0.168393828513641], [0.7083333333333331, 0.168393828513641], [0.6333333333333333, 0.2116950987028628], [0.6333333333333334, 0.0], [0.7083333333333333, 0.0]]",6,2,2,two_color,3973,16207,6925,4055,3973,4055,1.0,0.65,0.65,8,98.0,7.590383418311371,82,0.020221948212083847,#a0d185,0.627451,0.81960785,0.52156866,78.96148962175938,-29.775476202318295,32.32253845579001,79.0438152096158,-29.30583633292023,31.741136960308573,12.142142316225925,32.24592655087231,3.173148532041927,5.9924503939860605,1.8076381379708395,132.65122668118062,43.946848297697606,LayerLoomPhotos100NCZ_5/centered_4x3_tif/DSC_4593cny.tif,DSC_4593cny.tif,DSC_4593,cny,capture_number,4593,c,n,y,CMY+neutral,two_color__cny__DSC_4593cny,0.5357142857142857
24,cny_two_color_024_ycyy,cny,two_color,mcmm,ycyy,0.25,0.0,0.75,0.25,0.0,0.75,0.75,0.0,#ced937,0.8068627450980392,0.8519607843137255,0.21568627450980393,83.5042416800598,-22.722707681334942,72.79352079044212,"[[0.7750000000000006, 0.12990381056766542], [0.7750000000000004, 0.12990381056766562], [0.7083333333333331, 0.16839382851364093], [0.7083333333333331, 0.0], [0.7750000000000006, 0.0]]",6,2,2,two_color,2506,11451,4868,2557,2506,2557,1.0,0.65,0.65,8,98.0,9.437988935680485,51,0.01994524833789597,#afd878,0.6862745,0.84705883,0.47058824,81.57378145404653,-28.939908226606637,42.97808133315868,81.40696812970305,-28.61661238915665,40.77356682945926,11.278806758593454,30.517874915126054,2.7312657142918315,7.123740220595109,2.3148309687803565,123.95491967995724,51.813451566596264,LayerLoomPhotos100NCZ_5/centered_4x3_tif/DSC_4593cny.tif,DSC_4593cny.tif,DSC_4593,cny,capture_number,4593,c,n,y,CMY+neutral,two_color__cny__DSC_4593cny,0.5357142857142857
25,cny_two_color_025_yycyy,cny,two_color,mmcmm,yycyy,0.2,0.0,0.8,0.2,0.0,0.8,0.8,0.0,#d8da2c,0.8454901960784313,0.8564705882352941,0.17254901960784313,84.52082667829146,-19.591593417616572,77.13877361131732,"[[0.7750000000000006, 0.12990381056766537], [0.7750000000000006, 0.0], [0.8999999999999999, 0.0], [0.8999999999999999, 0.05773502691896263]]",6,2,2,two_color,3145,13408,5724,3205,3145,3205,1.0,0.65,0.65,8,98.0,11.395881316295952,60,0.0187207488299532,#badc6e,0.7294118,0.8627451,0.43137255,83.27603428650572,-27.353266349942395,49.81855471077099,82.93047941297877,-27.357528296825105,45.43912854795642,10.433368726517905,28.428637596283362,2.06894649128458,8.553531244397007,3.1399632569963485,118.76933100683749,56.833876987945956,LayerLoomPhotos100NCZ_5/centered_4x3_tif/DSC_4593cny.tif,DSC_4593cny.tif,DSC_4593,cny,capture_number,4593,c,n,y,CMY+neutral,two_color__cny__DSC_4593cny,0.5357142857142857
26,cny_two_color_026_y,cny,two_color,m,y,0.0,0.0,1.0,0.0,0.0,1.0,1.0,0.0,#ffdf00,1.0,0.8745098039215686,0.0,88.94096720886532,-5.949434572648293,88.5567575521992,"[[0.8999999999999999, 0.05773502691896262], [0.8999999999999999, 0.0], [1.0, 0.0], [0.95, 0.08660254037844395]]",6,2,2,two_color,1106,6590,2830,1129,1106,1,0.0008857395925597874,0.65,0.65,8,98.0,1.072432946151653,23,0.02037201062887511,#ffe853,1.0,0.9098039,0.3254902,91.51252765364478,-8.410782723661692,72.09902833107384,91.559163262487,-8.424140331325617,72.19716653164251,4.421590928031403,16.838289965359756,0.28424222707651997,0.6392804519788888,0.21870206475724066,96.65382090120357,72.5879545951643,LayerLoomPhotos100NCZ_5/centered_4x3_tif/DSC_4593cny.tif,DSC_4593cny.tif,DSC_4593,cny,capture_number,4593,c,n,y,CMY+neutral,two_color__cny__DSC_4593cny,0.5357142857142857
27,cny_two_color_027_yynyy,cny,two_color,mmymm,yynyy,0.0,0.2,0.8,0.0,0.2,0.8,0.9,0.17320508075688773,#e8cf1d,0.908235294117647,0.8117647058823529,0.11450980392156862,82.81074853195292,-7.519206396517985,79.61408985962831,"[[0.7750000000000004, 0.12990381056766553], [0.7750000000000004, 0.1299038105676656], [0.8999999999999999, 0.05773502691896262], [0.95, 0.08660254037844393], [0.8875000000000002, 0.19485571585149836]]",6,2,2,two_color,2622,13349,5613,2676,2622,2676,1.0,0.65,0.65,8,98.0,9.858109370647256,54,0.020179372197309416,#cacb5a,0.7921569,0.79607844,0.3529412,79.50921343473689,-15.041200645583341,55.2646857953403,77.71141073498373,-13.81420124928484,52.66576562405963,8.946876302998684,25.697743281601344,1.4989968774354268,7.134982825799009,2.7324708040552768,105.22521329733922,57.274978942976354,LayerLoomPhotos100NCZ_5/centered_4x3_tif/DSC_4593cny.tif,DSC_4593cny.tif,DSC_4593,cny,capture_number,4593,c,n,y,CMY+neutral,two_color__cny__DSC_4593cny,0.5357142857142857
28,cny_two_color_028_yyny,cny,two_color,mmym,yyny,0.0,0.25,0.75,0.0,0.25,0.75,0.875,0.21650635094610965,#e2cb25,0.8852941176470588,0.796078431372549,0.14313725490196078,81.2769266711839,-7.829922023281255,76.58440743090578,"[[0.7083333333333333, 0.16839382851364088], [0.708333333333333, 0.1683938285136411], [0.7750000000000006, 0.12990381056766553], [0.7750000000000005, 0.12990381056766556], [0.8875000000000002, 0.19485571585149838], [0.8541666666666666, 0.2525907427704614]]",6,2,2,two_color,1916,11259,4796,1956,1916,1956,1.0,0.65,0.65,8,98.0,9.967944201080684,40,0.02044989775051125,#bec05b,0.74509805,0.7529412,0.35686275,75.57611258754613,-14.112385869952838,49.777188944138054,74.32572055728542,-13.221640653943926,47.7176418643656,9.978164232093347,28.11753182977197,2.249214563640324,7.364700429956999,2.386395396387035,105.82862219306116,51.73903723614177,LayerLoomPhotos100NCZ_5/centered_4x3_tif/DSC_4593cny.tif,DSC_4593cny.tif,DSC_4593,cny,capture_number,4593,c,n,y,CMY+neutral,two_color__cny__DSC_4593cny,0.5357142857142857
29,cny_two_color_029_yyn,cny,two_color,mmy,yyn,0.0,0.3333333333333333,0.6666666666666666,0.0,0.3333333333333333,0.6666666666666666,0.8333333333333333,0.28867513459481287,#d8c431,0.8470588235294118,0.7699346405228757,0.19084967320261437,78.72372712820206,-8.237777918537581,70.6964771510838,"[[0.6333333333333329, 0.21169509870286304], [0.6333333333333332, 0.2116950987028628], [0.708333333333333, 0.16839382851364093], [0.7083333333333333, 0.16839382851364088], [0.8541666666666666, 0.25259074277046145], [0.8166666666666667, 0.3175426480542943]]",6,2,2,two_color,3257,16288,6933,3324,3257,3324,1.0,0.65,0.65,8,98.0,8.462970957398078,67,0.020156438026474127,#b1b35d,0.69411767,0.7019608,0.3647059,71.2452359673061,-12.852282427077144,42.96543023359529,69.85806516670654,-12.164754185234864,41.70513792349023,10.901613312412133,29.090074682662465,2.5934756733696918,6.264673101412786,1.9813724980024465,106.65354253357691,44.846508880216085,LayerLoomPhotos100NCZ_5/centered_4x3_tif/DSC_4593cny.tif,DSC_4593cny.tif,DSC_4593,cny,capture_number,4593,c,n,y,CMY+neutral,two_color__cny__DSC_4593cny,0.5357142857142857
30,cny_two_color_030_yynyn,cny,two_color,mmymy,yynyn,0.0,0.4,0.6,0.0,0.4,0.6,0.8,0.34641016151377546,#d0bf3a,0.8164705882352941,0.7490196078431373,0.22901960784313724,76.68633556880798,-8.444424052542477,65.24716141240661,"[[0.5500000000000003, 0.2598076211353315], [0.5500000000000003, 0.2598076211353315], [0.6333333333333333, 0.21169509870286285], [0.6333333333333329, 0.21169509870286302], [0.8166666666666665, 0.3175426480542942], [0.775, 0.38971143170299727]]",6,2,2,two_color,4925,22088,9435,5026,4925,5026,1.0,0.65,0.65,8,98.0,7.782620743735392,101,0.02009550338241146,#a5a660,0.64705884,0.6509804,0.3764706,66.55610458753269,-11.197769226214238,36.88809585926711,66.54253859933435,-10.892811103323474,36.21719101725536,12.370828893635597,30.239693920849046,4.334834892059721,5.962346576003838,1.8804173224857896,106.88621836969543,38.550248400834334,LayerLoomPhotos100NCZ_5/centered_4x3_tif/DSC_4593cny.tif,DSC_4593cny.tif,DSC_4593,cny,capture_number,4593,c,n,y,CMY+neutral,two_color__cny__DSC_4593cny,0.5357142857142857
