region_index,label,corner_label,condition,local_stack_token,stack_token,f_bottom_left,f_top,f_bottom_right,f_c,f_g,f_y,site_x,site_y,expected_hex,expected_R,expected_G,expected_B,expected_L,expected_a,expected_b,polygon_xy,max_height,max_run,distinct_lte,preset
1,cgy_two_color_001_yg,cgy,two_color,my,yg,0.0,0.5,0.5,0.0,0.5,0.5,0.75,0.4330127018922193,#90cf32,0.5627450980392157,0.8117647058823529,0.19411764705882353,76.5181876914217,-42.83550403159575,66.51630663705663,"[[0.5, 0.34641016151377513], [0.5, 0.34641016151377513], [0.5, 0.28867513459481287], [0.55, 0.2598076211353315], [0.5500000000000003, 0.25980762113533146], [0.7750000000000001, 0.38971143170299727], [0.7250000000000001, 0.47631397208144116]]",6,2,2,two_color
2,cgy_two_color_002_ygygg,cgy,two_color,mymyy,ygygg,0.0,0.6,0.4,0.0,0.6,0.4,0.7,0.5196152422706631,#79cc3b,0.4752941176470588,0.7992156862745098,0.23294117647058826,74.50114012845992,-48.68639350873899,60.78178216902822,"[[0.49999999999999994, 0.44263520637871284], [0.49999999999999994, 0.44263520637871284], [0.49999999999999994, 0.3464101615137752], [0.7250000000000001, 0.47631397208144116], [0.6833333333333335, 0.5484827557301443]]",6,2,2,two_color
3,cgy_two_color_003_ygg,cgy,two_color,myy,ygg,0.0,0.6666666666666666,0.3333333333333333,0.0,0.6666666666666666,0.3333333333333333,0.6666666666666666,0.5773502691896257,#6aca42,0.4169934640522876,0.7908496732026143,0.25882352941176473,73.25969245824507,-52.014165739953434,56.76698040935824,"[[0.5, 0.5292377467571571], [0.4999999999999999, 0.5292377467571567], [0.49999999999999994, 0.4426352063787129], [0.6833333333333335, 0.5484827557301444], [0.6458333333333334, 0.6134346610139774]]",6,2,2,two_color
4,cgy_two_color_004_gygg,cgy,two_color,ymyy,gygg,0.0,0.75,0.25,0.0,0.75,0.25,0.625,0.649519052838329,#58c74a,0.34411764705882353,0.7803921568627451,0.2911764705882353,71.82897302151117,-55.38767028341801,51.58503391875486,"[[0.5, 0.6062177826491071], [0.5, 0.6062177826491071], [0.5, 0.529237746757157], [0.6458333333333334, 0.6134346610139774], [0.6125, 0.6711696879329399]]",6,2,2,two_color
5,cgy_two_color_005_ggygg,cgy,two_color,yymyy,ggygg,0.0,0.8,0.2,0.0,0.8,0.2,0.6000000000000001,0.6928203230275509,#4dc54f,0.3003921568627451,0.7741176470588236,0.31058823529411766,71.03654604530183,-56.93654278886323,48.41164853265205,"[[0.5, 0.7505553499465134], [0.5, 0.6062177826491071], [0.6125, 0.6711696879329399], [0.55, 0.7794228634059948]]",6,2,2,two_color
6,cgy_two_color_006_g,cgy,two_color,y,g,0.0,1.0,0.0,0.0,1.0,0.0,0.5,0.8660254037844386,#20bf63,0.12549019607843137,0.7490196078431373,0.38823529411764707,68.36328344031337,-59.093631377102774,35.49547851450803,"[[0.45, 0.7794228634059948], [0.5, 0.7505553499465135], [0.5499999999999999, 0.7794228634059948], [0.5, 0.8660254037844386]]",6,2,2,two_color
7,cgy_two_color_007_ggcgg,cgy,two_color,yycyy,ggcgg,0.2,0.8,0.0,0.2,0.8,0.0,0.4,0.6928203230275509,#25c17b,0.14588235294117646,0.756078431372549,0.48313725490196074,69.38451407457569,-54.74696762165026,24.313311520147906,"[[0.45, 0.7794228634059948], [0.38750000000000007, 0.6711696879329401], [0.5, 0.6062177826491071], [0.49999999999999994, 0.606217782649107], [0.5, 0.7505553499465134]]",6,2,2,two_color
8,cgy_two_color_008_gcgg,cgy,two_color,ycyy,gcgg,0.25,0.75,0.0,0.25,0.75,0.0,0.375,0.649519052838329,#27c181,0.15098039215686274,0.7578431372549019,0.5068627450980392,69.65493206278121,-53.52558376648942,21.47080457762005,"[[0.49999999999999994, 0.6062177826491072], [0.38750000000000007, 0.6711696879329401], [0.3541666666666665, 0.6134346610139771], [0.4999999999999999, 0.5292377467571566], [0.5, 0.529237746757157], [0.5, 0.606217782649107]]",6,2,2,two_color
9,cgy_two_color_009_cgg,cgy,two_color,cyy,cgg,0.3333333333333333,0.6666666666666666,0.0,0.3333333333333333,0.6666666666666666,0.0,0.3333333333333333,0.5773502691896257,#29c28b,0.15947712418300652,0.7607843137254902,0.5464052287581699,70.11909101034699,-51.379409770592524,16.71680620874161,"[[0.5000000000000001, 0.5292377467571565], [0.3541666666666665, 0.6134346610139771], [0.31666666666666654, 0.5484827557301443], [0.4999999999999999, 0.44263520637871295], [0.49999999999999994, 0.4426352063787134], [0.49999999999999994, 0.529237746757157]]",6,2,2,two_color
10,cgy_two_color_010_cgcgg,cgy,two_color,cycyy,cgcgg,0.4,0.6,0.0,0.4,0.6,0.0,0.3,0.5196152422706631,#2ac393,0.16627450980392156,0.7631372549019607,0.5780392156862745,70.5025168827149,-49.568329246796715,12.90872904585223,"[[0.49999999999999994, 0.44263520637871295], [0.3166666666666666, 0.5484827557301443], [0.27500000000000013, 0.47631397208144144], [0.5, 0.3464101615137757], [0.5, 0.34641016151377535], [0.5, 0.4426352063787127]]",6,2,2,two_color
11,cgy_two_color_011_cg,cgy,two_color,cy,cg,0.5,0.5,0.0,0.5,0.5,0.0,0.25,0.4330127018922193,#2dc3a0,0.1764705882352941,0.7666666666666666,0.6254901960784314,71.09773669582923,-46.70624234791809,7.204954127429208,"[[0.4999999999999999, 0.3464101615137758], [0.2750000000000002, 0.47631397208144144], [0.22500000000000003, 0.3897114317029974], [0.45, 0.25980762113533157], [0.45, 0.25980762113533157], [0.5, 0.28867513459481287], [0.5, 0.34641016151377524]]",6,2,2,two_color
12,cgy_two_color_012_ccgcg,cgy,two_color,ccycy,ccgcg,0.6,0.4,0.0,0.6,0.4,0.0,0.2,0.34641016151377546,#30c4ac,0.18666666666666665,0.7701960784313725,0.6729411764705883,71.71688235528099,-43.684436947561466,1.5272197876999183,"[[0.36666666666666653, 0.21169509870286277], [0.36666666666666714, 0.21169509870286302], [0.45, 0.25980762113533157], [0.225, 0.3897114317029973], [0.18333333333333335, 0.3175426480542941]]",6,2,2,two_color
13,cgy_two_color_013_ccg,cgy,two_color,ccy,ccg,0.6666666666666666,0.3333333333333333,0.0,0.6666666666666666,0.3333333333333333,0.0,0.16666666666666666,0.28867513459481287,#31c5b4,0.19346405228758168,0.7725490196078431,0.7045751633986929,72.14281218826366,-41.58939309555265,-2.2366494280815052,"[[0.29166666666666674, 0.16839382851364088], [0.29166666666666674, 0.16839382851364088], [0.3666666666666666, 0.21169509870286274], [0.18333333333333332, 0.3175426480542941], [0.14583333333333337, 0.2525907427704613]]",6,2,2,two_color
14,cgy_two_color_014_ccgc,cgy,two_color,ccyc,ccgc,0.75,0.25,0.0,0.75,0.25,0.0,0.125,0.21650635094610965,#33c6be,0.20196078431372547,0.7754901960784313,0.7441176470588236,72.68987247128356,-38.888553973067786,-6.912150447912357,"[[0.22499999999999984, 0.12990381056766567], [0.2916666666666667, 0.16839382851364085], [0.14583333333333337, 0.2525907427704613], [0.11250000000000002, 0.1948557158514987], [0.22500000000000003, 0.12990381056766576]]",6,2,2,two_color
15,cgy_two_color_015_ccgcc,cgy,two_color,ccycc,ccgcc,0.8,0.2,0.0,0.8,0.2,0.0,0.1,0.17320508075688773,#35c6c4,0.20705882352941174,0.7772549019607842,0.7678431372549019,73.02584082700398,-37.2278554452658,-9.700027346092345,"[[0.22499999999999995, 0.12990381056766578], [0.11249999999999999, 0.19485571585149866], [0.04999999999999999, 0.08660254037844385], [0.1, 0.05773502691896256]]",6,2,2,two_color
16,cgy_two_color_016_c,cgy,two_color,c,c,1.0,0.0,0.0,1.0,0.0,0.0,0.0,0.0,#3ac8dc,0.22745098039215686,0.7843137254901961,0.8627450980392157,74.42655654335444,-30.326087604312878,-20.705156122725967,"[[0.1, 0.057735026918962574], [0.05, 0.08660254037844387], [0.0, 0.0], [0.10000000000000002, 0.0]]",6,2,2,two_color
17,cgy_two_color_017_ccycc,cgy,two_color,ccmcc,ccycc,0.8,0.0,0.2,0.8,0.0,0.2,0.2,0.0,#61cdb0,0.3819607843137255,0.8023529411764706,0.6901960784313725,75.5547352424016,-37.82289322407589,4.864422141720537,"[[0.22499999999999998, 0.12990381056766578], [0.22499999999999992, 0.12990381056766576], [0.1, 0.05773502691896257], [0.10000000000000002, 0.0], [0.22499999999999998, 0.0]]",6,2,2,two_color
18,cgy_two_color_018_ccyc,cgy,two_color,ccmc,ccyc,0.75,0.0,0.25,0.75,0.0,0.25,0.25,0.0,#6bcea5,0.42058823529411765,0.8068627450980392,0.6470588235294118,75.99398463781759,-38.508338624210936,11.446263813771207,"[[0.29166666666666663, 0.16839382851364085], [0.29166666666666674, 0.16839382851364088], [0.22499999999999992, 0.12990381056766573], [0.22499999999999995, 0.12990381056766576], [0.22499999999999998, 0.0], [0.29166666666666674, 0.0]]",6,2,2,two_color
19,cgy_two_color_019_ccy,cgy,two_color,ccm,ccy,0.6666666666666666,0.0,0.3333333333333333,0.6666666666666666,0.0,0.3333333333333333,0.3333333333333333,0.0,#7cd093,0.4849673202614379,0.8143790849673204,0.5751633986928105,76.86250739489427,-38.58330122000342,22.49598611228505,"[[0.3666666666666667, 0.2116950987028628], [0.36666666666666675, 0.2116950987028628], [0.29166666666666674, 0.16839382851364085], [0.2916666666666667, 0.16839382851364082], [0.2916666666666667, 0.0], [0.3666666666666667, 0.0]]",6,2,2,two_color
20,cgy_two_color_020_ccycy,cgy,two_color,ccmcm,ccycy,0.6,0.0,0.4,0.6,0.0,0.4,0.4,0.0,#89d184,0.5364705882352941,0.820392156862745,0.5176470588235295,77.67664033697756,-37.72301156590308,31.332784159337134,"[[0.44999999999999996, 0.25980762113533157], [0.4500000000000001, 0.2598076211353316], [0.3666666666666665, 0.21169509870286266], [0.36666666666666675, 0.21169509870286288], [0.3666666666666667, 0.0], [0.44999999999999996, 0.0]]",6,2,2,two_color
21,cgy_two_color_021_cy,cgy,two_color,cm,cy,0.5,0.0,0.5,0.5,0.0,0.5,0.5,0.0,#9dd36e,0.6137254901960785,0.8294117647058823,0.43137254901960786,79.08731311025821,-35.04058229831547,44.36686585857201,"[[0.55, 0.2598076211353316], [0.5, 0.2886751345948129], [0.4500000000000002, 0.25980762113533173], [0.44999999999999996, 0.25980762113533157], [0.44999999999999996, 0.0], [0.55, 0.0]]",6,2,2,two_color
22,cgy_two_color_022_cycyy,cgy,two_color,cmcmm,cycyy,0.4,0.0,0.6,0.4,0.0,0.6,0.6,0.0,#b0d658,0.6909803921568628,0.8384313725490194,0.34509803921568627,80.71081715514305,-30.926605445549537,56.74685739894987,"[[0.6333333333333334, 0.2116950987028627], [0.6333333333333331, 0.211695098702863], [0.5500000000000002, 0.25980762113533157], [0.55, 0.2598076211353316], [0.55, 0.0], [0.6333333333333334, 0.0]]",6,2,2,two_color
23,cgy_two_color_023_cyy,cgy,two_color,cmm,cyy,0.3333333333333333,0.0,0.6666666666666666,0.3333333333333333,0.0,0.6666666666666666,0.6666666666666666,0.0,#bdd749,0.742483660130719,0.8444444444444444,0.28758169934640526,81.90233054832865,-27.535536020099894,64.35586331832887,"[[0.7083333333333331, 0.168393828513641], [0.7083333333333331, 0.168393828513641], [0.6333333333333333, 0.2116950987028628], [0.6333333333333334, 0.0], [0.7083333333333333, 0.0]]",6,2,2,two_color
24,cgy_two_color_024_ycyy,cgy,two_color,mcmm,ycyy,0.25,0.0,0.75,0.25,0.0,0.75,0.75,0.0,#ced937,0.8068627450980392,0.8519607843137255,0.21568627450980393,83.5042416800598,-22.722707681334942,72.79352079044212,"[[0.7750000000000006, 0.12990381056766542], [0.7750000000000004, 0.12990381056766562], [0.7083333333333331, 0.16839382851364093], [0.7083333333333331, 0.0], [0.7750000000000006, 0.0]]",6,2,2,two_color
25,cgy_two_color_025_yycyy,cgy,two_color,mmcmm,yycyy,0.2,0.0,0.8,0.2,0.0,0.8,0.8,0.0,#d8da2c,0.8454901960784313,0.8564705882352941,0.17254901960784313,84.52082667829146,-19.591593417616572,77.13877361131732,"[[0.7750000000000006, 0.12990381056766537], [0.7750000000000006, 0.0], [0.8999999999999999, 0.0], [0.8999999999999999, 0.05773502691896263]]",6,2,2,two_color
26,cgy_two_color_026_y,cgy,two_color,m,y,0.0,0.0,1.0,0.0,0.0,1.0,1.0,0.0,#ffdf00,1.0,0.8745098039215686,0.0,88.94096720886532,-5.949434572648293,88.5567575521992,"[[0.8999999999999999, 0.05773502691896262], [0.8999999999999999, 0.0], [1.0, 0.0], [0.95, 0.08660254037844395]]",6,2,2,two_color
27,cgy_two_color_027_yygyy,cgy,two_color,mmymm,yygyy,0.0,0.2,0.8,0.0,0.2,0.8,0.9,0.17320508075688773,#d2d914,0.8250980392156861,0.8494117647058823,0.07764705882352942,83.56396333712765,-21.455436693786577,80.99892539154644,"[[0.7750000000000004, 0.12990381056766553], [0.7750000000000004, 0.1299038105676656], [0.8999999999999999, 0.05773502691896262], [0.95, 0.08660254037844393], [0.8875000000000002, 0.19485571585149836]]",6,2,2,two_color
28,cgy_two_color_028_yygy,cgy,two_color,mmym,yygy,0.0,0.25,0.75,0.0,0.25,0.75,0.875,0.21650635094610965,#c7d719,0.7813725490196078,0.8431372549019608,0.09705882352941177,82.2965489753003,-25.259099303701905,78.89213150428324,"[[0.7083333333333333, 0.16839382851364088], [0.708333333333333, 0.1683938285136411], [0.7750000000000006, 0.12990381056766553], [0.7750000000000005, 0.12990381056766556], [0.8875000000000002, 0.19485571585149838], [0.8541666666666666, 0.2525907427704614]]",6,2,2,two_color
29,cgy_two_color_029_yyg,cgy,two_color,mmy,yyg,0.0,0.3333333333333333,0.6666666666666666,0.0,0.3333333333333333,0.6666666666666666,0.8333333333333333,0.28867513459481287,#b5d421,0.7084967320261438,0.8326797385620915,0.12941176470588237,80.26235676752313,-31.443535494454224,75.10669897134102,"[[0.6333333333333329, 0.21169509870286304], [0.6333333333333332, 0.2116950987028628], [0.708333333333333, 0.16839382851364093], [0.7083333333333333, 0.16839382851364088], [0.8541666666666666, 0.25259074277046145], [0.8166666666666667, 0.3175426480542943]]",6,2,2,two_color
30,cgy_two_color_030_yygyg,cgy,two_color,mmymy,yygyg,0.0,0.4,0.6,0.0,0.4,0.6,0.8,0.34641016151377546,#a6d228,0.6501960784313725,0.824313725490196,0.15529411764705883,78.71036781252369,-36.191852490797984,71.82923880743049,"[[0.5500000000000003, 0.2598076211353315], [0.5500000000000003, 0.2598076211353315], [0.6333333333333333, 0.21169509870286285], [0.6333333333333329, 0.21169509870286302], [0.8166666666666665, 0.3175426480542942], [0.775, 0.38971143170299727]]",6,2,2,two_color
