region_i,region_j,deltaE00,deltaE76
gamut_001_my,gamut_002_mymyy,4.804345073860816,6.730317943205713
gamut_001_my,gamut_003_myy,7.032188393382464,9.714376180417297
gamut_001_my,gamut_004_ymyy,10.775443205132577,14.858906509117986
gamut_001_my,gamut_005_yymyy,11.613337781609172,16.092747757864235
gamut_001_my,gamut_006_y,41.49969892615398,64.00488871544614
gamut_001_my,gamut_007_yycyy,41.61812433981001,59.70267492155422
gamut_001_my,gamut_008_ycyy,41.76795898070565,59.26367086965416
gamut_001_my,gamut_009_cyy,41.769022147066,58.72790484670999
gamut_001_my,gamut_010_cycyy,41.9344350454664,58.59627431657232
gamut_001_my,gamut_011_cy,41.90224545487019,57.60555781722329
gamut_001_my,gamut_012_ccycy,40.74738918791576,54.549576298285906
gamut_001_my,gamut_013_ccy,39.89246338558427,53.09263837368649
gamut_001_my,gamut_014_ccyc,38.40270397823123,52.24041374474059
gamut_001_my,gamut_015_ccycc,37.001040032400844,53.221698358691256
gamut_001_my,gamut_016_c,39.169120970866196,76.68404111486993
gamut_001_my,gamut_017_ccmcc,37.91611092850598,71.20579999558211
gamut_001_my,gamut_018_ccmc,37.96858058576952,70.05002835193179
gamut_001_my,gamut_019_ccm,37.36371179960566,66.92252820431621
gamut_001_my,gamut_020_ccmcm,37.204357009747774,66.10552276510452
gamut_001_my,gamut_021_cm,36.601417404430855,63.80406026707623
gamut_001_my,gamut_022_cmcmm,35.957414115808625,62.31557246634846
gamut_001_my,gamut_023_cmm,35.48660778818259,60.880798917820144
gamut_001_my,gamut_024_mcmm,34.491539369424366,57.92862236554483
gamut_001_my,gamut_025_mmcmm,33.908577053037185,57.03321112052052
gamut_001_my,gamut_026_m,28.84577039667311,49.02696074087125
gamut_001_my,gamut_027_mmymm,17.991178050768905,25.81781290002877
gamut_001_my,gamut_028_mmym,14.251951061527093,19.873894126064922
gamut_001_my,gamut_029_mmy,8.902055760641662,12.037338924500602
gamut_001_my,gamut_030_mmymy,5.445609371814949,7.3864458390254395
gamut_002_mymyy,gamut_003_myy,2.2746953592416452,3.0969173111593786
gamut_002_mymyy,gamut_004_ymyy,6.021671542800606,8.213021679366351
gamut_002_mymyy,gamut_005_yymyy,6.860659882288789,9.450522275506327
gamut_002_mymyy,gamut_006_y,37.03294741273215,57.612883364756975
gamut_002_mymyy,gamut_007_yycyy,37.53557439795676,54.714309029548744
gamut_002_mymyy,gamut_008_ycyy,37.796184800333876,54.57180350061151
gamut_002_mymyy,gamut_009_cyy,37.94024624359343,54.37945466354115
gamut_002_mymyy,gamut_010_cycyy,38.15749886217996,54.4229931598762
gamut_002_mymyy,gamut_011_cy,38.2886079636107,53.92652473673354
gamut_002_mymyy,gamut_012_ccycy,37.533357657759126,51.993929349707436
gamut_002_mymyy,gamut_013_ccy,36.976456815201125,51.35914094888827
gamut_002_mymyy,gamut_014_ccyc,36.119488869976266,52.14521218401501
gamut_002_mymyy,gamut_015_ccycc,35.43699098419648,54.19924061169631
gamut_002_mymyy,gamut_016_c,41.49020918590022,81.6700561932225
gamut_002_mymyy,gamut_017_ccmcc,40.96282906826507,76.57610070005633
gamut_002_mymyy,gamut_018_ccmc,41.19560997961791,75.5256866117627
gamut_002_mymyy,gamut_019_ccm,40.74188920295022,72.45100286916275
gamut_002_mymyy,gamut_020_ccmcm,40.69016028958905,71.70327568039177
gamut_002_mymyy,gamut_021_cm,40.287269619990944,69.52184153386031
gamut_002_mymyy,gamut_022_cmcmm,39.87080184670454,68.20493803096234
gamut_002_mymyy,gamut_023_cmm,39.5365691254893,66.86625746856274
gamut_002_mymyy,gamut_024_mcmm,38.73447951767348,64.04385444152224
gamut_002_mymyy,gamut_025_mmcmm,38.356742601429836,63.32580090631761
gamut_002_mymyy,gamut_026_m,33.95295098524604,55.74871922818828
gamut_002_mymyy,gamut_027_mmymm,22.911490407218594,32.535663844664825
gamut_002_mymyy,gamut_028_mmym,19.117850862190423,26.587547196620033
gamut_002_mymyy,gamut_029_mmy,13.674593728588002,18.710715628068737
gamut_002_mymyy,gamut_030_mmymy,10.224521344454413,14.081366989773356
gamut_003_myy,gamut_004_ymyy,3.7890508038314206,5.182162779727443
gamut_003_myy,gamut_005_yymyy,4.604398524323236,6.399849597599519
gamut_003_myy,gamut_006_y,34.88651840502164,54.71021529898326
gamut_003_myy,gamut_007_yycyy,35.283081494222714,51.94508124011495
gamut_003_myy,gamut_008_ycyy,35.58399881529052,51.902397998686595
gamut_003_myy,gamut_009_cyy,35.78286511663622,51.831708311618854
gamut_003_myy,gamut_010_cycyy,36.02358101966575,51.940127637501526
gamut_003_myy,gamut_011_cy,36.233199810130614,51.63450984153469
gamut_003_myy,gamut_012_ccycy,35.69088576694656,50.16631195303408
gamut_003_myy,gamut_013_ccy,35.3065712189052,49.88517373760305
gamut_003_myy,gamut_014_ccyc,34.85645025783979,51.393637239295906
gamut_003_myy,gamut_015_ccycc,34.590210854066875,53.92874720260688
gamut_003_myy,gamut_016_c,42.48926271969162,83.33668822689128
gamut_003_myy,gamut_017_ccmcc,42.26697942586751,78.43918679045701
gamut_003_myy,gamut_018_ccmc,42.575084143870825,77.44516887224351
gamut_003_myy,gamut_019_ccm,42.182981843299466,74.40205845355317
gamut_003_myy,gamut_020_ccmcm,42.18024280668953,73.69587099029211
gamut_003_myy,gamut_021_cm,41.868331439452724,71.58941657489318
gamut_003_myy,gamut_022_cmcmm,41.562024586519954,70.38137941345653
gamut_003_myy,gamut_023_cmm,41.29205998187805,69.10621647637603
gamut_003_myy,gamut_024_mcmm,40.579399723553585,66.37388007954745
gamut_003_myy,gamut_025_mmcmm,40.30524027307661,65.78144759202254
gamut_003_myy,gamut_026_m,36.25114992082274,58.66196501753344
gamut_003_myy,gamut_027_mmymm,25.10746973606111,35.43570277236729
gamut_003_myy,gamut_028_mmym,21.29907193552854,29.493657264742694
gamut_003_myy,gamut_029_mmy,15.831694772711742,21.594228792952293
gamut_003_myy,gamut_030_mmymy,12.403657505862688,16.994237177568746
gamut_004_ymyy,gamut_005_yymyy,0.8707833949189488,1.2627542394936024
gamut_004_ymyy,gamut_006_y,31.175545656136773,49.611520161884734
gamut_004_ymyy,gamut_007_yycyy,32.043991789260254,48.0647672452394
gamut_004_ymyy,gamut_008_ycyy,32.461792851932,48.283499410850986
gamut_004_ymyy,gamut_009_cyy,32.82262770633728,48.52582352002465
gamut_004_ymyy,gamut_010_cycyy,33.10805155825903,48.777617767892565
gamut_004_ymyy,gamut_011_cy,33.46863542126787,48.88803709264275
gamut_004_ymyy,gamut_012_ccycy,33.30977197913527,48.37543258931469
gamut_004_ymyy,gamut_013_ccy,33.22944864611023,48.776832427067944
gamut_004_ymyy,gamut_014_ccyc,33.42475866882869,51.55245783228006
gamut_004_ymyy,gamut_015_ccycc,33.7812700145742,54.849257696281306
gamut_004_ymyy,gamut_016_c,44.45109319745965,86.88244645233645
gamut_004_ymyy,gamut_017_ccmcc,44.84136357674725,82.34835696924753
gamut_004_ymyy,gamut_018_ccmc,45.303770865151,81.46007937071438
gamut_004_ymyy,gamut_019_ccm,45.03006236247384,78.4886621271584
gamut_004_ymyy,gamut_020_ccmcm,45.108679525565535,77.84411144899053
gamut_004_ymyy,gamut_021_cm,44.94284929319105,75.84714530009741
gamut_004_ymyy,gamut_022_cmcmm,44.792943456891884,74.76935391413872
gamut_004_ymyy,gamut_023_cmm,44.61899074799559,73.57449186940465
gamut_004_ymyy,gamut_024_mcmm,44.03912965344604,70.956037764863
gamut_004_ymyy,gamut_025_mmcmm,43.90204689845716,70.49298105961648
gamut_004_ymyy,gamut_026_m,40.23291149214628,63.72809435014754
gamut_004_ymyy,gamut_027_mmymm,28.92913037069146,40.547066368392805
gamut_004_ymyy,gamut_028_mmym,25.094089488756175,34.61923992643009
gamut_004_ymyy,gamut_029_mmy,19.607039221873794,26.730867218117886
gamut_004_ymyy,gamut_030_mmymy,16.16575315591384,22.13655969518376
gamut_005_yymyy,gamut_006_y,30.450878209391437,48.483037196483934
gamut_005_yymyy,gamut_007_yycyy,31.2317576833864,47.049854183713144
gamut_005_yymyy,gamut_008_ycyy,31.666762636011672,47.32559045630337
gamut_005_yymyy,gamut_009_cyy,32.04970121367867,47.63357143806705
gamut_005_yymyy,gamut_010_cycyy,32.34646968214371,47.921688436606196
gamut_005_yymyy,gamut_011_cy,32.742585313898914,48.1361487438134
gamut_005_yymyy,gamut_012_ccycy,32.6748875418611,47.86328920844934
gamut_005_yymyy,gamut_013_ccy,32.665657942736615,48.432520952063385
gamut_005_yymyy,gamut_014_ccyc,33.0243284291208,51.52059313068162
gamut_005_yymyy,gamut_015_ccycc,33.543918727105705,55.00733837765373
gamut_005_yymyy,gamut_016_c,44.92881071168129,87.71831739504404
gamut_005_yymyy,gamut_017_ccmcc,45.403089609408525,83.24115711415546
gamut_005_yymyy,gamut_018_ccmc,45.88475120483976,82.36737960160451
gamut_005_yymyy,gamut_019_ccm,45.6260436429525,79.40385109141094
gamut_005_yymyy,gamut_020_ccmcm,45.720282783613065,78.771819762068
gamut_005_yymyy,gamut_021_cm,45.58371623908621,76.79789817875891
gamut_005_yymyy,gamut_022_cmcmm,45.473938050143126,75.7559792769604
gamut_005_yymyy,gamut_023_cmm,45.321898080208,74.58103514442442
gamut_005_yymyy,gamut_024_mcmm,44.77148274025613,71.99044555940814
gamut_005_yymyy,gamut_025_mmcmm,44.67317956650262,71.56769461402558
gamut_005_yymyy,gamut_026_m,41.13397069488498,64.94539666174998
gamut_005_yymyy,gamut_027_mmymm,29.76850370487009,41.75554229440691
gamut_005_yymyy,gamut_028_mmym,25.923481147869985,35.82858785053851
gamut_005_yymyy,gamut_029_mmy,20.421549860723122,27.934244701779875
gamut_005_yymyy,gamut_030_mmymy,16.98811246593141,23.351294824377234
gamut_006_y,gamut_007_yycyy,21.774805582436827,36.36736775403995
gamut_006_y,gamut_008_ycyy,23.485429204856292,39.681093380005194
gamut_006_y,gamut_009_cyy,25.724447645934085,43.46826472913382
gamut_006_y,gamut_010_cycyy,26.22251069948256,44.969793322745424
gamut_006_y,gamut_011_cy,27.674598914843724,48.94640444099808
gamut_006_y,gamut_012_ccycy,30.599928110384763,56.745556768449134
gamut_006_y,gamut_013_ccy,32.89827784715307,62.12214086280261
gamut_006_y,gamut_014_ccyc,37.360811236577085,72.4761189944898
gamut_006_y,gamut_015_ccycc,40.787324917390606,79.59654279652237
gamut_006_y,gamut_016_c,64.59900787255165,123.4922231770691
gamut_006_y,gamut_017_ccmcc,69.4387445272112,122.11251993527065
gamut_006_y,gamut_018_ccmc,71.45231615154674,122.13386998920524
gamut_006_y,gamut_019_ccm,72.36547130904921,119.92278429262106
gamut_006_y,gamut_020_ccmcm,73.143096799455,119.74359583447838
gamut_006_y,gamut_021_cm,74.10813539489,118.59287316878557
gamut_006_y,gamut_022_cmcmm,74.70760640484338,118.32355099081596
gamut_006_y,gamut_023_cmm,75.11125214773496,117.67917223569191
gamut_006_y,gamut_024_mcmm,75.26167549731807,115.87229865512538
gamut_006_y,gamut_025_mmcmm,75.59096337340527,116.11894533337171
gamut_006_y,gamut_026_m,72.1526867993116,111.28892641989644
gamut_006_y,gamut_027_mmymm,59.681265851780005,88.97044192336
gamut_006_y,gamut_028_mmym,55.73987055367563,83.26061332587884
gamut_006_y,gamut_029_mmy,50.280144639677054,75.64732291426569
gamut_006_y,gamut_030_mmymy,46.78092458462668,71.1224462781969
gamut_007_yycyy,gamut_008_ycyy,1.8739819988444892,3.666726664151114
gamut_007_yycyy,gamut_009_cyy,4.271899061859665,7.72435697960295
gamut_007_yycyy,gamut_010_cycyy,4.914317890585309,9.532454149915464
gamut_007_yycyy,gamut_011_cy,6.89815506500926,14.522234452766433
gamut_007_yycyy,gamut_012_ccycy,11.168656878703612,24.686221900608142
gamut_007_yycyy,gamut_013_ccy,14.38655020117666,31.35282053575485
gamut_007_yycyy,gamut_014_ccyc,21.104913960300532,43.90020539501572
gamut_007_yycyy,gamut_015_ccycc,26.713806359790954,52.38629031105729
gamut_007_yycyy,gamut_016_c,56.49481654441553,102.96674064551053
gamut_007_yycyy,gamut_017_ccmcc,56.50328223433286,101.69979379296495
gamut_007_yycyy,gamut_018_ccmc,56.75554801972995,101.73497544493478
gamut_007_yycyy,gamut_019_ccm,56.02448633569786,99.65401659304882
gamut_007_yycyy,gamut_020_ccmcm,55.86492667093398,99.71290065732157
gamut_007_yycyy,gamut_021_cm,65.7893704573998,99.1103158674504
gamut_007_yycyy,gamut_022_cmcmm,66.70583796016523,99.7617164737723
gamut_007_yycyy,gamut_023_cmm,67.08638122539946,99.66626292966338
gamut_007_yycyy,gamut_024_mcmm,67.21834201145386,98.73671504211161
gamut_007_yycyy,gamut_025_mmcmm,68.20697897747745,100.17753918845992
gamut_007_yycyy,gamut_026_m,68.75509096670268,101.59834800983297
gamut_007_yycyy,gamut_027_mmymm,57.175240584093316,80.47877736754714
gamut_007_yycyy,gamut_028_mmym,53.776755721806964,75.4420409663188
gamut_007_yycyy,gamut_029_mmy,48.85216510092341,68.61744841486578
gamut_007_yycyy,gamut_030_mmymy,46.02613515649559,65.09458077942071
gamut_008_ycyy,gamut_009_cyy,2.426900743566271,4.085912330496417
gamut_008_ycyy,gamut_010_cycyy,3.0462194396231266,5.871920275851423
gamut_008_ycyy,gamut_011_cy,5.0698777353229865,10.912361497286186
gamut_008_ycyy,gamut_012_ccycy,9.451116703157028,21.228170246757934
gamut_008_ycyy,gamut_013_ccy,12.730827850360969,27.964778948696278
gamut_008_ycyy,gamut_014_ccyc,19.616426869672317,40.62247396606212
gamut_008_ycyy,gamut_015_ccycc,25.39360971723927,49.174248686901265
gamut_008_ycyy,gamut_016_c,54.89450994480857,100.1081847762915
gamut_008_ycyy,gamut_017_ccmcc,54.82010419552231,98.91043886742017
gamut_008_ycyy,gamut_018_ccmc,55.06181417942657,98.96892873142926
gamut_008_ycyy,gamut_019_ccm,54.368618088661755,96.93043990913594
gamut_008_ycyy,gamut_020_ccmcm,54.23249761019608,97.02096888194038
gamut_008_ycyy,gamut_021_cm,53.590370161734675,96.49062800779751
gamut_008_ycyy,gamut_022_cmcmm,65.77567552447667,97.23495170170621
gamut_008_ycyy,gamut_023_cmm,66.1616506156793,97.20249729557644
gamut_008_ycyy,gamut_024_mcmm,66.30828517654066,96.37947049223429
gamut_008_ycyy,gamut_025_mmcmm,67.3316982832573,97.93454921976394
gamut_008_ycyy,gamut_026_m,68.16207415720167,99.98849640199263
gamut_008_ycyy,gamut_027_mmymm,56.85013528663324,79.22289690103909
gamut_008_ycyy,gamut_028_mmym,53.55369786183715,74.33039143879809
gamut_008_ycyy,gamut_029_mmy,48.75381247948366,67.706781916122
gamut_008_ycyy,gamut_030_mmymy,46.03024519166661,64.35209415770737
gamut_009_cyy,gamut_010_cycyy,0.8368303517663508,1.9442701112579623
gamut_009_cyy,gamut_011_cy,2.997951711705962,7.099722418066177
gamut_009_cyy,gamut_012_ccycy,7.474187570140949,17.558817151418268
gamut_009_cyy,gamut_013_ccy,10.780442479958856,24.339830503286816
gamut_009_cyy,gamut_014_ccyc,17.833575827455075,37.0903518562997
gamut_009_cyy,gamut_015_ccycc,23.805630533517405,45.709570244454284
gamut_009_cyy,gamut_016_c,53.07821831003939,97.01360961805345
gamut_009_cyy,gamut_017_ccmcc,52.81475153538233,95.81629855883406
gamut_009_cyy,gamut_018_ccmc,53.021074849395795,95.87615390342793
gamut_009_cyy,gamut_019_ccm,52.3496806881356,93.86389457765179
gamut_009_cyy,gamut_020_ccmcm,52.23256890336936,93.98072624724776
gamut_009_cyy,gamut_021_cm,51.651799811575394,93.51558310653068
gamut_009_cyy,gamut_022_cmcmm,64.48136415887073,94.35685665102174
gamut_009_cyy,gamut_023_cmm,64.87357885553419,94.3871679703244
gamut_009_cyy,gamut_024_mcmm,65.0379996527599,93.67135575147324
gamut_009_cyy,gamut_025_mmcmm,66.1061508817524,95.35033663156742
gamut_009_cyy,gamut_026_m,67.28674931648294,98.10378237942429
gamut_009_cyy,gamut_027_mmymm,56.27411014961334,77.73135624289425
gamut_009_cyy,gamut_028_mmym,53.092305090075,73.00387091808084
gamut_009_cyy,gamut_029_mmy,48.43454943669542,66.61288821395108
gamut_009_cyy,gamut_030_mmymy,45.841350833876376,63.458931396913485
gamut_010_cycyy,gamut_011_cy,2.181852468527447,5.182063719736761
gamut_010_cycyy,gamut_012_ccycy,6.71464316518748,15.719382685893974
gamut_010_cycyy,gamut_013_ccy,10.058709746340822,22.536749761320618
gamut_010_cycyy,gamut_014_ccyc,17.176152063694406,35.329872523195824
gamut_010_cycyy,gamut_015_ccycc,23.199738934325634,43.96702410735463
gamut_010_cycyy,gamut_016_c,52.19690291677865,95.38796549911774
gamut_010_cycyy,gamut_017_ccmcc,52.03609680141398,94.28696147955631
gamut_010_cycyy,gamut_018_ccmc,52.27932586201214,94.37956973538239
gamut_010_cycyy,gamut_019_ccm,51.66179745843911,92.40910308075203
gamut_010_cycyy,gamut_020_ccmcm,51.57087771342551,92.54923229503639
gamut_010_cycyy,gamut_021_cm,51.04959066724665,92.13385106529685
gamut_010_cycyy,gamut_022_cmcmm,50.58235402577409,93.02503265129003
gamut_010_cycyy,gamut_023_cmm,64.51475806632563,93.09309003381856
gamut_010_cycyy,gamut_024_mcmm,64.69350886996193,92.44180936528365
gamut_010_cycyy,gamut_025_mmcmm,65.77350119597871,94.1773520607949
gamut_010_cycyy,gamut_026_m,67.06522117682105,97.24549786018406
gamut_010_cycyy,gamut_027_mmymm,56.23007090643306,77.11533625766896
gamut_010_cycyy,gamut_028_mmym,53.101752728166595,72.47853567568949
gamut_010_cycyy,gamut_029_mmy,48.50907076419635,66.21674617770019
gamut_010_cycyy,gamut_030_mmymy,45.95149469477975,63.156086359927485
gamut_011_cy,gamut_012_ccycy,4.602670999333248,10.632494274668739
gamut_011_cy,gamut_013_ccy,8.00398755875551,17.496694673247713
gamut_011_cy,gamut_014_ccyc,15.248877030738054,30.347557288760534
gamut_011_cy,gamut_015_ccycc,21.384521892786182,39.0111996647085
gamut_011_cy,gamut_016_c,49.73999499499303,90.65082494339482
gamut_011_cy,gamut_017_ccmcc,49.78766556982987,89.72710192721779
gamut_011_cy,gamut_018_ccmc,50.11063179639021,89.88492409805484
gamut_011_cy,gamut_019_ccm,49.619578517841234,88.00357548194052
gamut_011_cy,gamut_020_ccmcm,49.59224489923367,88.19416843155628
gamut_011_cy,gamut_021_cm,49.21632892021825,87.88911657324765
gamut_011_cy,gamut_022_cmcmm,48.8892010893401,88.89337507660754
gamut_011_cy,gamut_023_cmm,48.631846427774896,89.04787747295674
gamut_011_cy,gamut_024_mcmm,63.246437409290316,88.54700247104091
gamut_011_cy,gamut_025_mmcmm,64.34895000895919,90.41571913820697
gamut_011_cy,gamut_026_m,65.90946758514211,94.25916556618745
gamut_011_cy,gamut_027_mmymm,55.57636427555883,74.7754360649999
gamut_011_cy,gamut_028_mmym,52.59818392024734,70.38586589769466
gamut_011_cy,gamut_029_mmy,48.194204004314344,64.48231076053801
gamut_011_cy,gamut_030_mmymy,45.74628119005993,61.68368510591528
gamut_012_ccycy,gamut_013_ccy,3.445289082413047,6.883881536607268
gamut_012_ccycy,gamut_014_ccyc,10.825690932668076,19.75288281770535
gamut_012_ccycy,gamut_015_ccycc,17.069781366998285,28.427571112798862
gamut_012_ccycy,gamut_016_c,44.34283975917344,80.2781771733132
gamut_012_ccycy,gamut_017_ccmcc,44.77309239147002,79.54575108765836
gamut_012_ccycy,gamut_018_ccmc,45.247783906989106,79.79486573688787
gamut_012_ccycy,gamut_019_ccm,45.002178574184796,78.04981817100669
gamut_012_ccycy,gamut_020_ccmcm,45.100518941934645,78.31748190945858
gamut_012_ccycy,gamut_021_cm,45.00857475124916,78.18642054374254
gamut_012_ccycy,gamut_022_cmcmm,44.949867776121344,79.36725107779154
gamut_012_ccycy,gamut_023_cmm,44.89364121289469,79.66356616474803
gamut_012_ccycy,gamut_024_mcmm,44.63657109944772,79.41840164751702
gamut_012_ccycy,gamut_025_mmcmm,60.06648336317407,81.50811995143323
gamut_012_ccycy,gamut_026_m,62.05283383717368,86.74572053168947
gamut_012_ccycy,gamut_027_mmymm,52.94907745609531,68.66603368731981
gamut_012_ccycy,gamut_028_mmym,50.325668380076486,64.82628353733307
gamut_012_ccycy,gamut_029_mmy,46.38204457311101,59.742483538365654
gamut_012_ccycy,gamut_030_mmymy,44.18647149110779,57.537182984593045
gamut_013_ccy,gamut_014_ccyc,7.440648239499022,12.877322146953501
gamut_013_ccy,gamut_015_ccycc,13.720576184003722,21.566131189792134
gamut_013_ccy,gamut_016_c,40.38948467029857,73.55250663482238
gamut_013_ccy,gamut_017_ccmcc,41.051991858005685,72.87162726766523
gamut_013_ccy,gamut_018_ccmc,41.62584554113972,73.16246170660939
gamut_013_ccy,gamut_019_ccm,41.55502923384732,71.49452869983955
gamut_013_ccy,gamut_020_ccmcm,41.74326119333957,71.80831489141381
gamut_013_ccy,gamut_021_cm,41.85606266677434,71.78638205873935
gamut_013_ccy,gamut_022_cmcmm,41.98577429484003,73.08388069592002
gamut_013_ccy,gamut_023_cmm,42.06779958277205,73.4737721904621
gamut_013_ccy,gamut_024_mcmm,42.04450632845594,73.40084731243752
gamut_013_ccy,gamut_025_mmcmm,42.282664964574025,75.64076512744741
gamut_013_ccy,gamut_026_m,59.025254715311014,81.84961448146333
gamut_013_ccy,gamut_027_mmymm,50.959024611345136,64.85563977838667
gamut_013_ccy,gamut_028_mmym,48.622285205443426,61.4442451527456
gamut_013_ccy,gamut_029_mmy,45.04430955041898,57.0049635569059
gamut_013_ccy,gamut_030_mmymy,43.035887435194965,55.25855905844364
gamut_014_ccyc,gamut_015_ccycc,6.244917889097298,8.706296453023064
gamut_014_ccyc,gamut_016_c,32.01053844659618,60.88461101843462
gamut_014_ccyc,gamut_017_ccmcc,33.39600072295939,60.365276279470706
gamut_014_ccyc,gamut_018_ccmc,34.25012902613541,60.77307099563991
gamut_014_ccyc,gamut_019_ccm,34.63939039872575,59.30302038214101
gamut_014_ccyc,gamut_020_ccmcm,35.032354454882224,59.72597423925585
gamut_014_ccyc,gamut_021_cm,35.60108793139259,59.9593292969595
gamut_014_ccyc,gamut_022_cmcmm,36.04807637406721,61.505729437783884
gamut_014_ccyc,gamut_023_cmm,36.375670104892414,62.10453357591474
gamut_014_ccyc,gamut_024_mcmm,36.77035293352643,62.420710039091546
gamut_014_ccyc,gamut_025_mmcmm,37.05672536544636,64.96631012093853
gamut_014_ccyc,gamut_026_m,36.51806035003337,73.1741943556908
gamut_014_ccyc,gamut_027_mmymm,47.11384874204529,58.81255917370574
gamut_014_ccyc,gamut_028_mmym,45.4029110989198,56.402414051449426
gamut_014_ccyc,gamut_029_mmy,42.62014815330954,53.45556148151591
gamut_014_ccyc,gamut_030_mmymy,40.9694940916714,52.70128025205751
gamut_015_ccycc,gamut_016_c,25.687086008542376,52.26645180792332
gamut_015_ccycc,gamut_017_ccmcc,27.57033047634311,51.985105608285686
gamut_015_ccycc,gamut_018_ccmc,28.634867718587063,52.532217551861685
gamut_015_ccycc,gamut_019_ccm,29.40507217806339,51.2730622248061
gamut_015_ccycc,gamut_020_ccmcm,29.89951752247745,51.80071719095632
gamut_015_ccycc,gamut_021_cm,30.71586507310486,52.27284080605623
gamut_015_ccycc,gamut_022_cmcmm,31.168513351597987,54.02114561408225
gamut_015_ccycc,gamut_023_cmm,31.583663205788568,54.79995130097719
gamut_015_ccycc,gamut_024_mcmm,32.24267852474012,55.4539887926331
gamut_015_ccycc,gamut_025_mmcmm,32.37424450677206,58.2240124964919
gamut_015_ccycc,gamut_026_m,33.18498784629646,67.91883836429824
gamut_015_ccycc,gamut_027_mmymm,39.362174736911605,55.88178404090712
gamut_015_ccycc,gamut_028_mmym,42.346395817170475,54.2962815806678
gamut_015_ccycc,gamut_029_mmy,40.20697052619933,52.5414836400292
gamut_015_ccycc,gamut_030_mmymy,38.913910194611866,52.508806587976764
gamut_016_c,gamut_017_ccmcc,10.071782102985985,11.48586867513884
gamut_016_c,gamut_018_ccmc,13.088078569632946,15.08369363121323
gamut_016_c,gamut_019_ccm,15.85835523589906,18.729081607044105
gamut_016_c,gamut_020_ccmcm,17.166809096462206,20.327721236640798
gamut_016_c,gamut_021_cm,19.617253822573087,23.49497728251999
gamut_016_c,gamut_022_cmcmm,21.44962077086212,25.9438797443899
gamut_016_c,gamut_023_cmm,22.92564464049376,28.09579025551496
gamut_016_c,gamut_024_mcmm,25.178665792160466,31.70817783581257
gamut_016_c,gamut_025_mmcmm,26.701123332341307,34.647475223318914
gamut_016_c,gamut_026_m,32.31869125976743,51.37515733600394
gamut_016_c,gamut_027_mmymm,33.83434947485129,59.83567107997045
gamut_016_c,gamut_028_mmym,34.59663833494174,63.361334289755646
gamut_016_c,gamut_029_mmy,35.94142253307895,68.13443828707662
gamut_016_c,gamut_030_mmymy,36.999285798216526,71.29625788484054
gamut_017_ccmcc,gamut_018_ccmc,3.02065655908501,3.608558008148298
gamut_017_ccmcc,gamut_019_ccm,5.845358430383211,7.39670612460594
gamut_017_ccmcc,gamut_020_ccmcm,7.17853061603365,8.976089215960421
gamut_017_ccmcc,gamut_021_cm,9.749311775650947,12.277691139258604
gamut_017_ccmcc,gamut_022_cmcmm,11.80049256758934,14.984674130144022
gamut_017_ccmcc,gamut_023_cmm,13.405167472577654,17.313809101837588
gamut_017_ccmcc,gamut_024_mcmm,15.893821591862407,21.225406176135518
gamut_017_ccmcc,gamut_025_mmcmm,17.694722374608464,24.547299761635692
gamut_017_ccmcc,gamut_026_m,25.304015544442674,43.12823590861479
gamut_017_ccmcc,gamut_027_mmymm,28.996466609696906,52.49877770377944
gamut_017_ccmcc,gamut_028_mmym,30.544486453842605,56.42952433177862
gamut_017_ccmcc,gamut_029_mmy,32.918312717777724,61.73839447437256
gamut_017_ccmcc,gamut_030_mmymy,34.71894539790933,65.28980674641639
gamut_018_ccmc,gamut_019_ccm,2.955470779413328,4.131974827807667
gamut_018_ccmc,gamut_020_ccmcm,4.316617917582811,5.643323517819324
gamut_018_ccmc,gamut_021_cm,6.994305224380101,9.039431446692848
gamut_018_ccmc,gamut_022_cmcmm,9.216350545306193,11.923909547942044
gamut_018_ccmc,gamut_023_cmm,10.886218324756817,14.338342081426699
gamut_018_ccmc,gamut_024_mcmm,13.477503093193738,18.38011044993041
gamut_018_ccmc,gamut_025_mmcmm,15.411214444739796,21.867205061194632
gamut_018_ccmc,gamut_026_m,23.775498355774932,41.112552249051724
gamut_018_ccmc,gamut_027_mmymm,28.081487945812007,50.78428635427952
gamut_018_ccmc,gamut_028_mmym,29.846869272700854,54.839223019810234
gamut_018_ccmc,gamut_029_mmy,32.49627347619581,60.30786721157128
gamut_018_ccmc,gamut_030_mmymy,34.501613148489724,63.97925264190029
gamut_019_ccm,gamut_020_ccmcm,1.3901769939671735,1.7309634635395028
gamut_019_ccm,gamut_021_cm,4.106914899900896,5.205778082525698
gamut_019_ccm,gamut_022_cmcmm,6.469108703616481,8.498011231308793
gamut_019_ccm,gamut_023_cmm,8.175183104213723,10.957805310014116
gamut_019_ccm,gamut_024_mcmm,10.81865033723733,14.961156168915249
gamut_019_ccm,gamut_025_mmcmm,12.87637150102867,18.738184861548916
gamut_019_ccm,gamut_026_m,21.85256791669438,38.39823645866787
gamut_019_ccm,gamut_027_mmymm,26.64158759550363,47.48100435506184
gamut_019_ccm,gamut_028_mmym,28.597993627321507,51.5364027802959
gamut_019_ccm,gamut_029_mmy,31.492131718885854,57.035034190508895
gamut_019_ccm,gamut_030_mmymy,33.66993933251386,60.76921814676438
gamut_020_ccmcm,gamut_021_cm,2.7311528533593874,3.512675240746511
gamut_020_ccmcm,gamut_022_cmcmm,5.138836387724871,6.848572326892597
gamut_020_ccmcm,gamut_023_cmm,6.85117963491619,9.317107952084674
gamut_020_ccmcm,gamut_024_mcmm,9.512076962124912,13.342331763725142
gamut_020_ccmcm,gamut_025_mmcmm,11.604932230040184,17.15529564228951
gamut_020_ccmcm,gamut_026_m,20.83730758375681,36.98312944006032
gamut_020_ccmcm,gamut_027_mmymm,25.966469725337312,46.31350734349983
gamut_020_ccmcm,gamut_028_mmym,28.04178043323458,50.45474471766701
gamut_020_ccmcm,gamut_029_mmy,31.09293176054295,56.06609525970789
gamut_020_ccmcm,gamut_030_mmymy,33.370878474218514,59.86493879698709
gamut_021_cm,gamut_022_cmcmm,2.5206003291427073,3.6066058946290442
gamut_021_cm,gamut_023_cmm,4.21388905270384,6.00385712585794
gamut_021_cm,gamut_024_mcmm,6.878699237496041,9.958497803394126
gamut_021_cm,gamut_025_mmcmm,9.039998439833376,13.894660631135181
gamut_021_cm,gamut_026_m,18.708360636660473,33.928071706490535
gamut_021_cm,gamut_027_mmymm,24.42001676996236,43.4409141553958
gamut_021_cm,gamut_028_mmym,26.711903114353614,47.714043780386774
gamut_021_cm,gamut_029_mmy,30.053069329330214,53.509439562516555
gamut_021_cm,gamut_030_mmymy,32.51237056758755,57.416090617790964
gamut_022_cmcmm,gamut_023_cmm,1.7165159912450072,2.476396620447264
gamut_022_cmcmm,gamut_024_mcmm,4.415169073965451,6.582833588449441
gamut_022_cmcmm,gamut_025_mmcmm,6.541242513774128,10.355855337391612
gamut_022_cmcmm,gamut_026_m,16.42146796388391,30.472978133625947
gamut_022_cmcmm,gamut_027_mmymm,22.818307999631255,41.05706081173691
gamut_022_cmcmm,gamut_028_mmym,25.33453518402834,45.58494156037721
gamut_022_cmcmm,gamut_029_mmy,28.98482148419995,51.69960871609092
gamut_022_cmcmm,gamut_030_mmymy,31.612551897365577,55.73943813561726
gamut_023_cmm,gamut_024_mcmm,2.7122351197773464,4.144139236133884
gamut_023_cmm,gamut_025_mmcmm,4.8570012342172415,7.911389317460328
gamut_023_cmm,gamut_026_m,14.973737495013319,28.128314353669396
gamut_023_cmm,gamut_027_mmymm,21.745367328290058,39.12310343004692
gamut_023_cmm,gamut_028_mmym,24.399468721598446,43.78564004313992
gamut_023_cmm,gamut_029_mmy,28.239032799966854,50.07406912076599
gamut_023_cmm,gamut_030_mmymy,30.978483016001377,54.194366792078476
gamut_024_mcmm,gamut_025_mmcmm,2.282750323496565,4.209674811851752
gamut_024_mcmm,gamut_026_m,12.699739572286253,24.341193400577783
gamut_024_mcmm,gamut_027_mmymm,19.892684137269207,35.514162654843666
gamut_024_mcmm,gamut_028_mmym,22.73906482137612,40.34636871284926
gamut_024_mcmm,gamut_029_mmy,26.847551434450768,46.86357514574115
gamut_024_mcmm,gamut_030_mmymy,29.748741254757192,51.09329201102256
gamut_025_mmcmm,gamut_026_m,10.606957282763688,20.4113947963373
gamut_025_mmcmm,gamut_027_mmymm,18.49365728937153,33.580083928207856
gamut_025_mmcmm,gamut_028_mmym,21.534671517061536,38.747944861923386
gamut_025_mmcmm,gamut_029_mmy,25.91470411440992,45.656887500748496
gamut_025_mmcmm,gamut_030_mmymy,28.950806537288504,50.0164550356115
gamut_026_m,gamut_027_mmymm,11.050683699535682,23.397943513079213
gamut_026_m,gamut_028_mmym,14.649515794822246,29.33751305364941
gamut_026_m,gamut_029_mmy,19.896995913939428,37.25710943208337
gamut_026_m,gamut_030_mmymy,23.269255007797266,41.753316848458226
gamut_027_mmymm,gamut_028_mmym,3.6995495216265852,5.967608377965277
gamut_027_mmymm,gamut_029_mmy,9.045719158338699,13.894223682185572
gamut_027_mmymm,gamut_030_mmymy,12.461034842267907,18.463232335631798
gamut_028_mmym,gamut_029_mmy,5.350850676411679,7.937388119847875
gamut_028_mmym,gamut_030_mmymy,8.75428075361998,12.50888679170409
gamut_029_mmy,gamut_030_mmymy,3.450742921136178,4.655707849250882
