role,local_corner_label,anchor_token,vertex_index,x_px,y_px,sample_R,sample_G,sample_B,anchor_deltaE00,position_vertex_index,position_disagrees,inferred_geometry,inference_note,registration_score_deltaE00_sum,mask_pixels,triangle_area_px2,orientation_permuted,used_white_vertex_inference,used_manual_registration_override,source_path,filename,photo_id,corner_label,filename_label,condition,condition_source,capture_number,bottom_left_anchor,top_anchor,bottom_right_anchor,palette_family,analysis_id,analysis_scale
bottom_left,C,c,-2,1381.2631578947369,1141.1052631578948,0.38823530077934265,0.5647059082984924,0.7490196228027344,21.43491650460647,-2,0,1,manual_override:full__cym__cmyfullDSC_4513,44.01303598922023,516843,510029.02631578944,0,0,1,LayerLoomPhotos100NCZ_5/centered_4x3_tif/cmyfullDSC_4513.tif,cmyfullDSC_4513.tif,DSC_4513,cym,cmy,full,filename_prefix,4513,c,y,m,CMY,full__cym__cmyfullDSC_4513,0.5452893062708271
top,Y,y,-2,836.0,202.0,0.8352941274642944,0.7333333492279053,0.34117648005485535,12.059077181753468,-2,0,1,manual_override:full__cym__cmyfullDSC_4513,44.01303598922023,516843,510029.02631578944,0,0,1,LayerLoomPhotos100NCZ_5/centered_4x3_tif/cmyfullDSC_4513.tif,cmyfullDSC_4513.tif,DSC_4513,cym,cmy,full,filename_prefix,4513,c,y,m,CMY,full__cym__cmyfullDSC_4513,0.5452893062708271
bottom_right,M,m,-2,295.0,1141.0,0.772549033164978,0.3294117748737335,0.545098066329956,10.51904230286029,-2,0,1,manual_override:full__cym__cmyfullDSC_4513,44.01303598922023,516843,510029.02631578944,0,0,1,LayerLoomPhotos100NCZ_5/centered_4x3_tif/cmyfullDSC_4513.tif,cmyfullDSC_4513.tif,DSC_4513,cym,cmy,full,filename_prefix,4513,c,y,m,CMY,full__cym__cmyfullDSC_4513,0.5452893062708271
bottom_left,C,c,-2,264.3157894736842,1142.5263157894738,0.3843137323856354,0.6392157077789307,0.8196078538894653,15.744022046048809,-2,0,1,manual_override:full__cwy__cwyDSC_4517,40.645569675426685,596460,605895.9307479223,0,1,1,LayerLoomPhotos100NCZ_5/centered_4x3_tif/cwyDSC_4517.tif,cwyDSC_4517.tif,DSC_4517,cwy,cwy,full,capture_number,4517,c,w,y,CMY+neutral,full__cwy__cwyDSC_4517,0.5891980360065466
top,Y,w,-2,862.578947368421,113.68421052631578,0.843137264251709,0.8901960849761963,0.7333333492279053,16.456752746694054,-2,0,1,manual_override:full__cwy__cwyDSC_4517,40.645569675426685,596460,605895.9307479223,0,1,1,LayerLoomPhotos100NCZ_5/centered_4x3_tif/cwyDSC_4517.tif,cwyDSC_4517.tif,DSC_4517,cwy,cwy,full,capture_number,4517,c,w,y,CMY+neutral,full__cwy__cwyDSC_4517,0.5891980360065466
bottom_right,M,y,-2,1443.7894736842104,1139.6842105263158,0.8823529481887817,0.8745098114013672,0.30588236451148987,8.444794882683821,-2,0,1,manual_override:full__cwy__cwyDSC_4517,40.645569675426685,596460,605895.9307479223,0,1,1,LayerLoomPhotos100NCZ_5/centered_4x3_tif/cwyDSC_4517.tif,cwyDSC_4517.tif,DSC_4517,cwy,cwy,full,capture_number,4517,c,w,y,CMY+neutral,full__cwy__cwyDSC_4517,0.5891980360065466
bottom_left,C,c,-2,282.7894736842105,1129.7368421052631,0.4117647111415863,0.6039215922355652,0.8549019694328308,21.805998544334376,-2,0,1,manual_override:full__cwm__cwmDSC_4519,47.11024728389895,606687,604998.3116343489,0,1,1,LayerLoomPhotos100NCZ_5/centered_4x3_tif/cwmDSC_4519.tif,cwmDSC_4519.tif,DSC_4519,cwm,cwm,full,capture_number,4519,c,w,m,CMY+neutral,full__cwm__cwmDSC_4519,0.5913272010512484
top,Y,w,-2,888.1578947368421,116.52631578947368,0.7803921699523926,0.7490196228027344,0.8509804010391235,16.640096097257686,-2,0,1,manual_override:full__cwm__cwmDSC_4519,47.11024728389895,606687,604998.3116343489,0,1,1,LayerLoomPhotos100NCZ_5/centered_4x3_tif/cwmDSC_4519.tif,cwmDSC_4519.tif,DSC_4519,cwm,cwm,full,capture_number,4519,c,w,m,CMY+neutral,full__cwm__cwmDSC_4519,0.5913272010512484
bottom_right,M,m,-2,1469.3684210526314,1142.5263157894738,0.7764706015586853,0.32156863808631897,0.6274510025978088,8.66415264230689,-2,0,1,manual_override:full__cwm__cwmDSC_4519,47.11024728389895,606687,604998.3116343489,0,1,1,LayerLoomPhotos100NCZ_5/centered_4x3_tif/cwmDSC_4519.tif,cwmDSC_4519.tif,DSC_4519,cwm,cwm,full,capture_number,4519,c,w,m,CMY+neutral,full__cwm__cwmDSC_4519,0.5913272010512484
bottom_left,C,y,-2,275.6842105263158,1122.6315789473683,0.9803921580314636,0.772549033164978,0.3607843220233917,11.896092405244419,-2,0,1,manual_override:full__ywm__DSC_4523ywm,40.31807869586173,578633,594789.2825484764,0,1,1,LayerLoomPhotos100NCZ_5/centered_4x3_tif/DSC_4523ywm.tif,DSC_4523ywm.tif,DSC_4523,ywm,ywm,full,capture_number,4523,y,w,m,CMY+neutral,full__ywm__DSC_4523ywm,0.5872756933115824
top,Y,w,-2,879.6315789473684,117.94736842105264,0.9411764740943909,0.8352941274642944,0.7215686440467834,14.717528558279664,-2,0,1,manual_override:full__ywm__DSC_4523ywm,40.31807869586173,578633,594789.2825484764,0,1,1,LayerLoomPhotos100NCZ_5/centered_4x3_tif/DSC_4523ywm.tif,DSC_4523ywm.tif,DSC_4523,ywm,ywm,full,capture_number,4523,y,w,m,CMY+neutral,full__ywm__DSC_4523ywm,0.5872756933115824
bottom_right,M,m,-2,1453.7368421052631,1132.578947368421,0.8549019694328308,0.3490196168422699,0.5803921818733215,13.70445773233764,-2,0,1,manual_override:full__ywm__DSC_4523ywm,40.31807869586173,578633,594789.2825484764,0,1,1,LayerLoomPhotos100NCZ_5/centered_4x3_tif/DSC_4523ywm.tif,DSC_4523ywm.tif,DSC_4523,ywm,ywm,full,capture_number,4523,y,w,m,CMY+neutral,full__ywm__DSC_4523ywm,0.5872756933115824
bottom_left,C,y,-2,278.5263157894737,1126.8947368421052,0.9686274528503418,0.7137255072593689,0.364705890417099,17.650106361032027,-2,0,1,manual_override:full__ywm__DSC_4524ywm,47.04993151887907,580447,599573.2188365652,0,1,1,LayerLoomPhotos100NCZ_5/centered_4x3_tif/DSC_4524ywm.tif,DSC_4524ywm.tif,DSC_4524,ywm,ywm,full,capture_number,4524,y,w,m,CMY+neutral,full__ywm__DSC_4524ywm,0.5884275907159202
top,Y,w,-2,882.4736842105262,116.52631578947368,0.9450980424880981,0.843137264251709,0.7176470756530762,14.938788737201074,-2,0,1,manual_override:full__ywm__DSC_4524ywm,47.04993151887907,580447,599573.2188365652,0,1,1,LayerLoomPhotos100NCZ_5/centered_4x3_tif/DSC_4524ywm.tif,DSC_4524ywm.tif,DSC_4524,ywm,ywm,full,capture_number,4524,y,w,m,CMY+neutral,full__ywm__DSC_4524ywm,0.5884275907159202
bottom_right,M,m,-2,1459.421052631579,1136.842105263158,0.8549019694328308,0.35686275362968445,0.5686274766921997,14.46103642064597,-2,0,1,manual_override:full__ywm__DSC_4524ywm,47.04993151887907,580447,599573.2188365652,0,1,1,LayerLoomPhotos100NCZ_5/centered_4x3_tif/DSC_4524ywm.tif,DSC_4524ywm.tif,DSC_4524,ywm,ywm,full,capture_number,4524,y,w,m,CMY+neutral,full__ywm__DSC_4524ywm,0.5884275907159202
bottom_left,C,c,-2,337.0,1132.0,0.48627451062202454,0.7215686440467834,0.8235294222831726,9.512541876308964,-2,0,1,manual_override:full__cly__clyDSC_4529,27.860148676982725,517729,510794.02631578944,0,0,1,LayerLoomPhotos100NCZ_5/centered_4x3_tif/clyDSC_4529.tif,clyDSC_4529.tif,DSC_4529,cly,cly,full,capture_number,4529,c,l,y,CMY+neutral,full__cly__clyDSC_4529,0.5442999697611128
top,Y,l,-2,892.421052631579,200.3684210526316,0.7529411911964417,0.7647058963775635,0.7411764860153198,1.8821867418870109,-2,0,1,manual_override:full__cly__clyDSC_4529,27.860148676982725,517729,510794.02631578944,0,0,1,LayerLoomPhotos100NCZ_5/centered_4x3_tif/clyDSC_4529.tif,clyDSC_4529.tif,DSC_4529,cly,cly,full,capture_number,4529,c,l,y,CMY+neutral,full__cly__clyDSC_4529,0.5442999697611128
bottom_right,M,y,-2,1427.0,1143.0,0.7686274647712708,0.8549019694328308,0.43921568989753723,16.46542005878675,-2,0,1,manual_override:full__cly__clyDSC_4529,27.860148676982725,517729,510794.02631578944,0,0,1,LayerLoomPhotos100NCZ_5/centered_4x3_tif/clyDSC_4529.tif,clyDSC_4529.tif,DSC_4529,cly,cly,full,capture_number,4529,c,l,y,CMY+neutral,full__cly__clyDSC_4529,0.5442999697611128
bottom_left,C,c,-2,357.0,1114.0,0.5058823823928833,0.6666666865348816,0.8509804010391235,17.888179768241592,-2,0,1,manual_override:full__clm__clmDSC_4531,40.286621676159115,514282,501573.8684210528,0,0,1,LayerLoomPhotos100NCZ_5/centered_4x3_tif/clmDSC_4531.tif,clmDSC_4531.tif,DSC_4531,clm,clm,full,capture_number,4531,c,l,m,CMY+neutral,full__clm__clmDSC_4531,0.5418422636965683
top,Y,l,-2,920.842105263158,201.7894736842105,0.7490196228027344,0.7450980544090271,0.7568627595901489,6.3263907445452245,-2,0,1,manual_override:full__clm__clmDSC_4531,40.286621676159115,514282,501573.8684210528,0,0,1,LayerLoomPhotos100NCZ_5/centered_4x3_tif/clmDSC_4531.tif,clmDSC_4531.tif,DSC_4531,clm,clm,full,capture_number,4531,c,l,m,CMY+neutral,full__clm__clmDSC_4531,0.5418422636965683
bottom_right,M,m,-2,1440.0,1141.0,0.7686274647712708,0.4431372582912445,0.7137255072593689,16.0720511633723,-2,0,1,manual_override:full__clm__clmDSC_4531,40.286621676159115,514282,501573.8684210528,0,0,1,LayerLoomPhotos100NCZ_5/centered_4x3_tif/clmDSC_4531.tif,clmDSC_4531.tif,DSC_4531,clm,clm,full,capture_number,4531,c,l,m,CMY+neutral,full__clm__clmDSC_4531,0.5418422636965683
bottom_left,C,y,-2,351.0,1126.8947368421052,0.9450980424880981,0.7490196228027344,0.45490196347236633,16.229186924788,-2,0,1,manual_override:full__ylm__DSC_4534ylm,38.50980158604451,519310,508251.44044321345,0,0,1,LayerLoomPhotos100NCZ_5/centered_4x3_tif/DSC_4534ylm.tif,DSC_4534ylm.tif,DSC_4534,ylm,ylm,full,capture_number,4534,y,l,m,CMY+neutral,full__ylm__DSC_4534ylm,0.5452893062708271
top,Y,l,-2,918.0,205.0,0.772549033164978,0.7607843279838562,0.7333333492279053,2.565538340120455,-2,0,1,manual_override:full__ylm__DSC_4534ylm,38.50980158604451,519310,508251.44044321345,0,0,1,LayerLoomPhotos100NCZ_5/centered_4x3_tif/DSC_4534ylm.tif,DSC_4534ylm.tif,DSC_4534,ylm,ylm,full,capture_number,4534,y,l,m,CMY+neutral,full__ylm__DSC_4534ylm,0.5452893062708271
bottom_right,M,m,-2,1446.6315789473683,1138.2631578947369,0.8509804010391235,0.47058823704719543,0.6352941393852234,19.715076321136056,-2,0,1,manual_override:full__ylm__DSC_4534ylm,38.50980158604451,519310,508251.44044321345,0,0,1,LayerLoomPhotos100NCZ_5/centered_4x3_tif/DSC_4534ylm.tif,DSC_4534ylm.tif,DSC_4534,ylm,ylm,full,capture_number,4534,y,l,m,CMY+neutral,full__ylm__DSC_4534ylm,0.5452893062708271
bottom_left,C,c,-2,351.0,1134.0,0.45098039507865906,0.6823529601097107,0.8039215803146362,11.62645752070171,-2,0,1,manual_override:full__cny__cnyDSC_4536,36.838976789894275,512874,506640.0,0,0,1,LayerLoomPhotos100NCZ_5/centered_4x3_tif/cnyDSC_4536.tif,cnyDSC_4536.tif,DSC_4536,cny,cny,full,capture_number,4536,c,n,y,CMY+neutral,full__cny__cnyDSC_4536,0.5408653846153846
top,Y,n,-2,901.0,204.0,0.4745098054409027,0.4901960790157318,0.4588235318660736,9.158487343245906,-2,0,1,manual_override:full__cny__cnyDSC_4536,36.838976789894275,512874,506640.0,0,0,1,LayerLoomPhotos100NCZ_5/centered_4x3_tif/cnyDSC_4536.tif,cnyDSC_4536.tif,DSC_4536,cny,cny,full,capture_number,4536,c,n,y,CMY+neutral,full__cny__cnyDSC_4536,0.5408653846153846
bottom_right,M,y,-2,1437.0,1140.0,0.7450980544090271,0.8078431487083435,0.3960784375667572,16.054031925946656,-2,0,1,manual_override:full__cny__cnyDSC_4536,36.838976789894275,512874,506640.0,0,0,1,LayerLoomPhotos100NCZ_5/centered_4x3_tif/cnyDSC_4536.tif,cnyDSC_4536.tif,DSC_4536,cny,cny,full,capture_number,4536,c,n,y,CMY+neutral,full__cny__cnyDSC_4536,0.5408653846153846
bottom_left,C,c,-2,371.0,1121.0,0.4745098054409027,0.6392157077789307,0.8313725590705872,18.856459262043032,-2,0,1,manual_override:full__cnm__DSC_4539cnm,40.05892743193275,518619,503373.0,0,0,1,LayerLoomPhotos100NCZ_5/centered_4x3_tif/DSC_4539cnm.tif,DSC_4539cnm.tif,DSC_4539,cnm,cnm,full,capture_number,4539,c,n,m,CMY+neutral,full__cnm__DSC_4539cnm,0.5438066465256798
top,Y,n,-2,926.0,203.0,0.4941176474094391,0.48235294222831726,0.5058823823928833,8.377453751985291,-2,0,1,manual_override:full__cnm__DSC_4539cnm,40.05892743193275,518619,503373.0,0,0,1,LayerLoomPhotos100NCZ_5/centered_4x3_tif/DSC_4539cnm.tif,DSC_4539cnm.tif,DSC_4539,cnm,cnm,full,capture_number,4539,c,n,m,CMY+neutral,full__cnm__DSC_4539cnm,0.5438066465256798
bottom_right,M,m,-2,1458.0,1137.0,0.7411764860153198,0.4000000059604645,0.6549019813537598,12.825014417904429,-2,0,1,manual_override:full__cnm__DSC_4539cnm,40.05892743193275,518619,503373.0,0,0,1,LayerLoomPhotos100NCZ_5/centered_4x3_tif/DSC_4539cnm.tif,DSC_4539cnm.tif,DSC_4539,cnm,cnm,full,capture_number,4539,c,n,m,CMY+neutral,full__cnm__DSC_4539cnm,0.5438066465256798
bottom_left,C,y,-2,342.4736842105263,1131.157894736842,0.9333333373069763,0.729411780834198,0.4000000059604645,15.66185987547467,-2,0,1,manual_override:full__ynm__DSC_4541ynm,40.90114959371226,515690,508516.4473684209,0,0,1,LayerLoomPhotos100NCZ_5/centered_4x3_tif/DSC_4541ynm.tif,DSC_4541ynm.tif,DSC_4541,ynm,ynm,full,capture_number,4541,y,n,m,CMY+neutral,full__ynm__DSC_4541ynm,0.5408653846153846
top,Y,n,-2,916.0,203.0,0.5058823823928833,0.4745098054409027,0.45098039507865906,10.41681080021575,-2,0,1,manual_override:full__ynm__DSC_4541ynm,40.90114959371226,515690,508516.4473684209,0,0,1,LayerLoomPhotos100NCZ_5/centered_4x3_tif/DSC_4541ynm.tif,DSC_4541ynm.tif,DSC_4541,ynm,ynm,full,capture_number,4541,y,n,m,CMY+neutral,full__ynm__DSC_4541ynm,0.5408653846153846
bottom_right,M,m,-2,1434.0,1138.0,0.7803921699523926,0.4156862795352936,0.615686297416687,14.822478918021844,-2,0,1,manual_override:full__ynm__DSC_4541ynm,40.90114959371226,515690,508516.4473684209,0,0,1,LayerLoomPhotos100NCZ_5/centered_4x3_tif/DSC_4541ynm.tif,DSC_4541ynm.tif,DSC_4541,ynm,ynm,full,capture_number,4541,y,n,m,CMY+neutral,full__ynm__DSC_4541ynm,0.5408653846153846
bottom_left,C,c,-2,343.89473684210526,1129.7368421052631,0.45490196347236633,0.7058823704719543,0.7764706015586853,8.061931046866118,-2,0,1,manual_override:full__cky__DSC_4542cky,39.36015067772344,516826,506136.21052631584,0,0,1,LayerLoomPhotos100NCZ_5/centered_4x3_tif/DSC_4542cky.tif,DSC_4542cky.tif,DSC_4542,cky,cky,full,capture_number,4542,c,k,y,CMY+neutral,full__cky__DSC_4542cky,0.5469462169553327
top,Y,k,-2,906.0,203.0,0.21960784494876862,0.21960784494876862,0.21960784494876862,11.302359028342003,-2,0,1,manual_override:full__cky__DSC_4542cky,39.36015067772344,516826,506136.21052631584,0,0,1,LayerLoomPhotos100NCZ_5/centered_4x3_tif/DSC_4542cky.tif,DSC_4542cky.tif,DSC_4542,cky,cky,full,capture_number,4542,c,k,y,CMY+neutral,full__cky__DSC_4542cky,0.5469462169553327
bottom_right,M,y,-2,1433.0,1135.0,0.6549019813537598,0.7137255072593689,0.35686275362968445,19.99586060251532,-2,0,1,manual_override:full__cky__DSC_4542cky,39.36015067772344,516826,506136.21052631584,0,0,1,LayerLoomPhotos100NCZ_5/centered_4x3_tif/DSC_4542cky.tif,DSC_4542cky.tif,DSC_4542,cky,cky,full,capture_number,4542,c,k,y,CMY+neutral,full__cky__DSC_4542cky,0.5469462169553327
bottom_left,C,k,-2,382.2631578947368,1126.8947368421052,0.20392157137393951,0.20000000298023224,0.20392157137393951,9.850230386830441,-2,0,1,manual_override:full__kcm__DSC_4544kcm,42.51661277389565,518203,502016.459833795,0,0,1,LayerLoomPhotos100NCZ_5/centered_4x3_tif/DSC_4544kcm.tif,DSC_4544kcm.tif,DSC_4544,kcm,kcm,full,capture_number,4544,k,c,m,CMY+neutral,full__kcm__DSC_4544kcm,0.5469462169553327
top,Y,c,-2,945.0,206.05263157894737,0.4470588266849518,0.615686297416687,0.7921568751335144,18.839374981472957,-2,0,1,manual_override:full__kcm__DSC_4544kcm,42.51661277389565,518203,502016.459833795,0,0,1,LayerLoomPhotos100NCZ_5/centered_4x3_tif/DSC_4544kcm.tif,DSC_4544kcm.tif,DSC_4544,kcm,kcm,full,capture_number,4544,k,c,m,CMY+neutral,full__kcm__DSC_4544kcm,0.5469462169553327
bottom_right,M,m,-2,1466.5263157894738,1136.842105263158,0.658823549747467,0.4117647111415863,0.658823549747467,13.827007405592257,-2,0,1,manual_override:full__kcm__DSC_4544kcm,42.51661277389565,518203,502016.459833795,0,0,1,LayerLoomPhotos100NCZ_5/centered_4x3_tif/DSC_4544kcm.tif,DSC_4544kcm.tif,DSC_4544,kcm,kcm,full,capture_number,4544,k,c,m,CMY+neutral,full__kcm__DSC_4544kcm,0.5469462169553327
bottom_left,C,m,-2,356.6842105263158,1129.7368421052631,0.8705882430076599,0.4745098054409027,0.5960784554481506,21.51260750064794,-2,0,1,manual_override:full__mky__DSC_4547mky,49.062860380024645,516882,505482.3157894737,0,0,1,LayerLoomPhotos100NCZ_5/centered_4x3_tif/DSC_4547mky.tif,DSC_4547mky.tif,DSC_4547,mky,mky,full,capture_number,4547,m,k,y,CMY+neutral,full__mky__DSC_4547mky,0.5469462169553327
top,Y,k,-2,914.0,203.0,0.21176470816135406,0.2078431397676468,0.21176470816135406,10.486185277475288,-2,0,1,manual_override:full__mky__DSC_4547mky,49.062860380024645,516882,505482.3157894737,0,0,1,LayerLoomPhotos100NCZ_5/centered_4x3_tif/DSC_4547mky.tif,DSC_4547mky.tif,DSC_4547,mky,mky,full,capture_number,4547,m,k,y,CMY+neutral,full__mky__DSC_4547mky,0.5469462169553327
bottom_right,M,y,-2,1442.0,1139.0,0.8470588326454163,0.6784313917160034,0.364705890417099,17.06406760190142,-2,0,1,manual_override:full__mky__DSC_4547mky,49.062860380024645,516882,505482.3157894737,0,0,1,LayerLoomPhotos100NCZ_5/centered_4x3_tif/DSC_4547mky.tif,DSC_4547mky.tif,DSC_4547,mky,mky,full,capture_number,4547,m,k,y,CMY+neutral,full__mky__DSC_4547mky,0.5469462169553327
bottom_left,C,c,-2,367.0,1116.0,0.5058823823928833,0.658823549747467,0.7843137383460999,15.487014427556739,-2,0,1,manual_override:full__coy__DSC_4549coy,52.34600222829877,512838,497759.44736842124,0,0,1,LayerLoomPhotos100NCZ_5/centered_4x3_tif/DSC_4549coy.tif,DSC_4549coy.tif,DSC_4549,coy,coy,full,capture_number,4549,c,o,y,CMY+OVG,full__coy__DSC_4549coy,0.5442999697611128
top,Y,o,-2,925.1052631578948,206.05263157894737,1.0,0.48627451062202454,0.3921568691730499,14.480254039629441,-2,0,1,manual_override:full__coy__DSC_4549coy,52.34600222829877,512838,497759.44736842124,0,0,1,LayerLoomPhotos100NCZ_5/centered_4x3_tif/DSC_4549coy.tif,DSC_4549coy.tif,DSC_4549,coy,coy,full,capture_number,4549,c,o,y,CMY+OVG,full__coy__DSC_4549coy,0.5442999697611128
bottom_right,M,y,-2,1450.0,1134.0,1.0,0.7058823704719543,0.42352941632270813,22.37873376111259,-2,0,1,manual_override:full__coy__DSC_4549coy,52.34600222829877,512838,497759.44736842124,0,0,1,LayerLoomPhotos100NCZ_5/centered_4x3_tif/DSC_4549coy.tif,DSC_4549coy.tif,DSC_4549,coy,coy,full,capture_number,4549,c,o,y,CMY+OVG,full__coy__DSC_4549coy,0.5442999697611128
bottom_left,C,c,-2,374.0,1125.0,0.5215686559677124,0.6274510025978088,0.800000011920929,20.900778605668734,-2,0,1,manual_override:full__com__DSC_4551com,51.560684978234804,514648,502294.0526315791,0,0,1,LayerLoomPhotos100NCZ_5/centered_4x3_tif/DSC_4551com.tif,DSC_4551com.tif,DSC_4551,com,com,full,capture_number,4551,c,o,m,CMY+OVG,full__com__DSC_4551com,0.5462822458270106
top,Y,o,-2,920.842105263158,204.6315789473684,0.9450980424880981,0.45490196347236633,0.364705890417099,14.629309219011834,-2,0,1,manual_override:full__com__DSC_4551com,51.560684978234804,514648,502294.0526315791,0,0,1,LayerLoomPhotos100NCZ_5/centered_4x3_tif/DSC_4551com.tif,DSC_4551com.tif,DSC_4551,com,com,full,capture_number,4551,c,o,m,CMY+OVG,full__com__DSC_4551com,0.5462822458270106
bottom_right,M,m,-2,1456.0,1141.0,0.8392156958580017,0.41960784792900085,0.6470588445663452,16.030597153554243,-2,0,1,manual_override:full__com__DSC_4551com,51.560684978234804,514648,502294.0526315791,0,0,1,LayerLoomPhotos100NCZ_5/centered_4x3_tif/DSC_4551com.tif,DSC_4551com.tif,DSC_4551,com,com,full,capture_number,4551,c,o,m,CMY+OVG,full__com__DSC_4551com,0.5462822458270106
bottom_left,C,y,-2,403.578947368421,1121.2105263157894,1.0,0.6823529601097107,0.46666666865348816,27.349433246007855,-2,0,1,manual_override:full__yom__DSC_4553yom,68.0185601509751,511886,498813.89473684237,0,0,1,LayerLoomPhotos100NCZ_5/centered_4x3_tif/DSC_4553yom.tif,DSC_4553yom.tif,DSC_4553,yom,yom,full,capture_number,4553,y,o,m,CMY+OVG,full__yom__DSC_4553yom,0.5434782608695652
top,Y,o,-2,968.0,204.0,1.0,0.46666666865348816,0.4274509847164154,18.479182004159473,-2,0,1,manual_override:full__yom__DSC_4553yom,68.0185601509751,511886,498813.89473684237,0,0,1,LayerLoomPhotos100NCZ_5/centered_4x3_tif/DSC_4553yom.tif,DSC_4553yom.tif,DSC_4553,yom,yom,full,capture_number,4553,y,o,m,CMY+OVG,full__yom__DSC_4553yom,0.5434782608695652
bottom_right,M,m,-2,1484.0,1133.0,0.9333333373069763,0.45490196347236633,0.5921568870544434,22.189944900807774,-2,0,1,manual_override:full__yom__DSC_4553yom,68.0185601509751,511886,498813.89473684237,0,0,1,LayerLoomPhotos100NCZ_5/centered_4x3_tif/DSC_4553yom.tif,DSC_4553yom.tif,DSC_4553,yom,yom,full,capture_number,4553,y,o,m,CMY+OVG,full__yom__DSC_4553yom,0.5434782608695652
bottom_left,C,c,-2,305.5263157894737,1126.8947368421052,0.48627451062202454,0.7058823704719543,0.8392156958580017,12.056359301094414,-2,0,1,manual_override:full__cvy__DSC_4561cvy,41.05574630316547,517249,500675.4722991688,0,0,1,LayerLoomPhotos100NCZ_5/centered_4x3_tif/DSC_4561cvy.tif,DSC_4561cvy.tif,DSC_4561,cvy,cvy,full,capture_number,4561,c,v,y,CMY+OVG,full__cvy__DSC_4561cvy,0.5477784540474742
top,Y,v,-2,864.0,208.8947368421053,0.545098066329956,0.4627451002597809,0.7607843279838562,13.547229950327837,-2,0,1,manual_override:full__cvy__DSC_4561cvy,41.05574630316547,517249,500675.4722991688,0,0,1,LayerLoomPhotos100NCZ_5/centered_4x3_tif/DSC_4561cvy.tif,DSC_4561cvy.tif,DSC_4561,cvy,cvy,full,capture_number,4561,c,v,y,CMY+OVG,full__cvy__DSC_4561cvy,0.5477784540474742
bottom_right,M,y,-2,1392.0,1134.0,0.7686274647712708,0.7764706015586853,0.4313725531101227,15.452157051743223,-2,0,1,manual_override:full__cvy__DSC_4561cvy,41.05574630316547,517249,500675.4722991688,0,0,1,LayerLoomPhotos100NCZ_5/centered_4x3_tif/DSC_4561cvy.tif,DSC_4561cvy.tif,DSC_4561,cvy,cvy,full,capture_number,4561,c,v,y,CMY+OVG,full__cvy__DSC_4561cvy,0.5477784540474742
bottom_left,C,v,-2,332.5263157894737,1136.842105263158,0.529411792755127,0.4117647111415863,0.7529411911964417,11.108576493421404,-2,0,1,manual_override:full__vcm__DSC_4563vcm,48.01742188851647,521984,513180.8850415511,0,0,1,LayerLoomPhotos100NCZ_5/centered_4x3_tif/DSC_4563vcm.tif,DSC_4563vcm.tif,DSC_4563,vcm,vcm,full,capture_number,4563,v,c,m,CMY+OVG,full__vcm__DSC_4563vcm,0.5497861942577886
top,Y,c,-2,889.0,202.0,0.5098039507865906,0.6313725709915161,0.8745098114013672,22.71970642475359,-2,0,1,manual_override:full__vcm__DSC_4563vcm,48.01742188851647,521984,513180.8850415511,0,0,1,LayerLoomPhotos100NCZ_5/centered_4x3_tif/DSC_4563vcm.tif,DSC_4563vcm.tif,DSC_4563,vcm,vcm,full,capture_number,4563,v,c,m,CMY+OVG,full__vcm__DSC_4563vcm,0.5497861942577886
bottom_right,M,m,-2,1429.578947368421,1138.2631578947369,0.7333333492279053,0.4117647111415863,0.7254902124404907,14.18913897034148,-2,0,1,manual_override:full__vcm__DSC_4563vcm,48.01742188851647,521984,513180.8850415511,0,0,1,LayerLoomPhotos100NCZ_5/centered_4x3_tif/DSC_4563vcm.tif,DSC_4563vcm.tif,DSC_4563,vcm,vcm,full,capture_number,4563,v,c,m,CMY+OVG,full__vcm__DSC_4563vcm,0.5497861942577886
bottom_left,C,m,-2,318.3157894736842,1138.2631578947369,0.8745098114013672,0.42352941632270813,0.6392157077789307,17.37553899212707,-2,0,1,manual_override:full__mvy__DSC_4565mvy,50.911672917003415,519842,512351.9252077562,0,0,1,LayerLoomPhotos100NCZ_5/centered_4x3_tif/DSC_4565mvy.tif,DSC_4565mvy.tif,DSC_4565,mvy,mvy,full,capture_number,4565,m,v,y,CMY+OVG,full__mvy__DSC_4565mvy,0.5491153142159854
top,Y,v,-2,877.0,203.0,0.5529412031173706,0.4313725531101227,0.7372549176216125,13.213359587330645,-2,0,1,manual_override:full__mvy__DSC_4565mvy,50.911672917003415,519842,512351.9252077562,0,0,1,LayerLoomPhotos100NCZ_5/centered_4x3_tif/DSC_4565mvy.tif,DSC_4565mvy.tif,DSC_4565,mvy,mvy,full,capture_number,4565,m,v,y,CMY+OVG,full__mvy__DSC_4565mvy,0.5491153142159854
bottom_right,M,y,-2,1413.9473684210525,1138.2631578947369,0.9254902005195618,0.7058823704719543,0.45490196347236633,20.3227743375457,-2,0,1,manual_override:full__mvy__DSC_4565mvy,50.911672917003415,519842,512351.9252077562,0,0,1,LayerLoomPhotos100NCZ_5/centered_4x3_tif/DSC_4565mvy.tif,DSC_4565mvy.tif,DSC_4565,mvy,mvy,full,capture_number,4565,m,v,y,CMY+OVG,full__mvy__DSC_4565mvy,0.5491153142159854
bottom_left,C,c,-2,325.42105263157896,1139.6842105263158,0.4588235318660736,0.7176470756530762,0.8117647171020508,8.384551489320991,-2,0,1,manual_override:full__cgy__DSC_4566cgy,34.69775596856084,521229,510501.5,0,0,1,LayerLoomPhotos100NCZ_5/centered_4x3_tif/DSC_4566cgy.tif,DSC_4566cgy.tif,DSC_4566,cgy,cgy,full,capture_number,4566,c,g,y,CMY+OVG,full__cgy__DSC_4566cgy,0.5462822458270106
top,Y,g,-2,870.0,203.0,0.47843137383461,0.8274509906768799,0.529411792755127,8.459200648698662,-2,0,1,manual_override:full__cgy__DSC_4566cgy,34.69775596856084,521229,510501.5,0,0,1,LayerLoomPhotos100NCZ_5/centered_4x3_tif/DSC_4566cgy.tif,DSC_4566cgy.tif,DSC_4566,cgy,cgy,full,capture_number,4566,c,g,y,CMY+OVG,full__cgy__DSC_4566cgy,0.5462822458270106
bottom_right,M,y,-2,1417.0,1137.0,0.7411764860153198,0.8901960849761963,0.3960784375667572,17.854003830541185,-2,0,1,manual_override:full__cgy__DSC_4566cgy,34.69775596856084,521229,510501.5,0,0,1,LayerLoomPhotos100NCZ_5/centered_4x3_tif/DSC_4566cgy.tif,DSC_4566cgy.tif,DSC_4566,cgy,cgy,full,capture_number,4566,c,g,y,CMY+OVG,full__cgy__DSC_4566cgy,0.5462822458270106
bottom_left,C,c,-2,354.0,1132.0,0.4627451002597809,0.6901960968971252,0.8470588326454163,13.458336089901202,-2,0,1,manual_override:full__cgm__DSC_4568cgm,39.221287415080525,520397,506190.26315789483,0,0,1,LayerLoomPhotos100NCZ_5/centered_4x3_tif/DSC_4568cgm.tif,DSC_4568cgm.tif,DSC_4568,cgm,cgm,full,capture_number,4568,c,g,m,CMY+OVG,full__cgm__DSC_4568cgm,0.547112462006079
top,Y,g,-2,892.421052631579,203.21052631578948,0.47058823704719543,0.7529411911964417,0.5411764979362488,8.93443924290328,-2,0,1,manual_override:full__cgm__DSC_4568cgm,39.221287415080525,520397,506190.26315789483,0,0,1,LayerLoomPhotos100NCZ_5/centered_4x3_tif/DSC_4568cgm.tif,DSC_4568cgm.tif,DSC_4568,cgm,cgm,full,capture_number,4568,c,g,m,CMY+OVG,full__cgm__DSC_4568cgm,0.547112462006079
bottom_right,M,m,-2,1444.0,1132.0,0.729411780834198,0.4588235318660736,0.6901960968971252,16.828512082276045,-2,0,1,manual_override:full__cgm__DSC_4568cgm,39.221287415080525,520397,506190.26315789483,0,0,1,LayerLoomPhotos100NCZ_5/centered_4x3_tif/DSC_4568cgm.tif,DSC_4568cgm.tif,DSC_4568,cgm,cgm,full,capture_number,4568,c,g,m,CMY+OVG,full__cgm__DSC_4568cgm,0.547112462006079
bottom_left,C,y,-2,348.1578947368421,1143.9473684210527,0.9490196108818054,0.7764706015586853,0.40784314274787903,11.846891488096674,-2,0,1,manual_override:full__ygm__DSC_4570ygm,42.79746442750978,521137,511041.34072022163,0,0,1,LayerLoomPhotos100NCZ_5/centered_4x3_tif/DSC_4570ygm.tif,DSC_4570ygm.tif,DSC_4570,ygm,ygm,full,capture_number,4570,y,g,m,CMY+OVG,full__ygm__DSC_4570ygm,0.545950864422202
top,Y,g,-2,893.8421052631579,200.3684210526316,0.501960813999176,0.8274509906768799,0.49803921580314636,8.822467484500367,-2,0,1,manual_override:full__ygm__DSC_4570ygm,42.79746442750978,521137,511041.34072022163,0,0,1,LayerLoomPhotos100NCZ_5/centered_4x3_tif/DSC_4570ygm.tif,DSC_4570ygm.tif,DSC_4570,ygm,ygm,full,capture_number,4570,y,g,m,CMY+OVG,full__ygm__DSC_4570ygm,0.545950864422202
bottom_right,M,m,-2,1440.0,1129.0,0.8666666746139526,0.4901960790157318,0.6078431606292725,22.128105454912742,-2,0,1,manual_override:full__ygm__DSC_4570ygm,42.79746442750978,521137,511041.34072022163,0,0,1,LayerLoomPhotos100NCZ_5/centered_4x3_tif/DSC_4570ygm.tif,DSC_4570ygm.tif,DSC_4570,ygm,ygm,full,capture_number,4570,y,g,m,CMY+OVG,full__ygm__DSC_4570ygm,0.545950864422202
bottom_left,C,c,-2,204.6315789473684,1125.4736842105262,0.42352941632270813,0.6509804129600525,0.7607843279838562,12.420096951447604,-2,0,1,manual_override:two_color__cym__cmysimpleDSC_4511,33.64146255957473,521443,505863.66066482,0,0,1,LayerLoomPhotos100NCZ_5/centered_4x3_tif/cmysimpleDSC_4511.tif,cmysimpleDSC_4511.tif,DSC_4511,cym,cmy,two_color,filename_prefix,4511,c,y,m,CMY,two_color__cym__cmysimpleDSC_4511,0.5442999697611128
top,Y,y,-2,757.0,203.0,0.8666666746139526,0.8039215803146362,0.38823530077934265,9.84023472414412,-2,0,1,manual_override:two_color__cym__cmysimpleDSC_4511,33.64146255957473,521443,505863.66066482,0,0,1,LayerLoomPhotos100NCZ_5/centered_4x3_tif/cmysimpleDSC_4511.tif,cmysimpleDSC_4511.tif,DSC_4511,cym,cmy,two_color,filename_prefix,4511,c,y,m,CMY,two_color__cym__cmysimpleDSC_4511,0.5442999697611128
bottom_right,M,m,-2,1294.578947368421,1136.842105263158,0.8039215803146362,0.3529411852359772,0.615686297416687,11.381130883983007,-2,0,1,manual_override:two_color__cym__cmysimpleDSC_4511,33.64146255957473,521443,505863.66066482,0,0,1,LayerLoomPhotos100NCZ_5/centered_4x3_tif/cmysimpleDSC_4511.tif,cmysimpleDSC_4511.tif,DSC_4511,cym,cmy,two_color,filename_prefix,4511,c,y,m,CMY,two_color__cym__cmysimpleDSC_4511,0.5442999697611128
bottom_left,C,c,-2,220.26315789473685,1122.6315789473683,0.41960784792900085,0.6549019813537598,0.7607843279838562,11.866585572085397,-2,0,1,manual_override:two_color__cym__cmysimpleDSC_4512,33.03962987141328,523341,507501.9847645429,0,0,1,LayerLoomPhotos100NCZ_5/centered_4x3_tif/cmysimpleDSC_4512.tif,cmysimpleDSC_4512.tif,DSC_4512,cym,cmy,two_color,filename_prefix,4512,c,y,m,CMY,two_color__cym__cmysimpleDSC_4512,0.5452893062708271
top,Y,y,-2,773.0,201.0,0.8901960849761963,0.7843137383460999,0.3843137323856354,9.844841931760303,-2,0,1,manual_override:two_color__cym__cmysimpleDSC_4512,33.03962987141328,523341,507501.9847645429,0,0,1,LayerLoomPhotos100NCZ_5/centered_4x3_tif/cmysimpleDSC_4512.tif,cmysimpleDSC_4512.tif,DSC_4512,cym,cmy,two_color,filename_prefix,4512,c,y,m,CMY,two_color__cym__cmysimpleDSC_4512,0.5452893062708271
bottom_right,M,m,-2,1313.0526315789473,1136.842105263158,0.8078431487083435,0.3490196168422699,0.6117647290229797,11.328202367567581,-2,0,1,manual_override:two_color__cym__cmysimpleDSC_4512,33.03962987141328,523341,507501.9847645429,0,0,1,LayerLoomPhotos100NCZ_5/centered_4x3_tif/cmysimpleDSC_4512.tif,cmysimpleDSC_4512.tif,DSC_4512,cym,cmy,two_color,filename_prefix,4512,c,y,m,CMY,two_color__cym__cmysimpleDSC_4512,0.5452893062708271
bottom_left,C,c,-2,292.7368421052632,1126.8947368421052,0.5137255191802979,0.7176470756530762,0.8901960849761963,14.70369140632282,-2,0,1,manual_override:two_color__cwy__DSC_4574cwy,34.90640346656934,496779,624836.8047091413,0,1,1,LayerLoomPhotos100NCZ_5/centered_4x3_tif/DSC_4574cwy.tif,DSC_4574cwy.tif,DSC_4574,cwy,cwy,two_color,capture_number,4574,c,w,y,CMY+neutral,two_color__cwy__DSC_4574cwy,0.6064690026954178
top,Y,w,-2,910.8947368421052,95.21052631578948,0.9137254953384399,0.929411768913269,0.8627451062202454,8.481084911067255,-2,0,1,manual_override:two_color__cwy__DSC_4574cwy,34.90640346656934,496779,624836.8047091413,0,1,1,LayerLoomPhotos100NCZ_5/centered_4x3_tif/DSC_4574cwy.tif,DSC_4574cwy.tif,DSC_4574,cwy,cwy,two_color,capture_number,4574,c,w,y,CMY+neutral,two_color__cwy__DSC_4574cwy,0.6064690026954178
bottom_right,M,y,-2,1496.3684210526314,1139.6842105263158,0.8784313797950745,0.9098039269447327,0.4156862795352936,11.721627149179263,-2,0,1,manual_override:two_color__cwy__DSC_4574cwy,34.90640346656934,496779,624836.8047091413,0,1,1,LayerLoomPhotos100NCZ_5/centered_4x3_tif/DSC_4574cwy.tif,DSC_4574cwy.tif,DSC_4574,cwy,cwy,two_color,capture_number,4574,c,w,y,CMY+neutral,two_color__cwy__DSC_4574cwy,0.6064690026954178
bottom_left,C,c,-2,295.57894736842104,1128.3157894736842,0.5137255191802979,0.6705882549285889,0.8941176533699036,19.779334550816902,-2,0,1,manual_override:two_color__cwm__DSC_4576cwm,49.48668800094031,632127,625824.9617368588,0,1,1,LayerLoomPhotos100NCZ_5/centered_4x3_tif/DSC_4576cwm.tif,DSC_4576cwm.tif,DSC_4576,cwm,cwm,two_color,capture_number,4576,c,w,m,CMY+neutral,two_color__cwm__DSC_4576cwm,0.6064690026954178
top,Y,w,-2,907.4088653061208,95.91546266173049,0.8823529481887817,0.8156862854957581,0.8980392217636108,13.902807717472554,-2,0,1,manual_override:two_color__cwm__DSC_4576cwm,49.48668800094031,632127,625824.9617368588,0,1,1,LayerLoomPhotos100NCZ_5/centered_4x3_tif/DSC_4576cwm.tif,DSC_4576cwm.tif,DSC_4576,cwm,cwm,two_color,capture_number,4576,c,w,m,CMY+neutral,two_color__cwm__DSC_4576cwm,0.6064690026954178
bottom_right,M,m,-2,1502.0526315789473,1138.2631578947369,0.8509804010391235,0.4156862795352936,0.7019608020782471,15.804545732650858,-2,0,1,manual_override:two_color__cwm__DSC_4576cwm,49.48668800094031,632127,625824.9617368588,0,1,1,LayerLoomPhotos100NCZ_5/centered_4x3_tif/DSC_4576cwm.tif,DSC_4576cwm.tif,DSC_4576,cwm,cwm,two_color,capture_number,4576,c,w,m,CMY+neutral,two_color__cwm__DSC_4576cwm,0.6064690026954178
bottom_left,C,y,-2,291.3157894736842,1138.2631578947369,1.0,0.8470588326454163,0.4313725531101227,8.534585676912565,-2,0,1,manual_override:two_color__ywm__DSC_4578ywm,38.252643356430085,478578,626143.3504155125,0,1,1,LayerLoomPhotos100NCZ_5/centered_4x3_tif/DSC_4578ywm.tif,DSC_4578ywm.tif,DSC_4578,ywm,ywm,two_color,capture_number,4578,y,w,m,CMY+neutral,two_color__ywm__DSC_4578ywm,0.6050420168067226
top,Y,w,-2,908.0526315789474,105.15789473684212,0.95686274766922,0.886274516582489,0.800000011920929,10.95969585327013,-2,0,1,manual_override:two_color__ywm__DSC_4578ywm,38.252643356430085,478578,626143.3504155125,0,1,1,LayerLoomPhotos100NCZ_5/centered_4x3_tif/DSC_4578ywm.tif,DSC_4578ywm.tif,DSC_4578,ywm,ywm,two_color,capture_number,4578,y,w,m,CMY+neutral,two_color__ywm__DSC_4578ywm,0.6050420168067226
bottom_right,M,m,-2,1503.4736842105262,1138.2631578947369,0.9019607901573181,0.43921568989753723,0.658823549747467,18.758361826247384,-2,0,1,manual_override:two_color__ywm__DSC_4578ywm,38.252643356430085,478578,626143.3504155125,0,1,1,LayerLoomPhotos100NCZ_5/centered_4x3_tif/DSC_4578ywm.tif,DSC_4578ywm.tif,DSC_4578,ywm,ywm,two_color,capture_number,4578,y,w,m,CMY+neutral,two_color__ywm__DSC_4578ywm,0.6050420168067226
bottom_left,C,y,-2,353.84210526315786,1143.9473684210527,0.9490196108818054,0.7843137383460999,0.4117647111415863,11.289825560532757,-2,0,1,manual_override:two_color__ylm__DSC_4580ylm,34.35408235940716,520201,511183.8199445986,0,0,1,LayerLoomPhotos100NCZ_5/centered_4x3_tif/DSC_4580ylm.tif,DSC_4580ylm.tif,DSC_4580,ylm,ylm,two_color,capture_number,4580,y,l,m,CMY+neutral,two_color__ylm__DSC_4580ylm,0.547112462006079
top,Y,l,-2,899.5263157894736,201.7894736842105,0.7215686440467834,0.7176470756530762,0.7137255072593689,5.646112849419288,-2,0,1,manual_override:two_color__ylm__DSC_4580ylm,34.35408235940716,520201,511183.8199445986,0,0,1,LayerLoomPhotos100NCZ_5/centered_4x3_tif/DSC_4580ylm.tif,DSC_4580ylm.tif,DSC_4580,ylm,ylm,two_color,capture_number,4580,y,l,m,CMY+neutral,two_color__ylm__DSC_4580ylm,0.547112462006079
bottom_right,M,m,-2,1443.0,1137.0,0.8666666746139526,0.4313725531101227,0.6509804129600525,17.418143949455114,-2,0,1,manual_override:two_color__ylm__DSC_4580ylm,34.35408235940716,520201,511183.8199445986,0,0,1,LayerLoomPhotos100NCZ_5/centered_4x3_tif/DSC_4580ylm.tif,DSC_4580ylm.tif,DSC_4580,ylm,ylm,two_color,capture_number,4580,y,l,m,CMY+neutral,two_color__ylm__DSC_4580ylm,0.547112462006079
bottom_left,C,c,-2,335.3684210526316,1129.7368421052631,0.4941176474094391,0.7176470756530762,0.8156862854957581,9.832502909548923,-2,0,1,manual_override:two_color__cly__DSC_4582cly,29.099597591891246,516365,498005.6883656508,0,0,1,LayerLoomPhotos100NCZ_5/centered_4x3_tif/DSC_4582cly.tif,DSC_4582cly.tif,DSC_4582,cly,cly,two_color,capture_number,4582,c,l,y,CMY+neutral,two_color__cly__DSC_4582cly,0.5446293494704992
top,Y,l,-2,875.0,207.0,0.7137255072593689,0.7411764860153198,0.7490196228027344,5.890061894069367,-2,0,1,manual_override:two_color__cly__DSC_4582cly,29.099597591891246,516365,498005.6883656508,0,0,1,LayerLoomPhotos100NCZ_5/centered_4x3_tif/DSC_4582cly.tif,DSC_4582cly.tif,DSC_4582,cly,cly,two_color,capture_number,4582,c,l,y,CMY+neutral,two_color__cly__DSC_4582cly,0.5446293494704992
bottom_right,M,y,-2,1413.9473684210525,1131.157894736842,0.8156862854957581,0.8627451062202454,0.40392157435417175,13.377032788272956,-2,0,1,manual_override:two_color__cly__DSC_4582cly,29.099597591891246,516365,498005.6883656508,0,0,1,LayerLoomPhotos100NCZ_5/centered_4x3_tif/DSC_4582cly.tif,DSC_4582cly.tif,DSC_4582,cly,cly,two_color,capture_number,4582,c,l,y,CMY+neutral,two_color__cly__DSC_4582cly,0.5446293494704992
bottom_left,C,c,-2,363.7894736842105,1136.842105263158,0.48235294222831726,0.6352941393852234,0.8392156958580017,19.937014511272483,-2,0,1,manual_override:two_color__clm__DSC_4584clm,45.26260807133026,504713,495502.9529085872,0,0,1,LayerLoomPhotos100NCZ_5/centered_4x3_tif/DSC_4584clm.tif,DSC_4584clm.tif,DSC_4584,clm,clm,two_color,capture_number,4584,c,l,m,CMY+neutral,two_color__clm__DSC_4584clm,0.5390835579514824
top,Y,l,-2,900.9473684210526,213.1578947368421,0.6941176652908325,0.6941176652908325,0.7411764860153198,11.592027822714043,-2,0,1,manual_override:two_color__clm__DSC_4584clm,45.26260807133026,504713,495502.9529085872,0,0,1,LayerLoomPhotos100NCZ_5/centered_4x3_tif/DSC_4584clm.tif,DSC_4584clm.tif,DSC_4584,clm,clm,two_color,capture_number,4584,c,l,m,CMY+neutral,two_color__clm__DSC_4584clm,0.5390835579514824
bottom_right,M,m,-2,1436.0,1138.0,0.7843137383460999,0.40392157435417175,0.686274528503418,13.733565737343737,-2,0,1,manual_override:two_color__clm__DSC_4584clm,45.26260807133026,504713,495502.9529085872,0,0,1,LayerLoomPhotos100NCZ_5/centered_4x3_tif/DSC_4584clm.tif,DSC_4584clm.tif,DSC_4584,clm,clm,two_color,capture_number,4584,c,l,m,CMY+neutral,two_color__clm__DSC_4584clm,0.5390835579514824
bottom_left,C,c,-2,365.0,1121.0,0.48235294222831726,0.6352941393852234,0.8470588326454163,20.27421834437951,-2,0,1,manual_override:two_color__cnm__DSC_4588cnm,43.14716737486192,502100,491399.0,0,0,1,LayerLoomPhotos100NCZ_5/centered_4x3_tif/DSC_4588cnm.tif,DSC_4588cnm.tif,DSC_4588,cnm,cnm,two_color,capture_number,4588,c,n,m,CMY+neutral,two_color__cnm__DSC_4588cnm,0.5381165919282511
top,Y,n,-2,903.0,203.0,0.4901960790157318,0.4745098054409027,0.501960813999176,9.40676541128627,-2,0,1,manual_override:two_color__cnm__DSC_4588cnm,43.14716737486192,502100,491399.0,0,0,1,LayerLoomPhotos100NCZ_5/centered_4x3_tif/DSC_4588cnm.tif,DSC_4588cnm.tif,DSC_4588,cnm,cnm,two_color,capture_number,4588,c,n,m,CMY+neutral,two_color__cnm__DSC_4588cnm,0.5381165919282511
bottom_right,M,m,-2,1435.0,1122.0,0.7490196228027344,0.40784314274787903,0.6745098233222961,13.466183619196142,-2,0,1,manual_override:two_color__cnm__DSC_4588cnm,43.14716737486192,502100,491399.0,0,0,1,LayerLoomPhotos100NCZ_5/centered_4x3_tif/DSC_4588cnm.tif,DSC_4588cnm.tif,DSC_4588,cnm,cnm,two_color,capture_number,4588,c,n,m,CMY+neutral,two_color__cnm__DSC_4588cnm,0.5381165919282511
bottom_left,C,y,-2,399.3157894736842,1125.4736842105262,0.9450980424880981,0.7450980544090271,0.364705890417099,13.314800909924,-2,0,1,manual_override:two_color__ynm__DSC_4591ynm,41.79070441074377,506409,498326.52631578955,0,0,1,LayerLoomPhotos100NCZ_5/centered_4x3_tif/DSC_4591ynm.tif,DSC_4591ynm.tif,DSC_4591,ynm,ynm,two_color,capture_number,4591,y,n,m,CMY+neutral,two_color__ynm__DSC_4591ynm,0.5366726296958855
top,Y,n,-2,964.0,204.0,0.4901960790157318,0.4588235318660736,0.4431372582912445,11.422846010846621,-2,0,1,manual_override:two_color__ynm__DSC_4591ynm,41.79070441074377,506409,498326.52631578955,0,0,1,LayerLoomPhotos100NCZ_5/centered_4x3_tif/DSC_4591ynm.tif,DSC_4591ynm.tif,DSC_4591,ynm,ynm,two_color,capture_number,4591,y,n,m,CMY+neutral,two_color__ynm__DSC_4591ynm,0.5366726296958855
bottom_right,M,m,-2,1472.0,1140.0,0.8588235378265381,0.4156862795352936,0.6078431606292725,17.053057489973153,-2,0,1,manual_override:two_color__ynm__DSC_4591ynm,41.79070441074377,506409,498326.52631578955,0,0,1,LayerLoomPhotos100NCZ_5/centered_4x3_tif/DSC_4591ynm.tif,DSC_4591ynm.tif,DSC_4591,ynm,ynm,two_color,capture_number,4591,y,n,m,CMY+neutral,two_color__ynm__DSC_4591ynm,0.5366726296958855
bottom_left,C,c,-2,368.0,1118.0,0.4627451002597809,0.6666666865348816,0.8078431487083435,14.037240675114097,-2,0,1,manual_override:two_color__cny__DSC_4593cny,37.66144461659762,500459,486532.7894736843,0,0,1,LayerLoomPhotos100NCZ_5/centered_4x3_tif/DSC_4593cny.tif,DSC_4593cny.tif,DSC_4593,cny,cny,two_color,capture_number,4593,c,n,y,CMY+neutral,two_color__cny__DSC_4593cny,0.5357142857142857
top,Y,n,-2,904.0,203.0,0.47058823704719543,0.48627451062202454,0.46666666865348816,8.447242056166859,-2,0,1,manual_override:two_color__cny__DSC_4593cny,37.66144461659762,500459,486532.7894736843,0,0,1,LayerLoomPhotos100NCZ_5/centered_4x3_tif/DSC_4593cny.tif,DSC_4593cny.tif,DSC_4593,cny,cny,two_color,capture_number,4593,c,n,y,CMY+neutral,two_color__cny__DSC_4593cny,0.5357142857142857
bottom_right,M,y,-2,1429.578947368421,1121.2105263157894,0.7568627595901489,0.8235294222831726,0.37254902720451355,15.176961885316663,-2,0,1,manual_override:two_color__cny__DSC_4593cny,37.66144461659762,500459,486532.7894736843,0,0,1,LayerLoomPhotos100NCZ_5/centered_4x3_tif/DSC_4593cny.tif,DSC_4593cny.tif,DSC_4593,cny,cny,two_color,capture_number,4593,c,n,y,CMY+neutral,two_color__cny__DSC_4593cny,0.5357142857142857
bottom_left,C,c,-2,376.0,1122.0,0.47843137383461,0.7098039388656616,0.7843137383460999,8.728001145147726,-2,0,1,manual_override:two_color__cky__DSC_4595cky,36.31305044274595,504344,490442.81578947336,0,0,1,LayerLoomPhotos100NCZ_5/centered_4x3_tif/DSC_4595cky.tif,DSC_4595cky.tif,DSC_4595,cky,cky,two_color,capture_number,4595,c,k,y,CMY+neutral,two_color__cky__DSC_4595cky,0.5384385282680227
top,Y,k,-2,899.0,203.0,0.2078431397676468,0.21176470816135406,0.21568627655506134,10.646545817897286,-2,0,1,manual_override:two_color__cky__DSC_4595cky,36.31305044274595,504344,490442.81578947336,0,0,1,LayerLoomPhotos100NCZ_5/centered_4x3_tif/DSC_4595cky.tif,DSC_4595cky.tif,DSC_4595,cky,cky,two_color,capture_number,4595,c,k,y,CMY+neutral,two_color__cky__DSC_4595cky,0.5384385282680227
bottom_right,M,y,-2,1443.7894736842104,1121.2105263157894,0.7254902124404907,0.843137264251709,0.35686275362968445,16.938503479700938,-2,0,1,manual_override:two_color__cky__DSC_4595cky,36.31305044274595,504344,490442.81578947336,0,0,1,LayerLoomPhotos100NCZ_5/centered_4x3_tif/DSC_4595cky.tif,DSC_4595cky.tif,DSC_4595,cky,cky,two_color,capture_number,4595,c,k,y,CMY+neutral,two_color__cky__DSC_4595cky,0.5384385282680227
bottom_left,C,c,-2,387.0,1134.0,0.47058823704719543,0.6078431606292725,0.8196078538894653,21.739709497396415,-2,0,1,manual_override:two_color__ckm__DSC_4598ckm,43.04822853314961,514608,503448.0,0,0,1,LayerLoomPhotos100NCZ_5/centered_4x3_tif/DSC_4598ckm.tif,DSC_4598ckm.tif,DSC_4598,ckm,ckm,two_color,capture_number,4598,c,k,m,CMY+neutral,two_color__ckm__DSC_4598ckm,0.5434782608695652
top,Y,k,-2,937.0,202.0,0.20392157137393951,0.19607843458652496,0.21176470816135406,10.14803004437309,-2,0,1,manual_override:two_color__ckm__DSC_4598ckm,43.04822853314961,514608,503448.0,0,0,1,LayerLoomPhotos100NCZ_5/centered_4x3_tif/DSC_4598ckm.tif,DSC_4598ckm.tif,DSC_4598,ckm,ckm,two_color,capture_number,4598,c,k,m,CMY+neutral,two_color__ckm__DSC_4598ckm,0.5434782608695652
bottom_right,M,m,-2,1465.0,1138.0,0.6745098233222961,0.3764705955982208,0.6392157077789307,11.160488991380104,-2,0,1,manual_override:two_color__ckm__DSC_4598ckm,43.04822853314961,514608,503448.0,0,0,1,LayerLoomPhotos100NCZ_5/centered_4x3_tif/DSC_4598ckm.tif,DSC_4598ckm.tif,DSC_4598,ckm,ckm,two_color,capture_number,4598,c,k,m,CMY+neutral,two_color__ckm__DSC_4598ckm,0.5434782608695652
bottom_left,C,y,-2,360.9473684210526,1141.1052631578948,0.9333333373069763,0.7254902124404907,0.3686274588108063,14.994592252652785,-2,0,1,manual_override:two_color__ykm__DSC_4599ykm,39.69015496201588,513788,502736.14819944615,0,0,1,LayerLoomPhotos100NCZ_5/centered_4x3_tif/DSC_4599ykm.tif,DSC_4599ykm.tif,DSC_4599,ykm,ykm,two_color,capture_number,4599,y,k,m,CMY+neutral,two_color__ykm__DSC_4599ykm,0.5442999697611128
top,Y,k,-2,902.3684210526316,204.6315789473684,0.20000000298023224,0.19607843458652496,0.19607843458652496,9.471339179586465,-2,0,1,manual_override:two_color__ykm__DSC_4599ykm,39.69015496201588,513788,502736.14819944615,0,0,1,LayerLoomPhotos100NCZ_5/centered_4x3_tif/DSC_4599ykm.tif,DSC_4599ykm.tif,DSC_4599,ykm,ykm,two_color,capture_number,4599,y,k,m,CMY+neutral,two_color__ykm__DSC_4599ykm,0.5442999697611128
bottom_right,M,m,-2,1437.0,1137.0,0.8196078538894653,0.40392157435417175,0.6039215922355652,15.224223529776628,-2,0,1,manual_override:two_color__ykm__DSC_4599ykm,39.69015496201588,513788,502736.14819944615,0,0,1,LayerLoomPhotos100NCZ_5/centered_4x3_tif/DSC_4599ykm.tif,DSC_4599ykm.tif,DSC_4599,ykm,ykm,two_color,capture_number,4599,y,k,m,CMY+neutral,two_color__ykm__DSC_4599ykm,0.5442999697611128
bottom_left,C,c,-2,384.0,1124.0,0.5137255191802979,0.6901960968971252,0.7568627595901489,11.182556028922704,-2,0,1,manual_override:two_color__coy__DSC_4601coy,36.848121384053094,510813,498140.47368421056,0,0,1,LayerLoomPhotos100NCZ_5/centered_4x3_tif/DSC_4601coy.tif,DSC_4601coy.tif,DSC_4601,coy,coy,two_color,capture_number,4601,c,o,y,CMY+OVG,two_color__coy__DSC_4601coy,0.5452893062708271
top,Y,o,-2,937.0,202.0,1.0,0.4627451002597809,0.37254902720451355,14.72556645517167,-2,0,1,manual_override:two_color__coy__DSC_4601coy,36.848121384053094,510813,498140.47368421056,0,0,1,LayerLoomPhotos100NCZ_5/centered_4x3_tif/DSC_4601coy.tif,DSC_4601coy.tif,DSC_4601,coy,coy,two_color,capture_number,4601,c,o,y,CMY+OVG,two_color__coy__DSC_4601coy,0.5452893062708271
bottom_right,M,y,-2,1455.157894736842,1139.6842105263158,0.9843137264251709,0.800000011920929,0.40784314274787903,10.939998899958718,-2,0,1,manual_override:two_color__coy__DSC_4601coy,36.848121384053094,510813,498140.47368421056,0,0,1,LayerLoomPhotos100NCZ_5/centered_4x3_tif/DSC_4601coy.tif,DSC_4601coy.tif,DSC_4601,coy,coy,two_color,capture_number,4601,c,o,y,CMY+OVG,two_color__coy__DSC_4601coy,0.5452893062708271
bottom_left,C,c,-2,454.7368421052631,1131.157894736842,0.5215686559677124,0.6196078658103943,0.8313725590705872,22.957575562040947,-2,0,1,manual_override:two_color__com__DSC_4603com,55.631229024437324,502586,493613.51385041536,0,0,1,LayerLoomPhotos100NCZ_5/centered_4x3_tif/DSC_4603com.tif,DSC_4603com.tif,DSC_4603,com,com,two_color,capture_number,4603,c,o,m,CMY+OVG,two_color__com__DSC_4603com,0.5415162454873647
top,Y,o,-2,1003.2631578947368,211.73684210526315,0.9843137264251709,0.45490196347236633,0.3686274588108063,14.949548275115893,-2,0,1,manual_override:two_color__com__DSC_4603com,55.631229024437324,502586,493613.51385041536,0,0,1,LayerLoomPhotos100NCZ_5/centered_4x3_tif/DSC_4603com.tif,DSC_4603com.tif,DSC_4603,com,com,two_color,capture_number,4603,c,o,m,CMY+OVG,two_color__com__DSC_4603com,0.5415162454873647
bottom_right,M,m,-2,1525.0,1137.0,0.8901960849761963,0.4274509847164154,0.6627451181411743,17.724105187280486,-2,0,1,manual_override:two_color__com__DSC_4603com,55.631229024437324,502586,493613.51385041536,0,0,1,LayerLoomPhotos100NCZ_5/centered_4x3_tif/DSC_4603com.tif,DSC_4603com.tif,DSC_4603,com,com,two_color,capture_number,4603,c,o,m,CMY+OVG,two_color__com__DSC_4603com,0.5415162454873647
bottom_left,C,y,-2,427.7368421052631,1138.2631578947369,1.0,0.6941176652908325,0.45098039507865906,25.089231739445417,-2,0,1,manual_override:two_color__yom__DSC_4605yom,63.09453237294346,517331,507037.15789473674,0,0,1,LayerLoomPhotos100NCZ_5/centered_4x3_tif/DSC_4605yom.tif,DSC_4605yom.tif,DSC_4605,yom,yom,two_color,capture_number,4605,y,o,m,CMY+OVG,two_color__yom__DSC_4605yom,0.547112462006079
top,Y,o,-2,979.0,202.0,1.0,0.45098039507865906,0.40392157435417175,17.810091925727814,-2,0,1,manual_override:two_color__yom__DSC_4605yom,63.09453237294346,517331,507037.15789473674,0,0,1,LayerLoomPhotos100NCZ_5/centered_4x3_tif/DSC_4605yom.tif,DSC_4605yom.tif,DSC_4605,yom,yom,two_color,capture_number,4605,y,o,m,CMY+OVG,two_color__yom__DSC_4605yom,0.547112462006079
bottom_right,M,m,-2,1511.0,1138.0,0.9176470637321472,0.43529412150382996,0.6039215922355652,20.19520870777023,-2,0,1,manual_override:two_color__yom__DSC_4605yom,63.09453237294346,517331,507037.15789473674,0,0,1,LayerLoomPhotos100NCZ_5/centered_4x3_tif/DSC_4605yom.tif,DSC_4605yom.tif,DSC_4605,yom,yom,two_color,capture_number,4605,y,o,m,CMY+OVG,two_color__yom__DSC_4605yom,0.547112462006079
bottom_left,C,c,-2,417.7894736842105,1135.421052631579,0.4745098054409027,0.6392157077789307,0.8313725590705872,18.856459262043032,-2,0,1,manual_override:two_color__cvy__DSC_4607cvy,45.191912405947896,516519,504940.3878116346,0,0,1,LayerLoomPhotos100NCZ_5/centered_4x3_tif/DSC_4607cvy.tif,DSC_4607cvy.tif,DSC_4607,cvy,cvy,two_color,capture_number,4607,c,v,y,CMY+OVG,two_color__cvy__DSC_4607cvy,0.5477784540474742
top,Y,v,-2,960.0,203.0,0.5058823823928833,0.41960784792900085,0.7411764860153198,11.374878810193827,-2,0,1,manual_override:two_color__cvy__DSC_4607cvy,45.191912405947896,516519,504940.3878116346,0,0,1,LayerLoomPhotos100NCZ_5/centered_4x3_tif/DSC_4607cvy.tif,DSC_4607cvy.tif,DSC_4607,cvy,cvy,two_color,capture_number,4607,c,v,y,CMY+OVG,two_color__cvy__DSC_4607cvy,0.5477784540474742
bottom_right,M,y,-2,1499.2105263157894,1138.2631578947369,0.7803921699523926,0.8313725590705872,0.41960784792900085,14.960574333711035,-2,0,1,manual_override:two_color__cvy__DSC_4607cvy,45.191912405947896,516519,504940.3878116346,0,0,1,LayerLoomPhotos100NCZ_5/centered_4x3_tif/DSC_4607cvy.tif,DSC_4607cvy.tif,DSC_4607,cvy,cvy,two_color,capture_number,4607,c,v,y,CMY+OVG,two_color__cvy__DSC_4607cvy,0.5477784540474742
bottom_left,C,c,-2,446.2105263157895,1131.157894736842,0.48627451062202454,0.615686297416687,0.8549019694328308,22.749926470478904,-2,0,1,manual_override:two_color__cvm__DSC_4610cvm,46.11542604230501,513674,503828.6011080332,0,0,1,LayerLoomPhotos100NCZ_5/centered_4x3_tif/DSC_4610cvm.tif,DSC_4610cvm.tif,DSC_4610,cvm,cvm,two_color,capture_number,4610,c,v,m,CMY+OVG,two_color__cvm__DSC_4610cvm,0.5452893062708271
top,Y,v,-2,999.0,203.0,0.5098039507865906,0.4000000059604645,0.7490196228027344,10.425673736129124,-2,0,1,manual_override:two_color__cvm__DSC_4610cvm,46.11542604230501,513674,503828.6011080332,0,0,1,LayerLoomPhotos100NCZ_5/centered_4x3_tif/DSC_4610cvm.tif,DSC_4610cvm.tif,DSC_4610,cvm,cvm,two_color,capture_number,4610,c,v,m,CMY+OVG,two_color__cvm__DSC_4610cvm,0.5452893062708271
bottom_right,M,m,-2,1527.6315789473683,1138.2631578947369,0.7411764860153198,0.3960784375667572,0.7019608020782471,12.939825835696988,-2,0,1,manual_override:two_color__cvm__DSC_4610cvm,46.11542604230501,513674,503828.6011080332,0,0,1,LayerLoomPhotos100NCZ_5/centered_4x3_tif/DSC_4610cvm.tif,DSC_4610cvm.tif,DSC_4610,cvm,cvm,two_color,capture_number,4610,c,v,m,CMY+OVG,two_color__cvm__DSC_4610cvm,0.5452893062708271
bottom_left,C,y,-2,393.6315789473685,1129.7368421052631,0.9450980424880981,0.7333333492279053,0.41960784792900085,16.462435432946364,-2,0,1,manual_override:two_color__yvm__DSC_4612yvm,44.542624586873345,512059,506414.6925207756,0,0,1,LayerLoomPhotos100NCZ_5/centered_4x3_tif/DSC_4612yvm.tif,DSC_4612yvm.tif,DSC_4612,yvm,yvm,two_color,capture_number,4612,y,v,m,CMY+OVG,two_color__yvm__DSC_4612yvm,0.545950864422202
top,Y,v,-2,956.3684210526316,203.21052631578948,0.5333333611488342,0.40784314274787903,0.7254902124404907,12.304022406152074,-2,0,1,manual_override:two_color__yvm__DSC_4612yvm,44.542624586873345,512059,506414.6925207756,0,0,1,LayerLoomPhotos100NCZ_5/centered_4x3_tif/DSC_4612yvm.tif,DSC_4612yvm.tif,DSC_4612,yvm,yvm,two_color,capture_number,4612,y,v,m,CMY+OVG,two_color__yvm__DSC_4612yvm,0.545950864422202
bottom_right,M,m,-2,1480.7368421052631,1139.6842105263158,0.8588235378265381,0.40784314274787903,0.658823549747467,15.776166747774905,-2,0,1,manual_override:two_color__yvm__DSC_4612yvm,44.542624586873345,512059,506414.6925207756,0,0,1,LayerLoomPhotos100NCZ_5/centered_4x3_tif/DSC_4612yvm.tif,DSC_4612yvm.tif,DSC_4612,yvm,yvm,two_color,capture_number,4612,y,v,m,CMY+OVG,two_color__yvm__DSC_4612yvm,0.545950864422202
bottom_left,C,c,-2,405.0,1118.3684210526314,0.46666666865348816,0.7254902124404907,0.8078431487083435,7.693160350367454,-2,0,1,manual_override:two_color__cgy__DSC_4616cgy,32.10782249288351,510656,496900.7451523545,0,0,1,LayerLoomPhotos100NCZ_5/centered_4x3_tif/DSC_4616cgy.tif,DSC_4616cgy.tif,DSC_4616,cgy,cgy,two_color,capture_number,4616,c,g,y,CMY+OVG,two_color__cgy__DSC_4616cgy,0.5462822458270106
top,Y,g,-2,965.0,202.0,0.46666666865348816,0.8235294222831726,0.529411792755127,8.142266459480462,-2,0,1,manual_override:two_color__cgy__DSC_4616cgy,32.10782249288351,510656,496900.7451523545,0,0,1,LayerLoomPhotos100NCZ_5/centered_4x3_tif/DSC_4616cgy.tif,DSC_4616cgy.tif,DSC_4616,cgy,cgy,two_color,capture_number,4616,c,g,y,CMY+OVG,two_color__cgy__DSC_4616cgy,0.5462822458270106
bottom_right,M,y,-2,1476.4736842105262,1139.6842105263158,0.7764706015586853,0.9058823585510254,0.3764705955982208,16.27239568303559,-2,0,1,manual_override:two_color__cgy__DSC_4616cgy,32.10782249288351,510656,496900.7451523545,0,0,1,LayerLoomPhotos100NCZ_5/centered_4x3_tif/DSC_4616cgy.tif,DSC_4616cgy.tif,DSC_4616,cgy,cgy,two_color,capture_number,4616,c,g,y,CMY+OVG,two_color__cgy__DSC_4616cgy,0.5462822458270106
bottom_left,C,c,-2,405.0,1123.0,0.48235294222831726,0.6627451181411743,0.843137264251709,17.0315145070903,-2,0,1,manual_override:two_color__cgm__DSC_4617cgm,41.99091080772601,517022,500597.07894736854,0,0,1,LayerLoomPhotos100NCZ_5/centered_4x3_tif/DSC_4617cgm.tif,DSC_4617cgm.tif,DSC_4617,cgm,cgm,two_color,capture_number,4617,c,g,m,CMY+OVG,two_color__cgm__DSC_4617cgm,0.547112462006079
top,Y,g,-2,960.6315789473684,206.05263157894737,0.47843137383461,0.7529411911964417,0.5529412031173706,9.547646864865126,-2,0,1,manual_override:two_color__cgm__DSC_4617cgm,41.99091080772601,517022,500597.07894736854,0,0,1,LayerLoomPhotos100NCZ_5/centered_4x3_tif/DSC_4617cgm.tif,DSC_4617cgm.tif,DSC_4617,cgm,cgm,two_color,capture_number,4617,c,g,m,CMY+OVG,two_color__cgm__DSC_4617cgm,0.547112462006079
bottom_right,M,m,-2,1489.0,1136.0,0.7647058963775635,0.43529412150382996,0.6784313917160034,15.411749435770583,-2,0,1,manual_override:two_color__cgm__DSC_4617cgm,41.99091080772601,517022,500597.07894736854,0,0,1,LayerLoomPhotos100NCZ_5/centered_4x3_tif/DSC_4617cgm.tif,DSC_4617cgm.tif,DSC_4617,cgm,cgm,two_color,capture_number,4617,c,g,m,CMY+OVG,two_color__cgm__DSC_4617cgm,0.547112462006079
bottom_left,C,y,-2,491.6842105263158,1142.5263157894738,0.9490196108818054,0.8470588326454163,0.3764705955982208,6.524839589694412,-2,0,1,manual_override:two_color__ygm__DSC_4619ygm,34.523960534298354,519086,507859.56648199446,0,0,1,LayerLoomPhotos100NCZ_5/centered_4x3_tif/DSC_4619ygm.tif,DSC_4619ygm.tif,DSC_4619,ygm,ygm,two_color,capture_number,4619,y,g,m,CMY+OVG,two_color__ygm__DSC_4619ygm,0.5446293494704992
top,Y,g,-2,1041.6315789473683,207.4736842105263,0.501960813999176,0.8078431487083435,0.4745098054409027,8.412504758429055,-2,0,1,manual_override:two_color__ygm__DSC_4619ygm,34.523960534298354,519086,507859.56648199446,0,0,1,LayerLoomPhotos100NCZ_5/centered_4x3_tif/DSC_4619ygm.tif,DSC_4619ygm.tif,DSC_4619,ygm,ygm,two_color,capture_number,4619,y,g,m,CMY+OVG,two_color__ygm__DSC_4619ygm,0.5446293494704992
bottom_right,M,m,-2,1578.7894736842104,1141.1052631578948,0.8823529481887817,0.4470588266849518,0.6117647290229797,19.586616186174883,-2,0,1,manual_override:two_color__ygm__DSC_4619ygm,34.523960534298354,519086,507859.56648199446,0,0,1,LayerLoomPhotos100NCZ_5/centered_4x3_tif/DSC_4619ygm.tif,DSC_4619ygm.tif,DSC_4619,ygm,ygm,two_color,capture_number,4619,y,g,m,CMY+OVG,two_color__ygm__DSC_4619ygm,0.5446293494704992
