symmetry_strategy,symmetry_key,replicate_count,symmetry_classes,panel_names,sub_gamut_names,region_indices,labels,stack_tokens,fC_median,fM_median,fY_median,measured_L,measured_a,measured_b,measured_R,measured_G,measured_B,measured_hex,replicate_deltaE00_median,replicate_deltaE00_p90,replicate_deltaE00_max,example_global_label
panel_position_replicates,center|c0.000000_m0.000000_y1.000000,6,,panel_01_up_left;panel_02_down;panel_03_up;panel_04_down;panel_05_up;panel_06_down_right,center,6,gamut_006_y,y,0.0,0.0,1.0,49.14455689513648,9.969153619780734,-51.265286476158266,0.10784314,0.39411765,0.73137257,#1c65bb,6.139823664809953,36.75596159207834,36.867404308330876,panel_01_up_left__center::gamut_006_y
panel_position_replicates,center|c0.000000_m0.200000_y0.800000,6,,panel_01_up_left;panel_02_down;panel_03_up;panel_04_down;panel_05_up;panel_06_down_right,center,5,gamut_005_yymyy,yymyy,0.0,0.2,0.8,40.283875450561055,20.087233472279184,-46.31688607529621,0.27058825,0.315686285,0.62352942,#45519f,4.013412313445784,20.582751876361407,20.649681595730176,panel_01_up_left__center::gamut_005_yymyy
panel_position_replicates,center|c0.000000_m0.250000_y0.750000,6,,panel_01_up_left;panel_02_down;panel_03_up;panel_04_down;panel_05_up;panel_06_down_right,center,4,gamut_004_ymyy,ymyy,0.0,0.25,0.75,38.47393513019617,21.61839016636102,-44.01076479769607,0.301960795,0.311764715,0.61372553,#4d509d,3.3439471643771927,16.94105776865041,17.04197975022901,panel_01_up_left__center::gamut_004_ymyy
panel_position_replicates,center|c0.000000_m0.333333_y0.666667,6,,panel_01_up_left;panel_02_down;panel_03_up;panel_04_down;panel_05_up;panel_06_down_right,center,3,gamut_003_myy,myy,0.0,0.3333333333333333,0.6666666666666666,37.3892351703439,24.325182542135437,-41.07505032164506,0.34313726499999997,0.30392158,0.590196105,#584e97,2.459615053292564,10.789013563086531,10.900197325090419,panel_01_up_left__center::gamut_003_myy
panel_position_replicates,center|c0.000000_m0.400000_y0.600000,6,,panel_01_up_left;panel_02_down;panel_03_up;panel_04_down;panel_05_up;panel_06_down_right,center,2,gamut_002_mymyy,mymyy,0.0,0.4,0.6,37.68848769110955,26.80060869959575,-38.358487764533386,0.37843138,0.29411766,0.576470625,#614b93,2.3348812501582747,5.937727954815813,6.305507539658436,panel_01_up_left__center::gamut_002_mymyy
panel_position_replicates,center|c0.000000_m0.500000_y0.500000,6,,panel_01_up_left;panel_02_down;panel_03_up;panel_04_down;panel_05_up;panel_06_down_right,center,1,gamut_001_my,my,0.0,0.5,0.5,35.063389538116155,28.927989466281026,-35.63650763524087,0.382352945,0.26470589,0.54705885,#62448c,0.9526830486962969,3.0358183674177894,4.226455193627092,panel_01_up_left__center::gamut_001_my
panel_position_replicates,center|c0.000000_m0.600000_y0.400000,6,,panel_01_up_left;panel_02_down;panel_03_up;panel_04_down;panel_05_up;panel_06_down_right,center,30,gamut_030_mmymy,mmymy,0.0,0.6,0.4,35.01963601663981,31.668384534374013,-33.8547694147307,0.39411765,0.26078432,0.5431372800000001,#65438b,3.897305089281317,5.467019484619369,5.529473265459833,panel_01_up_left__center::gamut_030_mmymy
panel_position_replicates,center|c0.000000_m0.666667_y0.333333,6,,panel_01_up_left;panel_02_down;panel_03_up;panel_04_down;panel_05_up;panel_06_down_right,center,29,gamut_029_mmy,mmy,0.0,0.6666666666666666,0.3333333333333333,35.15489274278157,33.126547383844446,-30.664697454557608,0.40588236,0.26470589499999997,0.5490196300000001,#68448c,5.294673561581298,9.695746820040778,9.79063888816424,panel_01_up_left__center::gamut_029_mmy
panel_position_replicates,center|c0.000000_m0.750000_y0.250000,6,,panel_01_up_left;panel_02_down;panel_03_up;panel_04_down;panel_05_up;panel_06_down_right,center,28,gamut_028_mmym,mmym,0.0,0.75,0.25,36.309910370700365,37.08629891859468,-27.097264113889494,0.43921568499999997,0.27450982,0.550980425,#70468d,6.185830921854329,15.857151329927493,15.893692150137667,panel_01_up_left__center::gamut_028_mmym
panel_position_replicates,center|c0.000000_m0.800000_y0.200000,6,,panel_01_up_left;panel_02_down;panel_03_up;panel_04_down;panel_05_up;panel_06_down_right,center,27,gamut_027_mmymm,mmymm,0.0,0.8,0.2,36.788918828715964,38.80205092970712,-24.063014103517155,0.454901965,0.28039217,0.54705885,#74488c,7.027377545740622,19.654099552150747,19.793463145064425,panel_01_up_left__center::gamut_027_mmymm
panel_position_replicates,center|c0.000000_m1.000000_y0.000000,6,,panel_01_up_left;panel_02_down;panel_03_up;panel_04_down;panel_05_up;panel_06_down_right,center,26,gamut_026_m,m,0.0,1.0,0.0,44.38535959635321,54.93903521600259,-11.552803700313962,0.6529412,0.26470588500000003,0.5372549499999999,#a74489,7.313502991428198,36.2519396145658,36.62461480244154,panel_01_up_left__center::gamut_026_m
panel_position_replicates,center|c0.200000_m0.000000_y0.800000,6,,panel_01_up_left;panel_02_down;panel_03_up;panel_04_down;panel_05_up;panel_06_down_right,center,7,gamut_007_yycyy,yycyy,0.2,0.0,0.8,51.420263095801005,-24.81250242678319,-6.261621885522828,0.16078431999999998,0.47254902,0.47843137,#29797a,5.5921900677969365,51.367942645913914,51.67413096265469,panel_01_up_left__center::gamut_007_yycyy
panel_position_replicates,center|c0.200000_m0.800000_y0.000000,6,,panel_01_up_left;panel_02_down;panel_03_up;panel_04_down;panel_05_up;panel_06_down_right,center,25,gamut_025_mmcmm,mmcmm,0.2,0.8,0.0,46.830942020791696,47.442657607161124,8.155093052900696,0.6686274999999999,0.33725490999999996,0.441176475,#ab5671,7.844218309905173,51.92284841829748,52.17991241760066,panel_01_up_left__center::gamut_025_mmcmm
panel_position_replicates,center|c0.250000_m0.000000_y0.750000,6,,panel_01_up_left;panel_02_down;panel_03_up;panel_04_down;panel_05_up;panel_06_down_right,center,8,gamut_008_ycyy,ycyy,0.25,0.0,0.75,51.8456434931891,-29.84974852253142,1.7866238269462098,0.16862745499999998,0.5019608,0.450980395,#2b8073,5.6246006713037024,54.4324456443947,54.55048373800051,panel_01_up_left__center::gamut_008_ycyy
panel_position_replicates,center|c0.250000_m0.750000_y0.000000,6,,panel_01_up_left;panel_02_down;panel_03_up;panel_04_down;panel_05_up;panel_06_down_right,center,24,gamut_024_mcmm,mcmm,0.25,0.75,0.0,48.0018705308492,45.46074889503156,13.234867170652477,0.694117675,0.354901965,0.409803925,#b15b69,7.0190111146890395,53.85531000464658,54.08139252161513,panel_01_up_left__center::gamut_024_mcmm
panel_position_replicates,center|c0.333333_m0.000000_y0.666667,6,,panel_01_up_left;panel_02_down;panel_03_up;panel_04_down;panel_05_up;panel_06_down_right,center,9,gamut_009_cyy,cyy,0.3333333333333333,0.0,0.6666666666666666,53.022758878839866,-36.76958235476678,14.393262865012716,0.19411765,0.5294118,0.38039216,#328761,5.567741893379376,56.58994906358129,56.68061637431006,panel_01_up_left__center::gamut_009_cyy
panel_position_replicates,center|c0.333333_m0.666667_y0.000000,6,,panel_01_up_left;panel_02_down;panel_03_up;panel_04_down;panel_05_up;panel_06_down_right,center,23,gamut_023_cmm,cmm,0.3333333333333333,0.6666666666666666,0.0,49.92132892857677,41.642995563032116,20.53461964138627,0.7176470699999999,0.37843138,0.35098039999999997,#b7615a,5.743006609360098,55.81195360166626,56.12728176201617,panel_01_up_left__center::gamut_023_cmm
panel_position_replicates,center|c0.400000_m0.000000_y0.600000,6,,panel_01_up_left;panel_02_down;panel_03_up;panel_04_down;panel_05_up;panel_06_down_right,center,10,gamut_010_cycyy,cycyy,0.4,0.0,0.6,52.95171827411797,-39.53239094473919,21.78744089065666,0.21764706,0.54509805,0.33725490999999996,#388b56,5.730915595988581,56.05305381034523,56.07977901031075,panel_01_up_left__center::gamut_010_cycyy
panel_position_replicates,center|c0.400000_m0.600000_y0.000000,6,,panel_01_up_left;panel_02_down;panel_03_up;panel_04_down;panel_05_up;panel_06_down_right,center,22,gamut_022_cmcmm,cmcmm,0.4,0.6,0.0,50.81197292984707,38.94051542140892,23.753916962757962,0.73137255,0.40000000999999996,0.3254902,#bb6653,5.360517047588772,55.05792631405645,55.245181792062226,panel_01_up_left__center::gamut_022_cmcmm
panel_position_replicates,center|c0.500000_m0.000000_y0.500000,6,,panel_01_up_left;panel_02_down;panel_03_up;panel_04_down;panel_05_up;panel_06_down_right,center,11,gamut_011_cy,cy,0.5,0.0,0.5,52.70064372681307,-42.369876633532726,30.82365003837509,0.25490197000000003,0.556862765,0.280392175,#418e48,8.28173741803984,54.23259723667023,54.277193363197746,panel_01_up_left__center::gamut_011_cy
panel_position_replicates,center|c0.500000_m0.500000_y0.000000,6,,panel_01_up_left;panel_02_down;panel_03_up;panel_04_down;panel_05_up;panel_06_down_right,center,21,gamut_021_cm,cm,0.5,0.5,0.0,53.18243779243703,36.74889516560043,30.84781438174395,0.7490196,0.43529412,0.28235296,#bf6f48,5.160944295940425,53.841745295106385,54.26530476398444,panel_01_up_left__center::gamut_021_cm
panel_position_replicates,center|c0.600000_m0.000000_y0.400000,6,,panel_01_up_left;panel_02_down;panel_03_up;panel_04_down;panel_05_up;panel_06_down_right,center,12,gamut_012_ccycy,ccycy,0.6,0.0,0.4,53.66324125278612,-42.16742828353036,38.80569699535659,0.31764707000000003,0.56470592,0.25490196,#519041,9.369139853914715,50.108366876486905,50.158966351738755,panel_01_up_left__center::gamut_012_ccycy
panel_position_replicates,center|c0.600000_m0.400000_y0.000000,6,,panel_01_up_left;panel_02_down;panel_03_up;panel_04_down;panel_05_up;panel_06_down_right,center,20,gamut_020_ccmcm,ccmcm,0.6,0.4,0.0,55.30192127144354,31.468236659737663,37.77686492959699,0.756862755,0.492156875,0.252941185,#c17e41,5.844947854740939,48.578238157782316,48.93931120705246,panel_01_up_left__center::gamut_020_ccmcm
panel_position_replicates,center|c0.666667_m0.000000_y0.333333,6,,panel_01_up_left;panel_02_down;panel_03_up;panel_04_down;panel_05_up;panel_06_down_right,center,13,gamut_013_ccy,ccy,0.6666666666666666,0.0,0.3333333333333333,56.43015557480159,-41.18754449665404,43.29006658806266,0.374509815,0.57058825,0.24509804000000002,#60923f,8.560035083467344,46.035051177094374,46.22473246957058,panel_01_up_left__center::gamut_013_ccy
panel_position_replicates,center|c0.666667_m0.333333_y0.000000,6,,panel_01_up_left;panel_02_down;panel_03_up;panel_04_down;panel_05_up;panel_06_down_right,center,19,gamut_019_ccm,ccm,0.6666666666666666,0.3333333333333333,0.0,58.08527888220062,27.369587774580204,42.39303473636045,0.7568627649999999,0.531372585,0.23039216,#c1883b,6.682493848981739,44.17729630327875,44.36488233881081,panel_01_up_left__center::gamut_019_ccm
panel_position_replicates,center|c0.750000_m0.000000_y0.250000,6,,panel_01_up_left;panel_02_down;panel_03_up;panel_04_down;panel_05_up;panel_06_down_right,center,14,gamut_014_ccyc,ccyc,0.75,0.0,0.25,61.81868688239108,-38.46356165275883,52.44812362242273,0.474509805,0.588235335,0.20784313999999998,#799635,7.6348307487351565,37.51996102674985,37.778260149602986,panel_01_up_left__center::gamut_014_ccyc
panel_position_replicates,center|c0.750000_m0.250000_y0.000000,6,,panel_01_up_left;panel_02_down;panel_03_up;panel_04_down;panel_05_up;panel_06_down_right,center,18,gamut_018_ccmc,ccmc,0.75,0.25,0.0,62.64745067425561,19.25002513204656,52.31221626082488,0.76078432,0.6019608000000001,0.20392157,#c29a34,9.176208198977214,35.09067674169606,35.108943439987364,panel_01_up_left__center::gamut_018_ccmc
panel_position_replicates,center|c0.800000_m0.000000_y0.200000,6,,panel_01_up_left;panel_02_down;panel_03_up;panel_04_down;panel_05_up;panel_06_down_right,center,15,gamut_015_ccycc,ccycc,0.8,0.0,0.2,63.58394732757223,-36.09422837389317,56.476427841424446,0.5196078799999999,0.5960784699999999,0.15882353500000002,#859829,8.041434792499834,32.64438643277737,32.712086651223814,panel_01_up_left__center::gamut_015_ccycc
panel_position_replicates,center|c0.800000_m0.200000_y0.000000,6,,panel_01_up_left;panel_02_down;panel_03_up;panel_04_down;panel_05_up;panel_06_down_right,center,17,gamut_017_ccmcc,ccmcc,0.8,0.2,0.0,65.2724006684744,13.703709573516477,58.11895700682219,0.747058835,0.62941177,0.176470595,#bfa12d,10.715505889641733,29.35405322082329,29.40745413192246,panel_01_up_left__center::gamut_017_ccmcc
panel_position_replicates,center|c1.000000_m0.000000_y0.000000,6,,panel_01_up_left;panel_02_down;panel_03_up;panel_04_down;panel_05_up;panel_06_down_right,center,16,gamut_016_c,c,1.0,0.0,0.0,85.10981398374409,-11.58639780178064,83.19806019285876,0.911764715,0.845098035,0.0627451,#e9d710,1.728600140890101,5.618357808410394,6.471703344441217,panel_01_up_left__center::gamut_016_c
panel_position_replicates,corner_1|c0.000000_m0.000000_y1.000000,6,,panel_01_up_left;panel_02_down;panel_03_up;panel_04_down;panel_05_up;panel_06_down_right,corner_1,6,gamut_006_y,y,0.0,0.0,1.0,48.51199688464215,8.638784896755986,-50.25437467017533,0.107843137,0.409803925,0.7392156999999999,#1b69bd,5.092194327063749,37.80685271970178,37.866200048434855,panel_01_up_left__corner_1::gamut_006_y
panel_position_replicates,corner_1|c0.000000_m0.200000_y0.800000,6,,panel_01_up_left;panel_02_down;panel_03_up;panel_04_down;panel_05_up;panel_06_down_right,corner_1,5,gamut_005_yymyy,yymyy,0.0,0.2,0.8,51.57128781541415,-22.253706470305694,-9.804679692748275,0.16176471,0.48039215999999996,0.50392158,#297b81,5.857043339304226,51.30195682750601,51.60774048977221,panel_01_up_left__corner_1::gamut_005_yymyy
panel_position_replicates,corner_1|c0.000000_m0.250000_y0.750000,6,,panel_01_up_left;panel_02_down;panel_03_up;panel_04_down;panel_05_up;panel_06_down_right,corner_1,4,gamut_004_ymyy,ymyy,0.0,0.25,0.75,51.982678061038776,-27.53124906413418,-0.8439057953626983,0.18039216,0.498039225,0.45686275,#2e7f75,6.113638195996387,53.437385399787956,53.655701384193264,panel_01_up_left__corner_1::gamut_004_ymyy
panel_position_replicates,corner_1|c0.000000_m0.333333_y0.666667,6,,panel_01_up_left;panel_02_down;panel_03_up;panel_04_down;panel_05_up;panel_06_down_right,corner_1,3,gamut_003_myy,myy,0.0,0.3333333333333333,0.6666666666666666,52.463849405534845,-34.304625159017654,13.372547605964392,0.211764705,0.52352945,0.39803922,#368666,6.2867231223910665,56.48348851282721,56.53193607285085,panel_01_up_left__corner_1::gamut_003_myy
panel_position_replicates,corner_1|c0.000000_m0.400000_y0.600000,6,,panel_01_up_left;panel_02_down;panel_03_up;panel_04_down;panel_05_up;panel_06_down_right,corner_1,2,gamut_002_mymyy,mymyy,0.0,0.4,0.6,52.720536379833334,-37.3342506679981,21.581122890343696,0.24705883,0.54705885,0.360784325,#3f8c5c,6.81090498374017,55.138185539549184,55.42898739782898,panel_01_up_left__corner_1::gamut_002_mymyy
panel_position_replicates,corner_1|c0.000000_m0.500000_y0.500000,6,,panel_01_up_left;panel_02_down;panel_03_up;panel_04_down;panel_05_up;panel_06_down_right,corner_1,1,gamut_001_my,my,0.0,0.5,0.5,52.44841654690895,-40.48358331539198,31.580615312652967,0.29215688,0.554902,0.296078445,#4b8e4c,7.735361771798706,52.806722431608236,52.91558036470203,panel_01_up_left__corner_1::gamut_001_my
panel_position_replicates,corner_1|c0.000000_m0.600000_y0.400000,6,,panel_01_up_left;panel_02_down;panel_03_up;panel_04_down;panel_05_up;panel_06_down_right,corner_1,30,gamut_030_mmymy,mmymy,0.0,0.6,0.4,53.78228136338731,-40.43681843930726,37.44192513516805,0.35686275,0.5666667000000001,0.26862747,#5b9145,9.107607101944982,49.739778203953264,50.020579996234915,panel_01_up_left__corner_1::gamut_030_mmymy
panel_position_replicates,corner_1|c0.000000_m0.666667_y0.333333,6,,panel_01_up_left;panel_02_down;panel_03_up;panel_04_down;panel_05_up;panel_06_down_right,corner_1,29,gamut_029_mmy,mmy,0.0,0.6666666666666666,0.3333333333333333,55.49470793653289,-39.917482236717234,43.15739813168739,0.40588236,0.571568635,0.24901961500000003,#689240,9.311245876044504,45.6714096514045,45.80093286232406,panel_01_up_left__corner_1::gamut_029_mmy
panel_position_replicates,corner_1|c0.000000_m0.750000_y0.250000,6,,panel_01_up_left;panel_02_down;panel_03_up;panel_04_down;panel_05_up;panel_06_down_right,corner_1,28,gamut_028_mmym,mmym,0.0,0.75,0.25,59.58603416608376,-37.932707030013944,50.89948058999985,0.48333334,0.592156885,0.21862745,#7b9738,8.055021680906359,38.377904079436625,38.7091976647485,panel_01_up_left__corner_1::gamut_028_mmym
panel_position_replicates,corner_1|c0.000000_m0.800000_y0.200000,6,,panel_01_up_left;panel_02_down;panel_03_up;panel_04_down;panel_05_up;panel_06_down_right,corner_1,27,gamut_027_mmymm,mmymm,0.0,0.8,0.2,62.53316781728204,-35.20178151392607,55.6215870156157,0.5333333499999999,0.6019608000000001,0.17549019999999999,#889a2d,6.935267681243319,32.922277313892906,33.841425598512494,panel_01_up_left__corner_1::gamut_027_mmymm
panel_position_replicates,corner_1|c0.000000_m1.000000_y0.000000,6,,panel_01_up_left;panel_02_down;panel_03_up;panel_04_down;panel_05_up;panel_06_down_right,corner_1,26,gamut_026_m,m,0.0,1.0,0.0,84.8067820086886,-11.349289123510133,82.80978397113171,0.9058823549999999,0.8431372500000001,0.06470588499999999,#e7d711,2.0116793307114067,4.762532644768301,4.897139341268478,panel_01_up_left__corner_1::gamut_026_m
panel_position_replicates,corner_1|c0.200000_m0.000000_y0.800000,6,,panel_01_up_left;panel_02_down;panel_03_up;panel_04_down;panel_05_up;panel_06_down_right,corner_1,7,gamut_007_yycyy,yycyy,0.2,0.0,0.8,43.25377977841668,9.447177460597075,-18.84751394371944,0.24901962,0.3637255,0.53627452,#405d89,17.698208809308063,23.302614675406296,23.960211488395924,panel_01_up_left__corner_1::gamut_007_yycyy
panel_position_replicates,corner_1|c0.200000_m0.800000_y0.000000,6,,panel_01_up_left;panel_02_down;panel_03_up;panel_04_down;panel_05_up;panel_06_down_right,corner_1,25,gamut_025_mmcmm,mmcmm,0.2,0.8,0.0,66.45614446491204,-12.136070146704904,66.10679233226,0.56470591,0.6088235799999999,0.101960785,#909b1a,14.54952218344397,25.897072428217058,29.954533627214598,panel_01_up_left__corner_1::gamut_025_mmcmm
panel_position_replicates,corner_1|c0.250000_m0.000000_y0.750000,6,,panel_01_up_left;panel_02_down;panel_03_up;panel_04_down;panel_05_up;panel_06_down_right,corner_1,8,gamut_008_ycyy,ycyy,0.25,0.0,0.75,42.929753088868054,10.918789835766592,-14.776369039318059,0.27843138,0.34509804499999996,0.50980395,#475882,16.970458187230392,28.65138753218325,30.000408367368586,panel_01_up_left__corner_1::gamut_008_ycyy
panel_position_replicates,corner_1|c0.250000_m0.750000_y0.000000,6,,panel_01_up_left;panel_02_down;panel_03_up;panel_04_down;panel_05_up;panel_06_down_right,corner_1,24,gamut_024_mcmm,mcmm,0.25,0.75,0.0,64.38025543958668,-11.40848252228237,62.08011326473685,0.5235294349999999,0.58235295,0.1058823575,#86951b,16.73047795284036,30.097249649037384,36.39369979510294,panel_01_up_left__corner_1::gamut_024_mcmm
panel_position_replicates,corner_1|c0.333333_m0.000000_y0.666667,6,,panel_01_up_left;panel_02_down;panel_03_up;panel_04_down;panel_05_up;panel_06_down_right,corner_1,9,gamut_009_cyy,cyy,0.3333333333333333,0.0,0.6666666666666666,41.385565865116355,12.079165976799436,-12.854618338931385,0.29607844,0.319607855,0.47647059999999997,#4c527a,16.28283017404256,31.904848004557824,33.573147134627455,panel_01_up_left__corner_1::gamut_009_cyy
panel_position_replicates,corner_1|c0.333333_m0.666667_y0.000000,6,,panel_01_up_left;panel_02_down;panel_03_up;panel_04_down;panel_05_up;panel_06_down_right,corner_1,23,gamut_023_cmm,cmm,0.3333333333333333,0.6666666666666666,0.0,60.80916101462488,-11.150203482192893,56.54258983762854,0.47647059,0.53725493,0.11568628,#7a891e,19.182283713131795,31.815920085286937,36.1731388988681,panel_01_up_left__corner_1::gamut_023_cmm
panel_position_replicates,corner_1|c0.400000_m0.000000_y0.600000,6,,panel_01_up_left;panel_02_down;panel_03_up;panel_04_down;panel_05_up;panel_06_down_right,corner_1,10,gamut_010_cycyy,cycyy,0.4,0.0,0.6,40.18830043917412,11.806736003175967,-11.96647965207821,0.27352942999999996,0.32941177,0.454901965,#465474,17.232285963581827,32.89072843410571,34.18697428003899,panel_01_up_left__corner_1::gamut_010_cycyy
panel_position_replicates,corner_1|c0.400000_m0.600000_y0.000000,6,,panel_01_up_left;panel_02_down;panel_03_up;panel_04_down;panel_05_up;panel_06_down_right,corner_1,22,gamut_022_cmcmm,cmcmm,0.4,0.6,0.0,58.07557798668532,-11.009440392422368,52.51094095114878,0.45980392,0.51960788,0.12156863,#75851f,19.864891963884773,32.459625699355,35.91871144026199,panel_01_up_left__corner_1::gamut_022_cmcmm
panel_position_replicates,corner_1|c0.500000_m0.000000_y0.500000,6,,panel_01_up_left;panel_02_down;panel_03_up;panel_04_down;panel_05_up;panel_06_down_right,corner_1,11,gamut_011_cy,cy,0.5,0.0,0.5,39.91845698629683,10.932806062160168,-10.467120783851957,0.258823535,0.3254902,0.421568635,#42536c,20.30948939048322,33.376841046887364,34.374849927099994,panel_01_up_left__corner_1::gamut_011_cy
panel_position_replicates,corner_1|c0.500000_m0.500000_y0.000000,6,,panel_01_up_left;panel_02_down;panel_03_up;panel_04_down;panel_05_up;panel_06_down_right,corner_1,21,gamut_021_cm,cm,0.5,0.5,0.0,54.99107987376287,-10.929994067701802,46.825960703869185,0.42941176999999997,0.49607844999999995,0.13529412000000002,#6e7f23,25.379947228633476,32.57174565407732,33.57111394646797,panel_01_up_left__corner_1::gamut_021_cm
panel_position_replicates,corner_1|c0.600000_m0.000000_y0.400000,6,,panel_01_up_left;panel_02_down;panel_03_up;panel_04_down;panel_05_up;panel_06_down_right,corner_1,12,gamut_012_ccycy,ccycy,0.6,0.0,0.4,40.22877607056395,12.545810582371402,-8.688611555401774,0.286274525,0.3254902,0.386274515,#495363,21.705651470559854,35.143324463236716,35.8539996343206,panel_01_up_left__corner_1::gamut_012_ccycy
panel_position_replicates,corner_1|c0.600000_m0.400000_y0.000000,6,,panel_01_up_left;panel_02_down;panel_03_up;panel_04_down;panel_05_up;panel_06_down_right,corner_1,20,gamut_020_ccmcm,ccmcm,0.6,0.4,0.0,51.90305334887176,-10.32862750257952,40.79879744863437,0.40392156999999995,0.476470585,0.17647059,#67792d,28.191934147000367,34.417365202866804,35.753482951201875,panel_01_up_left__corner_1::gamut_020_ccmcm
panel_position_replicates,corner_1|c0.666667_m0.000000_y0.333333,6,,panel_01_up_left;panel_02_down;panel_03_up;panel_04_down;panel_05_up;panel_06_down_right,corner_1,13,gamut_013_ccy,ccy,0.6666666666666666,0.0,0.3333333333333333,40.659241928861775,11.290720210888741,-7.7712353644044745,0.30784314999999995,0.32941177499999996,0.36666668,#4f545e,22.515809831382413,34.925006670820196,35.18147823780468,panel_01_up_left__corner_1::gamut_013_ccy
panel_position_replicates,corner_1|c0.666667_m0.333333_y0.000000,6,,panel_01_up_left;panel_02_down;panel_03_up;panel_04_down;panel_05_up;panel_06_down_right,corner_1,19,gamut_019_ccm,ccm,0.6666666666666666,0.3333333333333333,0.0,49.616760293792474,-10.098652160382272,35.98880210262885,0.390196085,0.457843135,0.19019608,#647531,28.930003891042567,37.20577114020354,40.06931752497619,panel_01_up_left__corner_1::gamut_019_ccm
panel_position_replicates,corner_1|c0.750000_m0.000000_y0.250000,6,,panel_01_up_left;panel_02_down;panel_03_up;panel_04_down;panel_05_up;panel_06_down_right,corner_1,14,gamut_014_ccyc,ccyc,0.75,0.0,0.25,41.65595040422178,7.93045967352686,-6.189876089215063,0.34313726499999997,0.33921569500000004,0.347058825,#585759,24.071224262111905,33.40362053446945,33.89910704110293,panel_01_up_left__corner_1::gamut_014_ccyc
panel_position_replicates,corner_1|c0.750000_m0.250000_y0.000000,6,,panel_01_up_left;panel_02_down;panel_03_up;panel_04_down;panel_05_up;panel_06_down_right,corner_1,18,gamut_018_ccmc,ccmc,0.75,0.25,0.0,47.3541709136516,-7.7827626391199916,29.94957906656017,0.378431385,0.443137265,0.22352942,#617139,30.048498334225613,38.43903406831333,42.60826236421243,panel_01_up_left__corner_1::gamut_018_ccmc
panel_position_replicates,corner_1|c0.800000_m0.000000_y0.200000,6,,panel_01_up_left;panel_02_down;panel_03_up;panel_04_down;panel_05_up;panel_06_down_right,corner_1,15,gamut_015_ccycc,ccycc,0.8,0.0,0.2,41.27230521088184,5.2011331214077,-4.913414544852945,0.34411766,0.346078435,0.32647059,#585853,25.012865722971064,31.551538293085358,32.41698072970268,panel_01_up_left__corner_1::gamut_015_ccycc
panel_position_replicates,corner_1|c0.800000_m0.200000_y0.000000,6,,panel_01_up_left;panel_02_down;panel_03_up;panel_04_down;panel_05_up;panel_06_down_right,corner_1,17,gamut_017_ccmcc,ccmcc,0.8,0.2,0.0,45.39918799638001,-6.029471381775297,25.036072098118844,0.35588235999999995,0.42352942,0.243137265,#5b6c3e,30.32162917568602,38.451648139167226,42.65513490653783,panel_01_up_left__corner_1::gamut_017_ccmcc
panel_position_replicates,corner_1|c1.000000_m0.000000_y0.000000,6,,panel_01_up_left;panel_02_down;panel_03_up;panel_04_down;panel_05_up;panel_06_down_right,corner_1,16,gamut_016_c,c,1.0,0.0,0.0,41.89167824208759,-1.0840222692460946,2.770764647554175,0.321568635,0.3882353,0.290196085,#52634a,28.513929689496532,35.08642027273123,36.24160316307779,panel_01_up_left__corner_1::gamut_016_c
panel_position_replicates,corner_2|c0.000000_m0.000000_y1.000000,6,,panel_01_up_left;panel_02_down;panel_03_up;panel_04_down;panel_05_up;panel_06_down_right,corner_2,6,gamut_006_y,y,0.0,0.0,1.0,45.05734343705926,54.8858112356037,-11.345222675764344,0.65686277,0.227450985,0.5137255000000001,#a83a83,6.250094836751272,37.91794510860824,38.47998976488617,panel_01_up_left__corner_2::gamut_006_y
panel_position_replicates,corner_2|c0.000000_m0.200000_y0.800000,6,,panel_01_up_left;panel_02_down;panel_03_up;panel_04_down;panel_05_up;panel_06_down_right,corner_2,5,gamut_005_yymyy,yymyy,0.0,0.2,0.8,42.45920838558153,37.96838956466017,-14.636353362912939,0.48725493,0.26666667,0.46078432,#7c4476,13.816357160276695,30.809025447367077,33.078470459329296,panel_01_up_left__corner_2::gamut_005_yymyy
panel_position_replicates,corner_2|c0.000000_m0.250000_y0.750000,6,,panel_01_up_left;panel_02_down;panel_03_up;panel_04_down;panel_05_up;panel_06_down_right,corner_2,4,gamut_004_ymyy,ymyy,0.0,0.25,0.75,42.25590443488443,33.47373106210337,-14.418066144486833,0.44705883,0.27352942999999996,0.435294125,#72466f,15.892772629193798,28.75025922049919,31.641843857233052,panel_01_up_left__corner_2::gamut_004_ymyy
panel_position_replicates,corner_2|c0.000000_m0.333333_y0.666667,6,,panel_01_up_left;panel_02_down;panel_03_up;panel_04_down;panel_05_up;panel_06_down_right,corner_2,3,gamut_003_myy,myy,0.0,0.3333333333333333,0.6666666666666666,41.744279432982296,27.648653383597427,-12.342342696312615,0.394117655,0.2637255,0.36960784999999996,#65435e,18.54139929510813,27.414527548403676,30.303907636980664,panel_01_up_left__corner_2::gamut_003_myy
panel_position_replicates,corner_2|c0.000000_m0.400000_y0.600000,6,,panel_01_up_left;panel_02_down;panel_03_up;panel_04_down;panel_05_up;panel_06_down_right,corner_2,2,gamut_002_mymyy,mymyy,0.0,0.4,0.6,42.04128664695031,23.607403273910087,-11.320154851965484,0.365686285,0.26666669,0.34705884,#5d4459,20.748122576461085,27.644741883120073,29.10964025991124,panel_01_up_left__corner_2::gamut_002_mymyy
panel_position_replicates,corner_2|c0.000000_m0.500000_y0.500000,6,,panel_01_up_left;panel_02_down;panel_03_up;panel_04_down;panel_05_up;panel_06_down_right,corner_2,1,gamut_001_my,my,0.0,0.5,0.5,42.12335892743553,18.137071422307276,-9.533485692220761,0.352941185,0.28431374,0.335294135,#5a4956,23.266680547763123,27.37573178131401,27.83314503371959,panel_01_up_left__corner_2::gamut_001_my
panel_position_replicates,corner_2|c0.000000_m0.600000_y0.400000,6,,panel_01_up_left;panel_02_down;panel_03_up;panel_04_down;panel_05_up;panel_06_down_right,corner_2,30,gamut_030_mmymy,mmymy,0.0,0.6,0.4,42.195067490952844,15.124868051282409,-9.875057284544901,0.33333334000000003,0.31568629000000004,0.3137255,#555150,24.643056279733905,26.858974823913577,28.09268802533198,panel_01_up_left__corner_2::gamut_030_mmymy
panel_position_replicates,corner_2|c0.000000_m0.666667_y0.333333,6,,panel_01_up_left;panel_02_down;panel_03_up;panel_04_down;panel_05_up;panel_06_down_right,corner_2,29,gamut_029_mmy,mmy,0.0,0.6666666666666666,0.3333333333333333,41.694225259650054,14.685415267646206,-9.23460302844764,0.32352943,0.32156863999999996,0.303921575,#53524e,24.503797305784662,30.65703625234474,32.386374451099826,panel_01_up_left__corner_2::gamut_029_mmy
panel_position_replicates,corner_2|c0.000000_m0.750000_y0.250000,6,,panel_01_up_left;panel_02_down;panel_03_up;panel_04_down;panel_05_up;panel_06_down_right,corner_2,28,gamut_028_mmym,mmym,0.0,0.75,0.25,41.994291390331554,14.087436045818194,-8.061098465456997,0.31078431,0.33333335,0.286274515,#4f5549,25.26648623939718,34.05597123130242,38.32518738946028,panel_01_up_left__corner_2::gamut_028_mmym
panel_position_replicates,corner_2|c0.000000_m0.800000_y0.200000,6,,panel_01_up_left;panel_02_down;panel_03_up;panel_04_down;panel_05_up;panel_06_down_right,corner_2,27,gamut_027_mmymm,mmymm,0.0,0.8,0.2,42.1940121000033,13.700215931855118,-6.17587685309935,0.29411765,0.34117648,0.26470589,#4b5744,26.236522276172536,35.46902027019142,40.913973955361655,panel_01_up_left__corner_2::gamut_027_mmymm
panel_position_replicates,corner_2|c0.000000_m1.000000_y0.000000,6,,panel_01_up_left;panel_02_down;panel_03_up;panel_04_down;panel_05_up;panel_06_down_right,corner_2,26,gamut_026_m,m,0.0,1.0,0.0,47.306680959403025,-1.3048262410891645,1.5780559137441168,0.27450980999999997,0.36862745500000005,0.254901965,#465e41,29.801037874171932,36.64489815853873,38.31692609714508,panel_01_up_left__corner_2::gamut_026_m
panel_position_replicates,corner_2|c0.200000_m0.000000_y0.800000,6,,panel_01_up_left;panel_02_down;panel_03_up;panel_04_down;panel_05_up;panel_06_down_right,corner_2,7,gamut_007_yycyy,yycyy,0.2,0.0,0.8,47.5122587523095,47.93421517936704,6.014859601041578,0.67254904,0.30000001,0.431372555,#ac4d6e,6.919128818802681,51.42035786063613,51.97739002955147,panel_01_up_left__corner_2::gamut_007_yycyy
panel_position_replicates,corner_2|c0.200000_m0.800000_y0.000000,6,,panel_01_up_left;panel_02_down;panel_03_up;panel_04_down;panel_05_up;panel_06_down_right,corner_2,25,gamut_025_mmcmm,mmcmm,0.2,0.8,0.0,52.86416167926266,-5.99533939413565,26.060616391023334,0.313725495,0.44509804,0.22647059999999997,#50723a,31.06403493336053,42.25047424069281,49.302888822745615,panel_01_up_left__corner_2::gamut_025_mmcmm
panel_position_replicates,corner_2|c0.250000_m0.000000_y0.750000,6,,panel_01_up_left;panel_02_down;panel_03_up;panel_04_down;panel_05_up;panel_06_down_right,corner_2,8,gamut_008_ycyy,ycyy,0.25,0.0,0.75,49.057273184708734,45.37973614777635,12.171225121657702,0.68039217,0.32941177499999996,0.40784314499999996,#ae5468,6.848441683449469,53.4404016573101,53.76030637474508,panel_01_up_left__corner_2::gamut_008_ycyy
panel_position_replicates,corner_2|c0.250000_m0.750000_y0.000000,6,,panel_01_up_left;panel_02_down;panel_03_up;panel_04_down;panel_05_up;panel_06_down_right,corner_2,24,gamut_024_mcmm,mcmm,0.25,0.75,0.0,55.77873903527936,-8.258799847124159,31.208007749986013,0.337254905,0.468627475,0.221568635,#567839,29.71813315944516,42.40570442725073,50.88725974407504,panel_01_up_left__corner_2::gamut_024_mcmm
panel_position_replicates,corner_2|c0.333333_m0.000000_y0.666667,6,,panel_01_up_left;panel_02_down;panel_03_up;panel_04_down;panel_05_up;panel_06_down_right,corner_2,9,gamut_009_cyy,cyy,0.3333333333333333,0.0,0.6666666666666666,50.975414091531796,42.60509523119944,18.381308015500707,0.68627455,0.35490197,0.37058824,#af5b5f,6.7731359311475625,56.61208672565354,56.967547082685606,panel_01_up_left__corner_2::gamut_009_cyy
panel_position_replicates,corner_2|c0.333333_m0.666667_y0.000000,6,,panel_01_up_left;panel_02_down;panel_03_up;panel_04_down;panel_05_up;panel_06_down_right,corner_2,23,gamut_023_cmm,cmm,0.3333333333333333,0.6666666666666666,0.0,58.259005899439835,-10.76670103955965,37.93054129617445,0.364705885,0.494117665,0.21176472,#5d7e36,28.49205629331137,42.121293923033704,48.161380343227975,panel_01_up_left__corner_2::gamut_023_cmm
panel_position_replicates,corner_2|c0.400000_m0.000000_y0.600000,6,,panel_01_up_left;panel_02_down;panel_03_up;panel_04_down;panel_05_up;panel_06_down_right,corner_2,10,gamut_010_cycyy,cycyy,0.4,0.0,0.6,51.99578438439722,39.76146786263872,23.140752412198268,0.688235315,0.37647059,0.33725490999999996,#b06056,6.359848484117595,56.033804499535115,56.468135252177184,panel_01_up_left__corner_2::gamut_010_cycyy
panel_position_replicates,corner_2|c0.400000_m0.600000_y0.000000,6,,panel_01_up_left;panel_02_down;panel_03_up;panel_04_down;panel_05_up;panel_06_down_right,corner_2,22,gamut_022_cmcmm,cmcmm,0.4,0.6,0.0,60.35982049261651,-11.321418289104685,42.15639541797239,0.38627452,0.5137255000000001,0.19117647,#638331,26.51609047958674,41.791617436095834,46.2121861160152,panel_01_up_left__corner_2::gamut_022_cmcmm
panel_position_replicates,corner_2|c0.500000_m0.000000_y0.500000,6,,panel_01_up_left;panel_02_down;panel_03_up;panel_04_down;panel_05_up;panel_06_down_right,corner_2,11,gamut_011_cy,cy,0.5,0.0,0.5,54.59453112450853,36.35816037463246,31.164580842207656,0.70980395,0.40980393000000004,0.284313735,#b56949,6.415993405182544,53.9779644329854,54.422691165491315,panel_01_up_left__corner_2::gamut_011_cy
panel_position_replicates,corner_2|c0.500000_m0.500000_y0.000000,6,,panel_01_up_left;panel_02_down;panel_03_up;panel_04_down;panel_05_up;panel_06_down_right,corner_2,21,gamut_021_cm,cm,0.5,0.5,0.0,62.249966897187385,-11.764334419620686,49.49064872635381,0.42352942000000005,0.54117649,0.14117648,#6c8a24,25.198768886300492,39.652122801045934,39.68257100916377,panel_01_up_left__corner_2::gamut_021_cm
panel_position_replicates,corner_2|c0.600000_m0.000000_y0.400000,6,,panel_01_up_left;panel_02_down;panel_03_up;panel_04_down;panel_05_up;panel_06_down_right,corner_2,12,gamut_012_ccycy,ccycy,0.6,0.0,0.4,58.24891010293857,32.32017043089007,35.83086323605211,0.7490196149999999,0.460784315,0.2764706,#bf7647,5.460657927403595,49.6832084335916,49.87732998198222,panel_01_up_left__corner_2::gamut_012_ccycy
panel_position_replicates,corner_2|c0.600000_m0.400000_y0.000000,6,,panel_01_up_left;panel_02_down;panel_03_up;panel_04_down;panel_05_up;panel_06_down_right,corner_2,20,gamut_020_ccmcm,ccmcm,0.6,0.4,0.0,64.28975442936974,-11.825478540557405,54.83284366346228,0.46960786,0.5686274849999999,0.14313726,#789125,23.93532593118026,35.62150017265318,38.55793693568295,panel_01_up_left__corner_2::gamut_020_ccmcm
panel_position_replicates,corner_2|c0.666667_m0.000000_y0.333333,6,,panel_01_up_left;panel_02_down;panel_03_up;panel_04_down;panel_05_up;panel_06_down_right,corner_2,13,gamut_013_ccy,ccy,0.6666666666666666,0.0,0.3333333333333333,61.33757651907932,27.269028808608823,41.59206167755936,0.7490196149999999,0.5127451,0.24509804000000002,#bf833f,7.452430681088506,44.018082028042464,44.04706722401266,panel_01_up_left__corner_2::gamut_013_ccy
panel_position_replicates,corner_2|c0.666667_m0.333333_y0.000000,6,,panel_01_up_left;panel_02_down;panel_03_up;panel_04_down;panel_05_up;panel_06_down_right,corner_2,19,gamut_019_ccm,ccm,0.6666666666666666,0.3333333333333333,0.0,65.38131516816415,-12.455553390528395,58.66590018917219,0.49803922500000003,0.5862745199999999,0.14901961,#7f9626,22.726464910352647,30.65470527707645,33.91935630997078,panel_01_up_left__corner_2::gamut_019_ccm
panel_position_replicates,corner_2|c0.750000_m0.000000_y0.250000,6,,panel_01_up_left;panel_02_down;panel_03_up;panel_04_down;panel_05_up;panel_06_down_right,corner_2,14,gamut_014_ccyc,ccyc,0.75,0.0,0.25,65.0519027969074,19.5573334998857,50.69999082503842,0.75882355,0.5784313999999999,0.201960785,#c29434,8.01808454851718,35.38351392087127,35.48741229181668,panel_01_up_left__corner_2::gamut_014_ccyc
panel_position_replicates,corner_2|c0.750000_m0.250000_y0.000000,6,,panel_01_up_left;panel_02_down;panel_03_up;panel_04_down;panel_05_up;panel_06_down_right,corner_2,18,gamut_018_ccmc,ccmc,0.75,0.25,0.0,67.58287991620435,-13.28324850312157,64.05287200833301,0.5549019749999999,0.6156862999999999,0.137254905,#8e9d23,18.28638916502812,27.112651462940025,29.150912622885972,panel_01_up_left__corner_2::gamut_018_ccmc
panel_position_replicates,corner_2|c0.800000_m0.000000_y0.200000,6,,panel_01_up_left;panel_02_down;panel_03_up;panel_04_down;panel_05_up;panel_06_down_right,corner_2,15,gamut_015_ccycc,ccycc,0.8,0.0,0.2,67.59761644503438,14.565999112478952,55.38240722716391,0.757843165,0.62647058,0.186274515,#c1a030,9.139960013737216,29.863212652589,29.911848880383104,panel_01_up_left__corner_2::gamut_015_ccycc
panel_position_replicates,corner_2|c0.800000_m0.200000_y0.000000,6,,panel_01_up_left;panel_02_down;panel_03_up;panel_04_down;panel_05_up;panel_06_down_right,corner_2,17,gamut_017_ccmcc,ccmcc,0.8,0.2,0.0,68.54020582467541,-14.40801058349496,66.9658677106295,0.5862745199999999,0.632352965,0.1254902,#96a120,14.89371733126817,23.906433054620237,24.516246505014816,panel_01_up_left__corner_2::gamut_017_ccmcc
panel_position_replicates,corner_2|c1.000000_m0.000000_y0.000000,6,,panel_01_up_left;panel_02_down;panel_03_up;panel_04_down;panel_05_up;panel_06_down_right,corner_2,16,gamut_016_c,c,1.0,0.0,0.0,86.06463354426964,-12.252060498900375,83.79473351366039,0.9176470649999999,0.85686275,0.0627451,#eadb10,1.3403310652179607,5.46036272984441,5.489188659022592,panel_01_up_left__corner_2::gamut_016_c
panel_position_replicates,corner_3|c0.000000_m0.000000_y1.000000,6,,panel_01_up_left;panel_02_down;panel_03_up;panel_04_down;panel_05_up;panel_06_down_right,corner_3,6,gamut_006_y,y,0.0,0.0,1.0,40.356056044865525,-0.5091716313618717,2.099626567722511,0.278431375,0.35098039999999997,0.25490197000000003,#475a41,27.790959699278872,35.5545430731095,38.341429518921196,panel_01_up_left__corner_3::gamut_006_y
panel_position_replicates,corner_3|c0.000000_m0.200000_y0.800000,6,,panel_01_up_left;panel_02_down;panel_03_up;panel_04_down;panel_05_up;panel_06_down_right,corner_3,5,gamut_005_yymyy,yymyy,0.0,0.2,0.8,35.27577035005959,15.944873503072227,-7.252489703527959,0.29215687,0.288235305,0.27254903,#4b4a46,23.540777320128612,36.06747834513475,41.013457539776766,panel_01_up_left__corner_3::gamut_005_yymyy
panel_position_replicates,corner_3|c0.000000_m0.250000_y0.750000,6,,panel_01_up_left;panel_02_down;panel_03_up;panel_04_down;panel_05_up;panel_06_down_right,corner_3,4,gamut_004_ymyy,ymyy,0.0,0.25,0.75,36.54496813069176,16.348674109250172,-8.159141540385857,0.305882365,0.29019609,0.2882353,#4e4a4a,23.54032189360894,35.10917447647034,39.367192732083694,panel_01_up_left__corner_3::gamut_004_ymyy
panel_position_replicates,corner_3|c0.000000_m0.333333_y0.666667,6,,panel_01_up_left;panel_02_down;panel_03_up;panel_04_down;panel_05_up;panel_06_down_right,corner_3,3,gamut_003_myy,myy,0.0,0.3333333333333333,0.6666666666666666,36.6296058934322,16.697722622217455,-9.755680573572844,0.30784315,0.28235295,0.301960785,#4f484d,23.803784043319148,31.646585581038487,32.81573908706098,panel_01_up_left__corner_3::gamut_003_myy
panel_position_replicates,corner_3|c0.000000_m0.400000_y0.600000,6,,panel_01_up_left;panel_02_down;panel_03_up;panel_04_down;panel_05_up;panel_06_down_right,corner_3,2,gamut_002_mymyy,mymyy,0.0,0.4,0.6,38.01071939932696,17.10352455485249,-10.048577570079736,0.30784314999999995,0.29019609,0.317647065,#4f4a51,23.779292160178052,27.639969126236196,29.374311879517904,panel_01_up_left__corner_3::gamut_002_mymyy
panel_position_replicates,corner_3|c0.000000_m0.500000_y0.500000,6,,panel_01_up_left;panel_02_down;panel_03_up;panel_04_down;panel_05_up;panel_06_down_right,corner_3,1,gamut_001_my,my,0.0,0.5,0.5,38.694906789916395,21.158748362926403,-10.658599402013074,0.333333345,0.284313735,0.33725491500000004,#554956,21.4214154311754,26.84379857872375,26.982209208967028,panel_01_up_left__corner_3::gamut_001_my
panel_position_replicates,corner_3|c0.000000_m0.600000_y0.400000,6,,panel_01_up_left;panel_02_down;panel_03_up;panel_04_down;panel_05_up;panel_06_down_right,corner_3,30,gamut_030_mmymy,mmymy,0.0,0.6,0.4,40.26983929442036,26.957643121396632,-13.252166353531308,0.39313726,0.274509825,0.36470589,#64465d,19.549217545071336,26.6552669780027,28.466970306570957,panel_01_up_left__corner_3::gamut_030_mmymy
panel_position_replicates,corner_3|c0.000000_m0.666667_y0.333333,6,,panel_01_up_left;panel_02_down;panel_03_up;panel_04_down;panel_05_up;panel_06_down_right,corner_3,29,gamut_029_mmy,mmy,0.0,0.6666666666666666,0.3333333333333333,40.89223424345553,30.131802508397143,-14.265517609578676,0.42156863499999997,0.274509815,0.3764706,#6c4660,17.76138811816244,27.424034706371792,29.797504752192346,panel_01_up_left__corner_3::gamut_029_mmy
panel_position_replicates,corner_3|c0.000000_m0.750000_y0.250000,6,,panel_01_up_left;panel_02_down;panel_03_up;panel_04_down;panel_05_up;panel_06_down_right,corner_3,28,gamut_028_mmym,mmym,0.0,0.75,0.25,41.42135878042384,35.37149201976712,-15.792164139778764,0.47058824,0.286274525,0.42156863,#78496c,15.417984918576563,28.540177846208195,31.25789950279047,panel_01_up_left__corner_3::gamut_028_mmym
panel_position_replicates,corner_3|c0.000000_m0.800000_y0.200000,6,,panel_01_up_left;panel_02_down;panel_03_up;panel_04_down;panel_05_up;panel_06_down_right,corner_3,27,gamut_027_mmymm,mmymm,0.0,0.8,0.2,41.72668453165509,38.782036774531974,-14.471568489538562,0.50490197,0.280392175,0.45196078500000003,#814873,13.306660892063856,30.78625134845936,32.62354769355679,panel_01_up_left__corner_3::gamut_027_mmymm
panel_position_replicates,corner_3|c0.000000_m1.000000_y0.000000,6,,panel_01_up_left;panel_02_down;panel_03_up;panel_04_down;panel_05_up;panel_06_down_right,corner_3,26,gamut_026_m,m,0.0,1.0,0.0,44.66025032706878,55.81685537785505,-11.665215444387522,0.660784335,0.23529411500000003,0.5254902100000001,#a93c86,6.192051245799705,36.97953988088749,37.47562250563039,panel_01_up_left__corner_3::gamut_026_m
panel_position_replicates,corner_3|c0.200000_m0.000000_y0.800000,6,,panel_01_up_left;panel_02_down;panel_03_up;panel_04_down;panel_05_up;panel_06_down_right,corner_3,7,gamut_007_yycyy,yycyy,0.2,0.0,0.8,39.641122317033194,7.103569189572598,-5.568181140004688,0.304901965,0.3156863,0.31176471,#4e5150,25.40813196135985,32.4114920891641,32.579878836402095,panel_01_up_left__corner_3::gamut_007_yycyy
panel_position_replicates,corner_3|c0.200000_m0.800000_y0.000000,6,,panel_01_up_left;panel_02_down;panel_03_up;panel_04_down;panel_05_up;panel_06_down_right,corner_3,25,gamut_025_mmcmm,mmcmm,0.2,0.8,0.0,37.89944239925954,40.88806428586673,-24.9160690732763,0.48235296,0.2647059,0.5450980750000001,#7b448b,5.7388534744452615,21.93859574925849,22.7367455502288,panel_01_up_left__corner_3::gamut_025_mmcmm
panel_position_replicates,corner_3|c0.250000_m0.000000_y0.750000,6,,panel_01_up_left;panel_02_down;panel_03_up;panel_04_down;panel_05_up;panel_06_down_right,corner_3,8,gamut_008_ycyy,ycyy,0.25,0.0,0.75,40.31989042823255,8.326759411751773,-5.997680996833671,0.28823529999999997,0.32352941999999996,0.33529412000000003,#4a5356,25.063502886659084,32.631745869837104,33.422056026964995,panel_01_up_left__corner_3::gamut_008_ycyy
panel_position_replicates,corner_3|c0.250000_m0.750000_y0.000000,6,,panel_01_up_left;panel_02_down;panel_03_up;panel_04_down;panel_05_up;panel_06_down_right,corner_3,24,gamut_024_mcmm,mcmm,0.25,0.75,0.0,37.08906503071645,38.58220796932518,-27.66938591033987,0.45196079,0.26274511,0.54705885,#73438c,5.675372764949767,17.70883941408681,18.371196468662212,panel_01_up_left__corner_3::gamut_024_mcmm
panel_position_replicates,corner_3|c0.333333_m0.000000_y0.666667,6,,panel_01_up_left;panel_02_down;panel_03_up;panel_04_down;panel_05_up;panel_06_down_right,corner_3,9,gamut_009_cyy,cyy,0.3333333333333333,0.0,0.6666666666666666,40.214682459715505,11.578256923161973,-7.554451490863917,0.267647065,0.32352941999999996,0.360784325,#44535c,24.196784673378843,34.03767403740186,35.70222236085686,panel_01_up_left__corner_3::gamut_009_cyy
panel_position_replicates,corner_3|c0.333333_m0.666667_y0.000000,6,,panel_01_up_left;panel_02_down;panel_03_up;panel_04_down;panel_05_up;panel_06_down_right,corner_3,23,gamut_023_cmm,cmm,0.3333333333333333,0.6666666666666666,0.0,35.76747604639121,34.06964848091305,-30.968939151009916,0.40588235500000003,0.26666669,0.55490198,#68448e,5.630530742481016,11.029917761678757,12.34156760409344,panel_01_up_left__corner_3::gamut_023_cmm
panel_position_replicates,corner_3|c0.400000_m0.000000_y0.600000,6,,panel_01_up_left;panel_02_down;panel_03_up;panel_04_down;panel_05_up;panel_06_down_right,corner_3,10,gamut_010_cycyy,cycyy,0.4,0.0,0.6,40.55248650734542,13.425399943258778,-7.8393754605887676,0.2627451,0.32843138,0.39411766000000004,#435465,23.835335458530352,35.134230051663344,37.62099532437455,panel_01_up_left__corner_3::gamut_010_cycyy
panel_position_replicates,corner_3|c0.400000_m0.600000_y0.000000,6,,panel_01_up_left;panel_02_down;panel_03_up;panel_04_down;panel_05_up;panel_06_down_right,corner_3,22,gamut_022_cmcmm,cmcmm,0.4,0.6,0.0,35.79317609677082,31.631265429302285,-33.98320756090729,0.40294118,0.27058825,0.5568627500000001,#67458e,4.73951503898415,7.691664205975465,8.435356863950762,panel_01_up_left__corner_3::gamut_022_cmcmm
panel_position_replicates,corner_3|c0.500000_m0.000000_y0.500000,6,,panel_01_up_left;panel_02_down;panel_03_up;panel_04_down;panel_05_up;panel_06_down_right,corner_3,11,gamut_011_cy,cy,0.5,0.0,0.5,40.11432644217213,12.372248584821506,-9.677361421276604,0.25490197000000003,0.323529425,0.419607845,#41536b,22.590693864223834,33.87370492542703,36.18346852703564,panel_01_up_left__corner_3::gamut_011_cy
panel_position_replicates,corner_3|c0.500000_m0.500000_y0.000000,6,,panel_01_up_left;panel_02_down;panel_03_up;panel_04_down;panel_05_up;panel_06_down_right,corner_3,21,gamut_021_cm,cm,0.5,0.5,0.0,35.103334297215866,28.971818749676288,-36.8300982484262,0.39215687,0.26470589499999997,0.550980415,#64448d,2.4876575197033137,5.326926031599677,5.719915926541388,panel_01_up_left__corner_3::gamut_021_cm
panel_position_replicates,corner_3|c0.600000_m0.000000_y0.400000,6,,panel_01_up_left;panel_02_down;panel_03_up;panel_04_down;panel_05_up;panel_06_down_right,corner_3,12,gamut_012_ccycy,ccycy,0.6,0.0,0.4,39.17648961939348,13.542251749281885,-11.641047378315918,0.273529425,0.319607855,0.458823535,#465275,19.169950570328872,33.198217405523344,35.8569107974816,panel_01_up_left__corner_3::gamut_012_ccycy
panel_position_replicates,corner_3|c0.600000_m0.400000_y0.000000,6,,panel_01_up_left;panel_02_down;panel_03_up;panel_04_down;panel_05_up;panel_06_down_right,corner_3,20,gamut_020_ccmcm,ccmcm,0.6,0.4,0.0,36.03623069400386,26.180973531654722,-37.74162557701005,0.35882355,0.278431385,0.5647059,#5c4790,3.0711416482794904,7.11896468427631,8.092822563601942,panel_01_up_left__corner_3::gamut_020_ccmcm
panel_position_replicates,corner_3|c0.666667_m0.000000_y0.333333,6,,panel_01_up_left;panel_02_down;panel_03_up;panel_04_down;panel_05_up;panel_06_down_right,corner_3,13,gamut_013_ccy,ccy,0.6666666666666666,0.0,0.3333333333333333,38.748008601752844,14.04049223604005,-13.2686261614267,0.286274515,0.317647065,0.474509825,#495179,17.414316031711174,32.222926576206035,34.748503874506206,panel_01_up_left__corner_3::gamut_013_ccy
panel_position_replicates,corner_3|c0.666667_m0.333333_y0.000000,6,,panel_01_up_left;panel_02_down;panel_03_up;panel_04_down;panel_05_up;panel_06_down_right,corner_3,19,gamut_019_ccm,ccm,0.6666666666666666,0.3333333333333333,0.0,36.73766996722216,23.799684882327888,-39.67564636334565,0.33235295,0.29215688,0.5921568749999999,#554b97,2.407430384200162,11.15861664553234,11.734476754756688,panel_01_up_left__corner_3::gamut_019_ccm
panel_position_replicates,corner_3|c0.750000_m0.000000_y0.250000,6,,panel_01_up_left;panel_02_down;panel_03_up;panel_04_down;panel_05_up;panel_06_down_right,corner_3,14,gamut_014_ccyc,ccyc,0.75,0.0,0.25,39.15003159150493,12.419113931539117,-14.796207286255836,0.26470588500000003,0.31960785,0.50588237,#445281,16.952541323933733,29.007191455105556,30.855326498481396,panel_01_up_left__corner_3::gamut_014_ccyc
panel_position_replicates,corner_3|c0.750000_m0.250000_y0.000000,6,,panel_01_up_left;panel_02_down;panel_03_up;panel_04_down;panel_05_up;panel_06_down_right,corner_3,18,gamut_018_ccmc,ccmc,0.75,0.25,0.0,38.727896763975124,20.61779856441206,-43.87085629517479,0.28627452,0.31764707000000003,0.625490235,#4951a0,2.306257117722117,17.970369421290485,18.28031704899495,panel_01_up_left__corner_3::gamut_018_ccmc
panel_position_replicates,corner_3|c0.800000_m0.000000_y0.200000,6,,panel_01_up_left;panel_02_down;panel_03_up;panel_04_down;panel_05_up;panel_06_down_right,corner_3,15,gamut_015_ccycc,ccycc,0.8,0.0,0.2,41.144168748527605,11.398222213847841,-18.90632385482423,0.24117647999999997,0.33137255499999996,0.52156865,#3e5585,16.965248635670093,24.458428087056106,25.25853344297988,panel_01_up_left__corner_3::gamut_015_ccycc
panel_position_replicates,corner_3|c0.800000_m0.200000_y0.000000,6,,panel_01_up_left;panel_02_down;panel_03_up;panel_04_down;panel_05_up;panel_06_down_right,corner_3,17,gamut_017_ccmcc,ccmcc,0.8,0.2,0.0,40.357048792871936,18.069797154559666,-46.479872982262364,0.26078432,0.32941177,0.65490197,#4354a7,3.3730641397127537,22.26344030600928,22.344410959387215,panel_01_up_left__corner_3::gamut_017_ccmcc
panel_position_replicates,corner_3|c1.000000_m0.000000_y0.000000,6,,panel_01_up_left;panel_02_down;panel_03_up;panel_04_down;panel_05_up;panel_06_down_right,corner_3,16,gamut_016_c,c,1.0,0.0,0.0,49.00864454893356,9.652376394101243,-51.18740597645136,0.117647065,0.401960785,0.7372548999999999,#1e67bc,5.444905963819213,37.178681885362124,37.34739352777193,panel_01_up_left__corner_3::gamut_016_c
