analysis_id,filename,corner_label,condition,bottom_left_x,bottom_left_y,top_x,top_y,bottom_right_x,bottom_right_y,image_width,image_height,max_analysis_dim
full__cym__cmyfullDSC_4513,cmyfullDSC_4513.tif,cym,full,1381.2631578947369,1141.1052631578948,836.0,202.0,295.0,1141.0,1800,1350,1800
full__cwy__cwyDSC_4517,cwyDSC_4517.tif,cwy,full,264.3157894736842,1142.5263157894738,862.578947368421,113.68421052631578,1443.7894736842104,1139.6842105263158,1800,1350,1800
full__cwm__cwmDSC_4519,cwmDSC_4519.tif,cwm,full,282.7894736842105,1129.7368421052631,888.1578947368421,116.52631578947368,1469.3684210526314,1142.5263157894738,1800,1350,1800
full__ywm__DSC_4523ywm,DSC_4523ywm.tif,ywm,full,275.6842105263158,1122.6315789473683,879.6315789473684,117.94736842105264,1453.7368421052631,1132.578947368421,1800,1350,1800
full__ywm__DSC_4524ywm,DSC_4524ywm.tif,ywm,full,278.5263157894737,1126.8947368421052,882.4736842105262,116.52631578947368,1459.421052631579,1136.842105263158,1800,1350,1800
full__cly__clyDSC_4529,clyDSC_4529.tif,cly,full,337.0,1132.0,892.421052631579,200.3684210526316,1427.0,1143.0,1800,1350,1800
full__clm__clmDSC_4531,clmDSC_4531.tif,clm,full,357.0,1114.0,920.842105263158,201.7894736842105,1440.0,1141.0,1800,1350,1800
full__ylm__DSC_4534ylm,DSC_4534ylm.tif,ylm,full,351.0,1126.8947368421052,918.0,205.0,1446.6315789473683,1138.2631578947369,1800,1350,1800
full__cny__cnyDSC_4536,cnyDSC_4536.tif,cny,full,351.0,1134.0,901.0,204.0,1437.0,1140.0,1800,1350,1800
full__cnm__DSC_4539cnm,DSC_4539cnm.tif,cnm,full,371.0,1121.0,926.0,203.0,1458.0,1137.0,1800,1350,1800
full__ynm__DSC_4541ynm,DSC_4541ynm.tif,ynm,full,342.4736842105263,1131.157894736842,916.0,203.0,1434.0,1138.0,1800,1350,1800
full__cky__DSC_4542cky,DSC_4542cky.tif,cky,full,343.89473684210526,1129.7368421052631,906.0,203.0,1433.0,1135.0,1800,1350,1800
full__kcm__DSC_4544kcm,DSC_4544kcm.tif,kcm,full,382.2631578947368,1126.8947368421052,945.0,206.05263157894737,1466.5263157894738,1136.842105263158,1800,1350,1800
full__mky__DSC_4547mky,DSC_4547mky.tif,mky,full,356.6842105263158,1129.7368421052631,914.0,203.0,1442.0,1139.0,1800,1350,1800
full__coy__DSC_4549coy,DSC_4549coy.tif,coy,full,367.0,1116.0,925.1052631578948,206.05263157894737,1450.0,1134.0,1800,1350,1800
full__com__DSC_4551com,DSC_4551com.tif,com,full,374.0,1125.0,920.842105263158,204.6315789473684,1456.0,1141.0,1800,1350,1800
full__yom__DSC_4553yom,DSC_4553yom.tif,yom,full,403.578947368421,1121.2105263157894,968.0,204.0,1484.0,1133.0,1800,1350,1800
full__cvy__DSC_4561cvy,DSC_4561cvy.tif,cvy,full,305.5263157894737,1126.8947368421052,864.0,208.8947368421053,1392.0,1134.0,1800,1350,1800
full__vcm__DSC_4563vcm,DSC_4563vcm.tif,vcm,full,332.5263157894737,1136.842105263158,889.0,202.0,1429.578947368421,1138.2631578947369,1800,1350,1800
full__mvy__DSC_4565mvy,DSC_4565mvy.tif,mvy,full,318.3157894736842,1138.2631578947369,877.0,203.0,1413.9473684210525,1138.2631578947369,1800,1350,1800
full__cgy__DSC_4566cgy,DSC_4566cgy.tif,cgy,full,325.42105263157896,1139.6842105263158,870.0,203.0,1417.0,1137.0,1800,1350,1800
full__cgm__DSC_4568cgm,DSC_4568cgm.tif,cgm,full,354.0,1132.0,892.421052631579,203.21052631578948,1444.0,1132.0,1800,1350,1800
full__ygm__DSC_4570ygm,DSC_4570ygm.tif,ygm,full,348.1578947368421,1143.9473684210527,893.8421052631579,200.3684210526316,1440.0,1129.0,1800,1350,1800
two_color__cym__cmysimpleDSC_4511,cmysimpleDSC_4511.tif,cym,two_color,204.6315789473684,1125.4736842105262,757.0,203.0,1294.578947368421,1136.842105263158,1800,1350,1800
two_color__cym__cmysimpleDSC_4512,cmysimpleDSC_4512.tif,cym,two_color,220.26315789473685,1122.6315789473683,773.0,201.0,1313.0526315789473,1136.842105263158,1800,1350,1800
two_color__cwy__DSC_4574cwy,DSC_4574cwy.tif,cwy,two_color,292.7368421052632,1126.8947368421052,910.8947368421052,95.21052631578948,1496.3684210526314,1139.6842105263158,1800,1350,1800
two_color__cwm__DSC_4576cwm,DSC_4576cwm.tif,cwm,two_color,295.57894736842104,1128.3157894736842,907.4088653061208,95.91546266173049,1502.0526315789473,1138.2631578947369,1800,1350,1800
two_color__ywm__DSC_4578ywm,DSC_4578ywm.tif,ywm,two_color,291.3157894736842,1138.2631578947369,908.0526315789474,105.15789473684212,1503.4736842105262,1138.2631578947369,1800,1350,1800
two_color__ylm__DSC_4580ylm,DSC_4580ylm.tif,ylm,two_color,353.84210526315786,1143.9473684210527,899.5263157894736,201.7894736842105,1443.0,1137.0,1800,1350,1800
two_color__cly__DSC_4582cly,DSC_4582cly.tif,cly,two_color,335.3684210526316,1129.7368421052631,875.0,207.0,1413.9473684210525,1131.157894736842,1800,1350,1800
two_color__clm__DSC_4584clm,DSC_4584clm.tif,clm,two_color,363.7894736842105,1136.842105263158,900.9473684210526,213.1578947368421,1436.0,1138.0,1800,1350,1800
two_color__cnm__DSC_4588cnm,DSC_4588cnm.tif,cnm,two_color,365.0,1121.0,903.0,203.0,1435.0,1122.0,1800,1350,1800
two_color__ynm__DSC_4591ynm,DSC_4591ynm.tif,ynm,two_color,399.3157894736842,1125.4736842105262,964.0,204.0,1472.0,1140.0,1800,1350,1800
two_color__cny__DSC_4593cny,DSC_4593cny.tif,cny,two_color,368.0,1118.0,904.0,203.0,1429.578947368421,1121.2105263157894,1800,1350,1800
two_color__cky__DSC_4595cky,DSC_4595cky.tif,cky,two_color,376.0,1122.0,899.0,203.0,1443.7894736842104,1121.2105263157894,1800,1350,1800
two_color__ckm__DSC_4598ckm,DSC_4598ckm.tif,ckm,two_color,387.0,1134.0,937.0,202.0,1465.0,1138.0,1800,1350,1800
two_color__ykm__DSC_4599ykm,DSC_4599ykm.tif,ykm,two_color,360.9473684210526,1141.1052631578948,902.3684210526316,204.6315789473684,1437.0,1137.0,1800,1350,1800
two_color__coy__DSC_4601coy,DSC_4601coy.tif,coy,two_color,384.0,1124.0,937.0,202.0,1455.157894736842,1139.6842105263158,1800,1350,1800
two_color__com__DSC_4603com,DSC_4603com.tif,com,two_color,454.7368421052631,1131.157894736842,1003.2631578947368,211.73684210526315,1525.0,1137.0,1800,1350,1800
two_color__yom__DSC_4605yom,DSC_4605yom.tif,yom,two_color,427.7368421052631,1138.2631578947369,979.0,202.0,1511.0,1138.0,1800,1350,1800
two_color__cvy__DSC_4607cvy,DSC_4607cvy.tif,cvy,two_color,417.7894736842105,1135.421052631579,960.0,203.0,1499.2105263157894,1138.2631578947369,1800,1350,1800
two_color__cvm__DSC_4610cvm,DSC_4610cvm.tif,cvm,two_color,446.2105263157895,1131.157894736842,999.0,203.0,1527.6315789473683,1138.2631578947369,1800,1350,1800
two_color__yvm__DSC_4612yvm,DSC_4612yvm.tif,yvm,two_color,393.6315789473685,1129.7368421052631,956.3684210526316,203.21052631578948,1480.7368421052631,1139.6842105263158,1800,1350,1800
two_color__cgy__DSC_4616cgy,DSC_4616cgy.tif,cgy,two_color,405.0,1118.3684210526314,965.0,202.0,1476.4736842105262,1139.6842105263158,1800,1350,1800
two_color__cgm__DSC_4617cgm,DSC_4617cgm.tif,cgm,two_color,405.0,1123.0,960.6315789473684,206.05263157894737,1489.0,1136.0,1800,1350,1800
two_color__ygm__DSC_4619ygm,DSC_4619ygm.tif,ygm,two_color,491.6842105263158,1142.5263157894738,1041.6315789473683,207.4736842105263,1578.7894736842104,1141.1052631578948,1800,1350,1800
