condition,corner_label,region_index,file_i,file_j,deltaE00
full,ywm,1,DSC_4523ywm.tif,DSC_4524ywm.tif,0.11410243248407188
full,ywm,2,DSC_4523ywm.tif,DSC_4524ywm.tif,0.1431169552710258
full,ywm,3,DSC_4523ywm.tif,DSC_4524ywm.tif,0.6572696911130512
full,ywm,4,DSC_4523ywm.tif,DSC_4524ywm.tif,0.12001247708892482
full,ywm,5,DSC_4523ywm.tif,DSC_4524ywm.tif,0.127294044084306
full,ywm,6,DSC_4523ywm.tif,DSC_4524ywm.tif,0.19932265274724134
full,ywm,7,DSC_4523ywm.tif,DSC_4524ywm.tif,0.10992810418017307
full,ywm,8,DSC_4523ywm.tif,DSC_4524ywm.tif,0.18537989768234134
full,ywm,9,DSC_4523ywm.tif,DSC_4524ywm.tif,0.22241336440960968
full,ywm,10,DSC_4523ywm.tif,DSC_4524ywm.tif,0.0015823762167985365
full,ywm,11,DSC_4523ywm.tif,DSC_4524ywm.tif,0.5151281419688823
full,ywm,12,DSC_4523ywm.tif,DSC_4524ywm.tif,0.4401947260339807
full,ywm,13,DSC_4523ywm.tif,DSC_4524ywm.tif,0.19854213722607153
full,ywm,14,DSC_4523ywm.tif,DSC_4524ywm.tif,0.255000471766408
full,ywm,15,DSC_4523ywm.tif,DSC_4524ywm.tif,0.21188384993087012
full,ywm,16,DSC_4523ywm.tif,DSC_4524ywm.tif,0.16712663259859112
full,ywm,17,DSC_4523ywm.tif,DSC_4524ywm.tif,0.10956561035439513
full,ywm,18,DSC_4523ywm.tif,DSC_4524ywm.tif,0.3195766870749194
full,ywm,19,DSC_4523ywm.tif,DSC_4524ywm.tif,0.07768931549955616
full,ywm,20,DSC_4523ywm.tif,DSC_4524ywm.tif,0.10847151968120307
full,ywm,21,DSC_4523ywm.tif,DSC_4524ywm.tif,0.2260880099047252
full,ywm,22,DSC_4523ywm.tif,DSC_4524ywm.tif,0.12332035765364988
full,ywm,23,DSC_4523ywm.tif,DSC_4524ywm.tif,0.0970788066666716
full,ywm,24,DSC_4523ywm.tif,DSC_4524ywm.tif,0.08273514249255028
full,ywm,25,DSC_4523ywm.tif,DSC_4524ywm.tif,0.09545367337249758
full,ywm,26,DSC_4523ywm.tif,DSC_4524ywm.tif,0.04385067900082919
full,ywm,27,DSC_4523ywm.tif,DSC_4524ywm.tif,0.15601791629078632
full,ywm,28,DSC_4523ywm.tif,DSC_4524ywm.tif,0.0695851075678705
full,ywm,29,DSC_4523ywm.tif,DSC_4524ywm.tif,0.19432551389627695
full,ywm,30,DSC_4523ywm.tif,DSC_4524ywm.tif,0.32032005703158845
full,ywm,31,DSC_4523ywm.tif,DSC_4524ywm.tif,0.1234512233092405
full,ywm,32,DSC_4523ywm.tif,DSC_4524ywm.tif,0.6833916194772036
full,ywm,33,DSC_4523ywm.tif,DSC_4524ywm.tif,0.7678648094969792
full,ywm,34,DSC_4523ywm.tif,DSC_4524ywm.tif,0.955293310796314
full,ywm,35,DSC_4523ywm.tif,DSC_4524ywm.tif,0.5231219699464962
full,ywm,36,DSC_4523ywm.tif,DSC_4524ywm.tif,0.0923408892905177
full,ywm,37,DSC_4523ywm.tif,DSC_4524ywm.tif,0.9508002415808859
full,ywm,38,DSC_4523ywm.tif,DSC_4524ywm.tif,0.22817957601314026
full,ywm,39,DSC_4523ywm.tif,DSC_4524ywm.tif,0.4084253476345172
full,ywm,40,DSC_4523ywm.tif,DSC_4524ywm.tif,0.3879970260034669
full,ywm,41,DSC_4523ywm.tif,DSC_4524ywm.tif,0.2280645619396402
full,ywm,42,DSC_4523ywm.tif,DSC_4524ywm.tif,0.1470577113191031
full,ywm,43,DSC_4523ywm.tif,DSC_4524ywm.tif,1.2024817552476694
full,ywm,44,DSC_4523ywm.tif,DSC_4524ywm.tif,0.1851041264296281
full,ywm,45,DSC_4523ywm.tif,DSC_4524ywm.tif,0.22934556362457884
full,ywm,46,DSC_4523ywm.tif,DSC_4524ywm.tif,0.05702281371885242
full,ywm,47,DSC_4523ywm.tif,DSC_4524ywm.tif,0.30460731247029343
full,ywm,48,DSC_4523ywm.tif,DSC_4524ywm.tif,0.054868338147340705
full,ywm,49,DSC_4523ywm.tif,DSC_4524ywm.tif,0.3669242869991761
full,ywm,50,DSC_4523ywm.tif,DSC_4524ywm.tif,0.22307692964727827
full,ywm,51,DSC_4523ywm.tif,DSC_4524ywm.tif,0.7001906071893782
full,ywm,52,DSC_4523ywm.tif,DSC_4524ywm.tif,1.0968126225950792
full,ywm,53,DSC_4523ywm.tif,DSC_4524ywm.tif,0.3838763524768821
full,ywm,54,DSC_4523ywm.tif,DSC_4524ywm.tif,0.09716248933595356
full,ywm,55,DSC_4523ywm.tif,DSC_4524ywm.tif,0.19184928886517452
two_color,cym,1,cmysimpleDSC_4511.tif,cmysimpleDSC_4512.tif,0.3072166740502061
two_color,cym,2,cmysimpleDSC_4511.tif,cmysimpleDSC_4512.tif,0.1382920686512945
two_color,cym,3,cmysimpleDSC_4511.tif,cmysimpleDSC_4512.tif,0.48150514920445914
two_color,cym,4,cmysimpleDSC_4511.tif,cmysimpleDSC_4512.tif,0.15710638084916942
two_color,cym,5,cmysimpleDSC_4511.tif,cmysimpleDSC_4512.tif,0.3393396383218091
two_color,cym,6,cmysimpleDSC_4511.tif,cmysimpleDSC_4512.tif,0.09737254734985211
two_color,cym,7,cmysimpleDSC_4511.tif,cmysimpleDSC_4512.tif,0.10681290588001367
two_color,cym,8,cmysimpleDSC_4511.tif,cmysimpleDSC_4512.tif,0.30073851289956416
two_color,cym,9,cmysimpleDSC_4511.tif,cmysimpleDSC_4512.tif,0.27170795454048274
two_color,cym,10,cmysimpleDSC_4511.tif,cmysimpleDSC_4512.tif,0.12567724905813443
two_color,cym,11,cmysimpleDSC_4511.tif,cmysimpleDSC_4512.tif,0.1609751385514306
two_color,cym,12,cmysimpleDSC_4511.tif,cmysimpleDSC_4512.tif,0.4929334377299448
two_color,cym,13,cmysimpleDSC_4511.tif,cmysimpleDSC_4512.tif,0.4216040840501274
two_color,cym,14,cmysimpleDSC_4511.tif,cmysimpleDSC_4512.tif,0.16130221244387863
two_color,cym,15,cmysimpleDSC_4511.tif,cmysimpleDSC_4512.tif,0.7611806279283708
two_color,cym,16,cmysimpleDSC_4511.tif,cmysimpleDSC_4512.tif,0.2264108458887444
two_color,cym,17,cmysimpleDSC_4511.tif,cmysimpleDSC_4512.tif,0.24297459126294577
two_color,cym,18,cmysimpleDSC_4511.tif,cmysimpleDSC_4512.tif,0.276584023092773
two_color,cym,19,cmysimpleDSC_4511.tif,cmysimpleDSC_4512.tif,0.428633108746403
two_color,cym,20,cmysimpleDSC_4511.tif,cmysimpleDSC_4512.tif,0.2411991975130457
two_color,cym,21,cmysimpleDSC_4511.tif,cmysimpleDSC_4512.tif,0.07976315614864186
two_color,cym,22,cmysimpleDSC_4511.tif,cmysimpleDSC_4512.tif,0.19739834030926448
two_color,cym,23,cmysimpleDSC_4511.tif,cmysimpleDSC_4512.tif,0.2407476175227891
two_color,cym,24,cmysimpleDSC_4511.tif,cmysimpleDSC_4512.tif,0.30444850117884364
two_color,cym,25,cmysimpleDSC_4511.tif,cmysimpleDSC_4512.tif,0.22084721133518131
two_color,cym,26,cmysimpleDSC_4511.tif,cmysimpleDSC_4512.tif,0.09609051097536146
two_color,cym,27,cmysimpleDSC_4511.tif,cmysimpleDSC_4512.tif,0.7709433929828926
two_color,cym,28,cmysimpleDSC_4511.tif,cmysimpleDSC_4512.tif,1.090636705020385
two_color,cym,29,cmysimpleDSC_4511.tif,cmysimpleDSC_4512.tif,0.09859471485071011
two_color,cym,30,cmysimpleDSC_4511.tif,cmysimpleDSC_4512.tif,0.3842667841725513
